Order ID,Customer ID,Order Date,City,Category,Product,Unit Price,Quantity,Discount,Sales,Payment Method,Delivery Days
ORD00001,CUST0143,2024-08-16,Delhi,Electronics,Wireless Headphones,2499,3,0.0,7497.0,Wallet,1
ORD00002,CUST0224,2024-04-05,Chennai,Sports,Cricket Bat,1799,1,0.0,1799.0,Wallet,5
ORD00003,CUST0226,2025-03-05,Ahmedabad,Electronics,Bluetooth Speaker,1799,2,0.15,3058.3,Wallet,3
ORD00004,CUST0160,2024-10-11,Chennai,Electronics,Wireless Headphones,2499,4,0.05,9496.2,Debit Card,1
ORD00005,CUST0619,2024-12-18,Kolkata,Electronics,Smart Watch,3999,1,0.05,3799.05,UPI,6
ORD00006,CUST0566,2024-03-21,Kolkata,Beauty,Perfume,1499,1,0.1,1349.1,Wallet,7
ORD00007,CUST0678,2024-02-16,Chennai,Home & Kitchen,Bedsheet Set,1299,2,0.0,2598.0,Debit Card,1
ORD00008,CUST0651,2025-04-09,Hyderabad,Fashion,Men's T-Shirt,799,4,0.05,3036.2,Credit Card,3
ORD00009,CUST0651,2025-09-15,Bengaluru,Home & Kitchen,Water Bottle,499,3,0.0,1497.0,Wallet,6
ORD00010,CUST0656,2024-10-03,Chennai,Fashion,Men's T-Shirt,799,4,0.1,2876.4,Debit Card,7
ORD00011,CUST0275,2025-02-14,Delhi,Electronics,Wireless Headphones,2499,1,0.05,2374.05,Credit Card,5
ORD00012,CUST0147,2025-04-14,Kolkata,Home & Kitchen,Water Bottle,499,4,0.1,1796.4,Credit Card,2
ORD00013,CUST0598,2025-03-14,Pune,Sports,Dumbbell Set,2999,3,0.15,7647.45,Debit Card,2
ORD00014,CUST0113,2024-02-18,Bengaluru,Fashion,Running Shoes,2499,4,0.0,9996.0,Credit Card,7
ORD00015,CUST0611,2025-01-25,Ahmedabad,Beauty,Perfume,1499,1,0.1,1349.1,Wallet,3
ORD00016,CUST0788,2024-09-30,Hyderabad,Sports,Yoga Mat,899,1,0.15,764.15,UPI,3
ORD00017,CUST0513,2024-09-26,Bengaluru,Beauty,Face Serum,999,4,0.0,3996.0,Wallet,1
ORD00018,CUST0781,2025-01-17,Bengaluru,Home & Kitchen,Bedsheet Set,1299,2,0.0,2598.0,Wallet,7
ORD00019,CUST0115,2024-01-20,Hyderabad,Sports,Yoga Mat,899,3,0.1,2427.3,Debit Card,2
ORD00020,CUST0071,2025-05-12,Bengaluru,Electronics,Wireless Headphones,2499,1,0.0,2499.0,Credit Card,6
ORD00021,CUST0622,2025-06-24,Pune,Beauty,Perfume,1499,2,0.05,2848.1,Credit Card,5
ORD00022,CUST0449,2025-01-17,Ahmedabad,Fashion,Running Shoes,2499,3,0.1,6747.3,UPI,2
ORD00023,CUST0568,2025-08-25,Chennai,Fashion,Men's T-Shirt,799,3,0.0,2397.0,Wallet,2
ORD00024,CUST0033,2024-03-10,Hyderabad,Electronics,Wireless Headphones,2499,1,0.0,2499.0,UPI,5
ORD00025,CUST0136,2025-07-06,Ahmedabad,Fashion,Women's Handbag,1899,4,0.0,7596.0,Credit Card,7
ORD00026,CUST0675,2024-04-09,Pune,Beauty,Hair Dryer,1999,2,0.0,3998.0,Debit Card,4
ORD00027,CUST0413,2024-03-03,Hyderabad,Beauty,Hair Dryer,1999,1,0.0,1999.0,UPI,2
ORD00028,CUST0188,2025-03-08,Kolkata,Fashion,Men's T-Shirt,799,4,0.0,3196.0,Cash on Delivery,2
ORD00029,CUST0016,2025-07-07,Delhi,Electronics,Smart Watch,3999,1,0.0,3999.0,Credit Card,2
ORD00030,CUST0061,2025-02-14,Bengaluru,Beauty,Hair Dryer,1999,4,0.0,7996.0,Cash on Delivery,1
ORD00031,CUST0714,2025-03-09,Ahmedabad,Beauty,Hair Dryer,1999,4,0.05,7596.2,Credit Card,2
ORD00032,CUST0063,2025-07-09,Hyderabad,Home & Kitchen,Water Bottle,499,1,0.15,424.15,UPI,1
ORD00033,CUST0083,2025-06-04,Bengaluru,Sports,Cricket Bat,1799,2,0.0,3598.0,UPI,5
ORD00034,CUST0584,2024-05-02,Chennai,Electronics,Bluetooth Speaker,1799,2,0.1,3238.2,Wallet,5
ORD00035,CUST0579,2025-08-20,Hyderabad,Electronics,Bluetooth Speaker,1799,1,0.1,1619.1,Debit Card,2
ORD00036,CUST0688,2024-05-14,Kolkata,Home & Kitchen,Water Bottle,499,3,0.1,1347.3,Cash on Delivery,3
ORD00037,CUST0103,2025-07-30,Delhi,Electronics,Wireless Headphones,2499,4,0.15,8496.6,Wallet,2
ORD00038,CUST0251,2024-03-11,Hyderabad,Sports,Cricket Bat,1799,2,0.05,3418.1,Debit Card,2
ORD00039,CUST0009,2025-06-25,Kolkata,Beauty,Perfume,1499,3,0.15,3822.45,UPI,2
ORD00040,CUST0279,2024-06-08,Kolkata,Home & Kitchen,Water Bottle,499,1,0.15,424.15,Wallet,2
ORD00041,CUST0258,2025-05-15,Mumbai,Home & Kitchen,Water Bottle,499,3,0.15,1272.45,UPI,6
ORD00042,CUST0790,2024-12-07,Bengaluru,Beauty,Hair Dryer,1999,1,0.0,1999.0,Debit Card,2
ORD00043,CUST0115,2024-01-10,Delhi,Beauty,Perfume,1499,4,0.15,5096.6,Credit Card,5
ORD00044,CUST0043,2024-05-10,Kolkata,Electronics,Smart Watch,3999,2,0.1,7198.2,Debit Card,7
ORD00045,CUST0363,2024-04-15,Pune,Electronics,Smart Watch,3999,2,0.0,7998.0,Wallet,6
ORD00046,CUST0026,2025-02-26,Bengaluru,Fashion,Men's T-Shirt,799,2,0.0,1598.0,Debit Card,7
ORD00047,CUST0719,2024-06-12,Delhi,Beauty,Perfume,1499,2,0.05,2848.1,Cash on Delivery,7
ORD00048,CUST0359,2025-04-16,Kolkata,Electronics,Smart Watch,3999,2,0.0,7998.0,Credit Card,2
ORD00049,CUST0286,2024-12-02,Delhi,Electronics,Bluetooth Speaker,1799,2,0.1,3238.2,Debit Card,3
ORD00050,CUST0268,2024-04-28,Bengaluru,Sports,Cricket Bat,1799,3,0.0,5397.0,Wallet,3
ORD00051,CUST0447,2024-11-17,Delhi,Electronics,Wireless Headphones,2499,4,0.05,9496.2,Cash on Delivery,5
ORD00052,CUST0533,2024-01-02,Chennai,Fashion,Women's Handbag,1899,1,0.1,1709.1,Debit Card,4
ORD00053,CUST0680,2024-11-17,Delhi,Electronics,Bluetooth Speaker,1799,3,0.15,4587.45,Debit Card,5
ORD00054,CUST0714,2025-02-16,Kolkata,Home & Kitchen,Bedsheet Set,1299,4,0.05,4936.2,Wallet,2
ORD00055,CUST0583,2025-09-22,Kolkata,Fashion,Women's Handbag,1899,4,0.0,7596.0,Cash on Delivery,5
ORD00056,CUST0594,2025-03-16,Hyderabad,Electronics,Smart Watch,3999,3,0.0,11997.0,Cash on Delivery,4
ORD00057,CUST0754,2025-04-29,Bengaluru,Beauty,Perfume,1499,2,0.15,2548.3,UPI,3
ORD00058,CUST0689,2024-08-28,Kolkata,Sports,Dumbbell Set,2999,3,0.0,8997.0,Credit Card,7
ORD00059,CUST0487,2024-09-07,Delhi,Fashion,Men's T-Shirt,799,1,0.0,799.0,Cash on Delivery,4
ORD00060,CUST0250,2025-02-13,Bengaluru,Sports,Yoga Mat,899,4,0.1,3236.4,UPI,7
ORD00061,CUST0476,2025-06-14,Mumbai,Electronics,Smart Watch,3999,2,0.0,7998.0,Wallet,2
ORD00062,CUST0573,2025-06-27,Hyderabad,Electronics,Smart Watch,3999,2,0.1,7198.2,Cash on Delivery,5
ORD00063,CUST0461,2025-05-01,Kolkata,Sports,Cricket Bat,1799,4,0.0,7196.0,Credit Card,7
ORD00064,CUST0451,2024-10-08,Delhi,Home & Kitchen,Bedsheet Set,1299,4,0.0,5196.0,Debit Card,2
ORD00065,CUST0142,2024-03-23,Bengaluru,Home & Kitchen,Coffee Maker,3499,3,0.15,8922.45,Credit Card,4
ORD00066,CUST0418,2025-02-28,Hyderabad,Fashion,Running Shoes,2499,2,0.0,4998.0,Wallet,4
ORD00067,CUST0789,2025-02-02,Mumbai,Beauty,Face Serum,999,2,0.1,1798.2,Wallet,4
ORD00068,CUST0430,2025-02-03,Chennai,Beauty,Face Serum,999,3,0.05,2847.15,Cash on Delivery,2
ORD00069,CUST0345,2025-02-02,Pune,Home & Kitchen,Coffee Maker,3499,4,0.0,13996.0,Credit Card,7
ORD00070,CUST0578,2025-08-29,Mumbai,Beauty,Face Serum,999,1,0.1,899.1,UPI,6
ORD00071,CUST0267,2024-02-21,Pune,Beauty,Face Serum,999,4,0.0,3996.0,Debit Card,2
ORD00072,CUST0771,2024-10-11,Pune,Beauty,Hair Dryer,1999,3,0.1,5397.3,Debit Card,7
ORD00073,CUST0359,2024-02-23,Chennai,Electronics,Smart Watch,3999,1,0.15,3399.15,UPI,7
ORD00074,CUST0637,2024-01-21,Bengaluru,Electronics,Wireless Headphones,2499,2,0.0,4998.0,Credit Card,2
ORD00075,CUST0477,2024-08-11,Kolkata,Beauty,Perfume,1499,1,0.15,1274.15,Debit Card,2
ORD00076,CUST0111,2024-11-14,Mumbai,Sports,Dumbbell Set,2999,1,0.0,2999.0,Debit Card,5
ORD00077,CUST0708,2025-08-29,Chennai,Beauty,Hair Dryer,1999,2,0.0,3998.0,UPI,6
ORD00078,CUST0356,2024-02-12,Pune,Home & Kitchen,Bedsheet Set,1299,1,0.15,1104.15,Debit Card,1
ORD00079,CUST0502,2025-03-06,Delhi,Sports,Dumbbell Set,2999,3,0.0,8997.0,Cash on Delivery,3
ORD00080,CUST0752,2024-06-29,Kolkata,Beauty,Perfume,1499,2,0.1,2698.2,Wallet,7
ORD00081,CUST0275,2025-08-29,Hyderabad,Sports,Cricket Bat,1799,4,0.1,6476.4,Credit Card,7
ORD00082,CUST0584,2025-04-20,Pune,Electronics,Smart Watch,3999,4,0.0,15996.0,Debit Card,1
ORD00083,CUST0364,2024-08-05,Kolkata,Beauty,Hair Dryer,1999,2,0.1,3598.2,Debit Card,3
ORD00084,CUST0530,2024-01-11,Chennai,Sports,Dumbbell Set,2999,3,0.15,7647.45,UPI,2
ORD00085,CUST0459,2025-05-17,Mumbai,Beauty,Hair Dryer,1999,2,0.1,3598.2,UPI,3
ORD00086,CUST0378,2025-08-18,Ahmedabad,Fashion,Women's Handbag,1899,2,0.05,3608.1,Wallet,5
ORD00087,CUST0278,2025-04-09,Kolkata,Home & Kitchen,Coffee Maker,3499,3,0.05,9972.15,Debit Card,2
ORD00088,CUST0761,2024-05-02,Bengaluru,Electronics,Bluetooth Speaker,1799,2,0.05,3418.1,Credit Card,2
ORD00089,CUST0304,2024-07-17,Chennai,Beauty,Hair Dryer,1999,3,0.0,5997.0,Debit Card,2
ORD00090,CUST0056,2024-02-16,Kolkata,Home & Kitchen,Water Bottle,499,2,0.05,948.1,Credit Card,6
ORD00091,CUST0481,2024-10-18,Ahmedabad,Beauty,Face Serum,999,1,0.15,849.15,Cash on Delivery,3
ORD00092,CUST0067,2024-04-26,Pune,Fashion,Men's T-Shirt,799,3,0.1,2157.3,Cash on Delivery,1
ORD00093,CUST0577,2024-06-01,Kolkata,Sports,Dumbbell Set,2999,1,0.0,2999.0,UPI,2
ORD00094,CUST0634,2025-09-02,Chennai,Electronics,Bluetooth Speaker,1799,4,0.15,6116.6,Wallet,4
ORD00095,CUST0313,2025-03-15,Mumbai,Beauty,Hair Dryer,1999,3,0.15,5097.45,Wallet,6
ORD00096,CUST0161,2024-03-24,Chennai,Electronics,Wireless Headphones,2499,2,0.05,4748.1,Credit Card,5
ORD00097,CUST0706,2025-04-06,Ahmedabad,Electronics,Wireless Headphones,2499,1,0.1,2249.1,Debit Card,1
ORD00098,CUST0704,2024-03-13,Chennai,Fashion,Women's Handbag,1899,3,0.1,5127.3,Debit Card,7
ORD00099,CUST0558,2024-04-27,Chennai,Sports,Dumbbell Set,2999,2,0.1,5398.2,Credit Card,3
ORD00100,CUST0610,2024-11-10,Kolkata,Fashion,Men's T-Shirt,799,1,0.0,799.0,Cash on Delivery,1
ORD00101,CUST0513,2024-10-05,Ahmedabad,Beauty,Perfume,1499,3,0.1,4047.3,Cash on Delivery,1
ORD00102,CUST0257,2025-09-10,Mumbai,Sports,Yoga Mat,899,4,0.05,3416.2,UPI,2
ORD00103,CUST0042,2025-08-13,Bengaluru,Sports,Dumbbell Set,2999,1,0.05,2849.05,Cash on Delivery,5
ORD00104,CUST0651,2025-03-22,Ahmedabad,Beauty,Hair Dryer,1999,2,0.15,3398.3,UPI,4
ORD00105,CUST0165,2024-04-17,Hyderabad,Home & Kitchen,Coffee Maker,3499,3,0.05,9972.15,Cash on Delivery,6
ORD00106,CUST0466,2024-02-07,Delhi,Beauty,Hair Dryer,1999,4,0.15,6796.6,Debit Card,3
ORD00107,CUST0674,2024-01-02,Ahmedabad,Home & Kitchen,Water Bottle,499,4,0.15,1696.6,Cash on Delivery,1
ORD00108,CUST0641,2025-05-25,Ahmedabad,Fashion,Running Shoes,2499,3,0.15,6372.45,UPI,2
ORD00109,CUST0716,2025-03-24,Ahmedabad,Home & Kitchen,Bedsheet Set,1299,2,0.05,2468.1,UPI,1
ORD00110,CUST0015,2025-07-18,Pune,Sports,Yoga Mat,899,2,0.05,1708.1,UPI,2
ORD00111,CUST0734,2025-05-25,Kolkata,Electronics,Smart Watch,3999,1,0.0,3999.0,Wallet,6
ORD00112,CUST0468,2024-09-06,Bengaluru,Home & Kitchen,Coffee Maker,3499,4,0.1,12596.4,Cash on Delivery,2
ORD00113,CUST0792,2024-10-09,Pune,Sports,Dumbbell Set,2999,2,0.0,5998.0,Debit Card,7
ORD00114,CUST0602,2024-11-01,Ahmedabad,Sports,Cricket Bat,1799,1,0.05,1709.05,Credit Card,4
ORD00115,CUST0782,2025-07-19,Pune,Sports,Cricket Bat,1799,3,0.05,5127.15,Cash on Delivery,3
ORD00116,CUST0240,2025-01-27,Pune,Fashion,Running Shoes,2499,2,0.15,4248.3,UPI,3
ORD00117,CUST0508,2024-06-04,Mumbai,Beauty,Perfume,1499,4,0.1,5396.4,Credit Card,5
ORD00118,CUST0539,2024-04-12,Ahmedabad,Sports,Cricket Bat,1799,1,0.1,1619.1,UPI,6
ORD00119,CUST0272,2025-04-25,Hyderabad,Fashion,Women's Handbag,1899,2,0.0,3798.0,Wallet,6
ORD00120,CUST0390,2025-06-30,Hyderabad,Beauty,Perfume,1499,1,0.05,1424.05,Cash on Delivery,7
ORD00121,CUST0233,2024-10-21,Delhi,Sports,Yoga Mat,899,1,0.0,899.0,Cash on Delivery,1
ORD00122,CUST0048,2024-01-30,Hyderabad,Electronics,Smart Watch,3999,2,0.05,7598.1,UPI,3
ORD00123,CUST0544,2024-09-07,Pune,Home & Kitchen,Coffee Maker,3499,4,0.0,13996.0,Wallet,6
ORD00124,CUST0392,2025-09-16,Chennai,Fashion,Men's T-Shirt,799,2,0.0,1598.0,Cash on Delivery,5
ORD00125,CUST0262,2025-04-15,Mumbai,Fashion,Men's T-Shirt,799,4,0.05,3036.2,Cash on Delivery,3
ORD00126,CUST0602,2024-12-19,Kolkata,Sports,Yoga Mat,899,1,0.1,809.1,Cash on Delivery,6
ORD00127,CUST0495,2025-01-28,Delhi,Home & Kitchen,Coffee Maker,3499,3,0.0,10497.0,Credit Card,4
ORD00128,CUST0675,2024-01-23,Pune,Sports,Cricket Bat,1799,3,0.05,5127.15,Debit Card,1
ORD00129,CUST0294,2025-05-23,Chennai,Sports,Dumbbell Set,2999,1,0.15,2549.15,Wallet,7
ORD00130,CUST0695,2024-09-13,Bengaluru,Home & Kitchen,Water Bottle,499,2,0.15,848.3,UPI,6
ORD00131,CUST0374,2025-08-16,Bengaluru,Electronics,Smart Watch,3999,4,0.0,15996.0,UPI,3
ORD00132,CUST0136,2024-07-24,Hyderabad,Home & Kitchen,Bedsheet Set,1299,4,0.0,5196.0,Wallet,5
ORD00133,CUST0765,2024-10-29,Hyderabad,Home & Kitchen,Water Bottle,499,3,0.1,1347.3,UPI,4
ORD00134,CUST0375,2025-07-24,Delhi,Electronics,Wireless Headphones,2499,2,0.1,4498.2,Cash on Delivery,1
ORD00135,CUST0689,2025-01-12,Kolkata,Home & Kitchen,Bedsheet Set,1299,1,0.1,1169.1,Wallet,4
ORD00136,CUST0635,2024-01-26,Hyderabad,Home & Kitchen,Water Bottle,499,2,0.1,898.2,Wallet,2
ORD00137,CUST0120,2025-02-22,Bengaluru,Electronics,Bluetooth Speaker,1799,4,0.05,6836.2,UPI,1
ORD00138,CUST0551,2024-08-28,Bengaluru,Home & Kitchen,Coffee Maker,3499,1,0.0,3499.0,Cash on Delivery,4
ORD00139,CUST0425,2024-06-07,Delhi,Home & Kitchen,Bedsheet Set,1299,4,0.15,4416.6,Cash on Delivery,5
ORD00140,CUST0455,2024-08-10,Ahmedabad,Beauty,Hair Dryer,1999,1,0.05,1899.05,Credit Card,7
ORD00141,CUST0063,2025-01-02,Pune,Home & Kitchen,Water Bottle,499,3,0.15,1272.45,Debit Card,2
ORD00142,CUST0022,2025-09-03,Mumbai,Electronics,Smart Watch,3999,1,0.0,3999.0,Debit Card,2
ORD00143,CUST0213,2025-07-21,Chennai,Fashion,Running Shoes,2499,2,0.0,4998.0,Credit Card,3
ORD00144,CUST0134,2024-05-28,Kolkata,Fashion,Running Shoes,2499,1,0.05,2374.05,Credit Card,1
ORD00145,CUST0603,2024-08-31,Hyderabad,Electronics,Wireless Headphones,2499,1,0.05,2374.05,UPI,2
ORD00146,CUST0117,2025-06-22,Delhi,Home & Kitchen,Water Bottle,499,2,0.1,898.2,Cash on Delivery,4
ORD00147,CUST0227,2025-05-30,Mumbai,Home & Kitchen,Bedsheet Set,1299,1,0.1,1169.1,Wallet,3
ORD00148,CUST0412,2025-05-05,Pune,Beauty,Perfume,1499,1,0.0,1499.0,UPI,4
ORD00149,CUST0152,2025-09-14,Delhi,Beauty,Face Serum,999,1,0.05,949.05,Credit Card,3
ORD00150,CUST0544,2025-09-03,Kolkata,Sports,Dumbbell Set,2999,3,0.1,8097.3,Cash on Delivery,5
ORD00151,CUST0739,2025-07-18,Chennai,Sports,Cricket Bat,1799,1,0.0,1799.0,Cash on Delivery,4
ORD00152,CUST0426,2025-02-12,Delhi,Fashion,Women's Handbag,1899,3,0.1,5127.3,Debit Card,4
ORD00153,CUST0704,2024-06-05,Ahmedabad,Home & Kitchen,Bedsheet Set,1299,3,0.05,3702.15,UPI,1
ORD00154,CUST0134,2025-01-16,Mumbai,Electronics,Wireless Headphones,2499,4,0.0,9996.0,Wallet,5
ORD00155,CUST0682,2024-12-28,Pune,Sports,Cricket Bat,1799,1,0.1,1619.1,UPI,3
ORD00156,CUST0520,2025-08-14,Chennai,Sports,Cricket Bat,1799,3,0.0,5397.0,Credit Card,6
ORD00157,CUST0377,2025-07-23,Delhi,Beauty,Face Serum,999,1,0.05,949.05,Debit Card,5
ORD00158,CUST0030,2024-09-30,Bengaluru,Fashion,Women's Handbag,1899,1,0.15,1614.15,Debit Card,6
ORD00159,CUST0147,2024-07-04,Pune,Home & Kitchen,Coffee Maker,3499,3,0.0,10497.0,UPI,2
ORD00160,CUST0465,2025-03-05,Hyderabad,Electronics,Wireless Headphones,2499,2,0.1,4498.2,Credit Card,3
ORD00161,CUST0087,2025-09-02,Mumbai,Home & Kitchen,Bedsheet Set,1299,3,0.15,3312.45,Credit Card,2
ORD00162,CUST0678,2025-03-29,Pune,Sports,Yoga Mat,899,1,0.05,854.05,Cash on Delivery,5
ORD00163,CUST0117,2025-06-08,Hyderabad,Beauty,Hair Dryer,1999,3,0.0,5997.0,Cash on Delivery,1
ORD00164,CUST0047,2024-11-11,Chennai,Home & Kitchen,Bedsheet Set,1299,4,0.15,4416.6,Cash on Delivery,5
ORD00165,CUST0786,2024-08-04,Bengaluru,Electronics,Wireless Headphones,2499,2,0.05,4748.1,Debit Card,3
ORD00166,CUST0180,2025-03-16,Bengaluru,Home & Kitchen,Water Bottle,499,1,0.1,449.1,Cash on Delivery,5
ORD00167,CUST0760,2025-02-10,Mumbai,Fashion,Running Shoes,2499,3,0.0,7497.0,Cash on Delivery,1
ORD00168,CUST0588,2025-03-15,Pune,Beauty,Face Serum,999,3,0.15,2547.45,Cash on Delivery,3
ORD00169,CUST0633,2024-06-24,Ahmedabad,Electronics,Smart Watch,3999,1,0.05,3799.05,Debit Card,1
ORD00170,CUST0411,2025-08-26,Delhi,Beauty,Face Serum,999,2,0.1,1798.2,Cash on Delivery,7
ORD00171,CUST0798,2024-12-07,Bengaluru,Home & Kitchen,Bedsheet Set,1299,3,0.0,3897.0,UPI,5
ORD00172,CUST0745,2024-12-25,Bengaluru,Electronics,Bluetooth Speaker,1799,2,0.05,3418.1,Credit Card,1
ORD00173,CUST0157,2025-09-08,Delhi,Fashion,Women's Handbag,1899,2,0.0,3798.0,Credit Card,7
ORD00174,CUST0643,2024-11-26,Hyderabad,Beauty,Hair Dryer,1999,4,0.15,6796.6,Credit Card,4
ORD00175,CUST0606,2024-10-08,Mumbai,Electronics,Smart Watch,3999,4,0.05,15196.2,Debit Card,5
ORD00176,CUST0059,2024-02-08,Hyderabad,Electronics,Smart Watch,3999,4,0.1,14396.4,Debit Card,1
ORD00177,CUST0568,2025-08-17,Mumbai,Electronics,Bluetooth Speaker,1799,4,0.1,6476.4,Cash on Delivery,7
ORD00178,CUST0488,2025-09-11,Bengaluru,Sports,Dumbbell Set,2999,2,0.05,5698.1,UPI,4
ORD00179,CUST0041,2024-06-25,Chennai,Electronics,Smart Watch,3999,1,0.15,3399.15,Cash on Delivery,4
ORD00180,CUST0290,2025-01-16,Pune,Sports,Dumbbell Set,2999,2,0.05,5698.1,Cash on Delivery,7
ORD00181,CUST0338,2024-03-08,Delhi,Home & Kitchen,Bedsheet Set,1299,1,0.05,1234.05,Wallet,6
ORD00182,CUST0342,2024-06-02,Delhi,Beauty,Hair Dryer,1999,3,0.15,5097.45,Wallet,6
ORD00183,CUST0610,2024-05-12,Delhi,Fashion,Women's Handbag,1899,3,0.1,5127.3,Debit Card,5
ORD00184,CUST0096,2025-06-23,Pune,Beauty,Perfume,1499,3,0.0,4497.0,Wallet,3
ORD00185,CUST0350,2024-08-07,Ahmedabad,Electronics,Smart Watch,3999,3,0.0,11997.0,Credit Card,2
ORD00186,CUST0520,2024-04-13,Mumbai,Fashion,Men's T-Shirt,799,1,0.05,759.05,Debit Card,7
ORD00187,CUST0186,2024-06-15,Bengaluru,Sports,Yoga Mat,899,4,0.0,3596.0,Cash on Delivery,1
ORD00188,CUST0292,2025-09-17,Ahmedabad,Beauty,Hair Dryer,1999,2,0.1,3598.2,Credit Card,5
ORD00189,CUST0695,2025-01-11,Ahmedabad,Fashion,Women's Handbag,1899,4,0.0,7596.0,Cash on Delivery,7
ORD00190,CUST0620,2024-07-23,Bengaluru,Home & Kitchen,Coffee Maker,3499,4,0.0,13996.0,Debit Card,1
ORD00191,CUST0292,2024-05-07,Delhi,Beauty,Hair Dryer,1999,1,0.15,1699.15,Credit Card,3
ORD00192,CUST0228,2024-04-03,Ahmedabad,Beauty,Perfume,1499,2,0.1,2698.2,Debit Card,1
ORD00193,CUST0242,2025-01-17,Pune,Beauty,Face Serum,999,4,0.15,3396.6,UPI,3
ORD00194,CUST0150,2024-12-09,Bengaluru,Fashion,Men's T-Shirt,799,3,0.0,2397.0,UPI,3
ORD00195,CUST0631,2025-04-04,Mumbai,Beauty,Perfume,1499,2,0.1,2698.2,UPI,1
ORD00196,CUST0541,2025-09-15,Pune,Home & Kitchen,Water Bottle,499,2,0.15,848.3,UPI,7
ORD00197,CUST0245,2024-02-18,Pune,Home & Kitchen,Water Bottle,499,3,0.0,1497.0,Wallet,4
ORD00198,CUST0017,2025-07-02,Chennai,Electronics,Wireless Headphones,2499,4,0.15,8496.6,Credit Card,3
ORD00199,CUST0427,2025-08-07,Bengaluru,Beauty,Face Serum,999,3,0.0,2997.0,UPI,5
ORD00200,CUST0045,2025-04-26,Pune,Home & Kitchen,Water Bottle,499,1,0.1,449.1,Debit Card,3
ORD00201,CUST0751,2024-09-03,Delhi,Electronics,Smart Watch,3999,1,0.05,3799.05,Wallet,6
ORD00202,CUST0347,2025-07-13,Bengaluru,Home & Kitchen,Water Bottle,499,1,0.05,474.05,Cash on Delivery,6
ORD00203,CUST0734,2024-03-05,Ahmedabad,Beauty,Perfume,1499,2,0.0,2998.0,UPI,3
ORD00204,CUST0318,2024-11-19,Pune,Fashion,Men's T-Shirt,799,2,0.0,1598.0,Wallet,4
ORD00205,CUST0800,2024-12-31,Mumbai,Home & Kitchen,Water Bottle,499,2,0.05,948.1,Debit Card,3
ORD00206,CUST0396,2025-03-26,Hyderabad,Electronics,Smart Watch,3999,4,0.1,14396.4,Credit Card,4
ORD00207,CUST0081,2025-03-10,Pune,Beauty,Hair Dryer,1999,3,0.0,5997.0,Wallet,7
ORD00208,CUST0082,2024-04-15,Hyderabad,Fashion,Running Shoes,2499,3,0.05,7122.15,Debit Card,3
ORD00209,CUST0360,2025-03-30,Ahmedabad,Beauty,Perfume,1499,4,0.0,5996.0,UPI,6
ORD00210,CUST0077,2024-02-28,Pune,Home & Kitchen,Bedsheet Set,1299,4,0.05,4936.2,Debit Card,5
ORD00211,CUST0036,2025-03-24,Bengaluru,Fashion,Men's T-Shirt,799,2,0.15,1358.3,UPI,2
ORD00212,CUST0620,2024-02-03,Bengaluru,Home & Kitchen,Coffee Maker,3499,4,0.15,11896.6,Cash on Delivery,3
ORD00213,CUST0543,2024-05-20,Hyderabad,Home & Kitchen,Coffee Maker,3499,1,0.15,2974.15,Cash on Delivery,3
ORD00214,CUST0512,2024-07-09,Pune,Home & Kitchen,Water Bottle,499,1,0.0,499.0,Wallet,1
ORD00215,CUST0293,2025-09-18,Ahmedabad,Home & Kitchen,Coffee Maker,3499,4,0.0,13996.0,Credit Card,1
ORD00216,CUST0090,2025-03-31,Hyderabad,Fashion,Men's T-Shirt,799,4,0.0,3196.0,Debit Card,6
ORD00217,CUST0729,2024-06-10,Bengaluru,Electronics,Bluetooth Speaker,1799,3,0.05,5127.15,Debit Card,5
ORD00218,CUST0506,2024-08-30,Mumbai,Fashion,Men's T-Shirt,799,2,0.0,1598.0,Debit Card,5
ORD00219,CUST0627,2024-05-12,Delhi,Sports,Cricket Bat,1799,4,0.15,6116.6,UPI,3
ORD00220,CUST0788,2025-02-24,Pune,Beauty,Perfume,1499,4,0.15,5096.6,Wallet,1
ORD00221,CUST0697,2025-04-22,Hyderabad,Fashion,Women's Handbag,1899,1,0.1,1709.1,Credit Card,7
ORD00222,CUST0515,2025-03-19,Mumbai,Sports,Dumbbell Set,2999,2,0.0,5998.0,UPI,5
ORD00223,CUST0727,2024-11-26,Chennai,Fashion,Women's Handbag,1899,2,0.0,3798.0,Debit Card,5
ORD00224,CUST0282,2025-07-18,Bengaluru,Home & Kitchen,Water Bottle,499,3,0.0,1497.0,Debit Card,5
ORD00225,CUST0158,2025-08-17,Bengaluru,Sports,Yoga Mat,899,2,0.15,1528.3,Wallet,6
ORD00226,CUST0047,2024-03-24,Kolkata,Sports,Cricket Bat,1799,1,0.0,1799.0,Credit Card,7
ORD00227,CUST0297,2025-07-12,Kolkata,Sports,Cricket Bat,1799,1,0.1,1619.1,Cash on Delivery,2
ORD00228,CUST0162,2024-03-02,Ahmedabad,Beauty,Hair Dryer,1999,4,0.0,7996.0,Cash on Delivery,4
ORD00229,CUST0321,2024-05-27,Hyderabad,Beauty,Face Serum,999,3,0.15,2547.45,Debit Card,4
ORD00230,CUST0478,2024-09-04,Delhi,Fashion,Women's Handbag,1899,1,0.05,1804.05,Debit Card,4
ORD00231,CUST0394,2024-10-24,Pune,Fashion,Men's T-Shirt,799,1,0.0,799.0,Credit Card,7
ORD00232,CUST0511,2024-06-12,Ahmedabad,Fashion,Women's Handbag,1899,3,0.0,5697.0,Cash on Delivery,3
ORD00233,CUST0469,2025-06-01,Chennai,Beauty,Face Serum,999,1,0.1,899.1,Credit Card,5
ORD00234,CUST0612,2025-05-21,Ahmedabad,Home & Kitchen,Water Bottle,499,1,0.05,474.05,Debit Card,5
ORD00235,CUST0745,2024-09-27,Hyderabad,Electronics,Wireless Headphones,2499,4,0.0,9996.0,Cash on Delivery,3
ORD00236,CUST0200,2025-07-29,Hyderabad,Electronics,Smart Watch,3999,1,0.15,3399.15,Wallet,3
ORD00237,CUST0639,2024-10-13,Delhi,Electronics,Smart Watch,3999,4,0.15,13596.6,Credit Card,1
ORD00238,CUST0774,2025-01-09,Bengaluru,Beauty,Hair Dryer,1999,3,0.15,5097.45,Credit Card,5
ORD00239,CUST0141,2024-02-09,Hyderabad,Sports,Cricket Bat,1799,1,0.0,1799.0,Cash on Delivery,5
ORD00240,CUST0327,2025-09-19,Bengaluru,Beauty,Face Serum,999,2,0.05,1898.1,Cash on Delivery,5
ORD00241,CUST0546,2025-06-05,Ahmedabad,Home & Kitchen,Bedsheet Set,1299,3,0.15,3312.45,Wallet,3
ORD00242,CUST0427,2024-04-22,Kolkata,Beauty,Face Serum,999,3,0.05,2847.15,UPI,5
ORD00243,CUST0492,2025-08-20,Bengaluru,Beauty,Hair Dryer,1999,2,0.0,3998.0,Wallet,6
ORD00244,CUST0587,2024-02-02,Delhi,Sports,Cricket Bat,1799,2,0.0,3598.0,Credit Card,1
ORD00245,CUST0708,2025-02-26,Chennai,Beauty,Hair Dryer,1999,4,0.0,7996.0,Cash on Delivery,5
ORD00246,CUST0213,2025-06-15,Hyderabad,Sports,Cricket Bat,1799,1,0.0,1799.0,Cash on Delivery,5
ORD00247,CUST0351,2025-06-29,Hyderabad,Beauty,Hair Dryer,1999,2,0.1,3598.2,Debit Card,5
ORD00248,CUST0306,2025-07-25,Chennai,Beauty,Face Serum,999,2,0.05,1898.1,Debit Card,7
ORD00249,CUST0492,2024-11-20,Hyderabad,Home & Kitchen,Bedsheet Set,1299,2,0.1,2338.2,Wallet,7
ORD00250,CUST0389,2025-07-10,Pune,Home & Kitchen,Coffee Maker,3499,1,0.15,2974.15,Debit Card,7
ORD00251,CUST0355,2024-03-21,Ahmedabad,Fashion,Women's Handbag,1899,1,0.05,1804.05,Debit Card,6
ORD00252,CUST0576,2024-10-04,Kolkata,Beauty,Face Serum,999,2,0.15,1698.3,Credit Card,1
ORD00253,CUST0686,2024-02-21,Chennai,Sports,Dumbbell Set,2999,2,0.0,5998.0,Credit Card,1
ORD00254,CUST0698,2024-04-12,Bengaluru,Electronics,Smart Watch,3999,3,0.1,10797.3,UPI,5
ORD00255,CUST0775,2024-07-23,Kolkata,Fashion,Women's Handbag,1899,4,0.1,6836.4,Debit Card,3
ORD00256,CUST0180,2024-02-08,Pune,Electronics,Wireless Headphones,2499,2,0.15,4248.3,Credit Card,1
ORD00257,CUST0010,2024-02-08,Kolkata,Beauty,Hair Dryer,1999,2,0.05,3798.1,Wallet,5
ORD00258,CUST0537,2025-07-10,Ahmedabad,Electronics,Smart Watch,3999,3,0.1,10797.3,Credit Card,7
ORD00259,CUST0339,2024-04-25,Bengaluru,Sports,Cricket Bat,1799,3,0.0,5397.0,Cash on Delivery,6
ORD00260,CUST0303,2024-12-11,Chennai,Home & Kitchen,Bedsheet Set,1299,2,0.0,2598.0,Credit Card,5
ORD00261,CUST0686,2025-02-14,Delhi,Beauty,Hair Dryer,1999,3,0.0,5997.0,Credit Card,2
ORD00262,CUST0393,2024-09-24,Chennai,Beauty,Hair Dryer,1999,2,0.0,3998.0,Cash on Delivery,7
ORD00263,CUST0012,2025-08-09,Kolkata,Home & Kitchen,Coffee Maker,3499,3,0.15,8922.45,Debit Card,6
ORD00264,CUST0164,2024-11-10,Pune,Fashion,Men's T-Shirt,799,1,0.1,719.1,Wallet,6
ORD00265,CUST0630,2025-01-11,Chennai,Home & Kitchen,Bedsheet Set,1299,1,0.05,1234.05,Credit Card,2
ORD00266,CUST0426,2025-01-17,Ahmedabad,Beauty,Face Serum,999,4,0.15,3396.6,Wallet,7
ORD00267,CUST0541,2025-04-02,Hyderabad,Fashion,Men's T-Shirt,799,1,0.15,679.15,UPI,5
ORD00268,CUST0154,2025-07-03,Bengaluru,Electronics,Wireless Headphones,2499,2,0.15,4248.3,Debit Card,7
ORD00269,CUST0501,2025-08-20,Delhi,Sports,Cricket Bat,1799,1,0.0,1799.0,Wallet,4
ORD00270,CUST0468,2025-03-01,Mumbai,Electronics,Smart Watch,3999,2,0.15,6798.3,Wallet,4
ORD00271,CUST0004,2024-09-17,Chennai,Home & Kitchen,Bedsheet Set,1299,1,0.1,1169.1,Wallet,1
ORD00272,CUST0062,2025-07-08,Delhi,Electronics,Smart Watch,3999,3,0.0,11997.0,Cash on Delivery,1
ORD00273,CUST0384,2025-03-06,Pune,Home & Kitchen,Coffee Maker,3499,2,0.0,6998.0,Cash on Delivery,7
ORD00274,CUST0670,2024-05-16,Hyderabad,Beauty,Hair Dryer,1999,1,0.15,1699.15,UPI,2
ORD00275,CUST0775,2024-01-04,Mumbai,Sports,Cricket Bat,1799,2,0.0,3598.0,Debit Card,4
ORD00276,CUST0472,2024-09-10,Hyderabad,Sports,Cricket Bat,1799,4,0.0,7196.0,Credit Card,3
ORD00277,CUST0630,2025-03-05,Mumbai,Fashion,Running Shoes,2499,1,0.0,2499.0,Credit Card,2
ORD00278,CUST0689,2025-09-04,Mumbai,Electronics,Wireless Headphones,2499,1,0.1,2249.1,Credit Card,6
ORD00279,CUST0223,2025-07-06,Mumbai,Electronics,Smart Watch,3999,4,0.0,15996.0,Credit Card,5
ORD00280,CUST0792,2025-09-04,Hyderabad,Home & Kitchen,Water Bottle,499,3,0.15,1272.45,Credit Card,3
ORD00281,CUST0282,2024-11-03,Mumbai,Fashion,Running Shoes,2499,2,0.1,4498.2,Wallet,5
ORD00282,CUST0049,2025-05-22,Hyderabad,Fashion,Running Shoes,2499,4,0.15,8496.6,Cash on Delivery,7
ORD00283,CUST0308,2024-06-01,Pune,Sports,Cricket Bat,1799,4,0.1,6476.4,Credit Card,7
ORD00284,CUST0725,2024-11-03,Bengaluru,Sports,Cricket Bat,1799,2,0.0,3598.0,Cash on Delivery,1
ORD00285,CUST0138,2025-06-26,Pune,Sports,Cricket Bat,1799,4,0.15,6116.6,Credit Card,3
ORD00286,CUST0095,2025-01-14,Chennai,Fashion,Women's Handbag,1899,1,0.1,1709.1,UPI,3
ORD00287,CUST0780,2024-07-11,Chennai,Beauty,Perfume,1499,1,0.0,1499.0,Cash on Delivery,2
ORD00288,CUST0760,2024-07-13,Delhi,Home & Kitchen,Coffee Maker,3499,1,0.0,3499.0,Cash on Delivery,2
ORD00289,CUST0566,2024-09-02,Hyderabad,Sports,Dumbbell Set,2999,2,0.1,5398.2,Debit Card,4
ORD00290,CUST0369,2024-09-24,Ahmedabad,Beauty,Perfume,1499,3,0.05,4272.15,Cash on Delivery,1
ORD00291,CUST0424,2024-11-16,Mumbai,Beauty,Hair Dryer,1999,2,0.05,3798.1,Wallet,7
ORD00292,CUST0567,2024-09-24,Pune,Fashion,Running Shoes,2499,2,0.0,4998.0,Debit Card,2
ORD00293,CUST0252,2025-08-06,Ahmedabad,Fashion,Women's Handbag,1899,2,0.1,3418.2,Wallet,6
ORD00294,CUST0173,2025-04-16,Hyderabad,Home & Kitchen,Coffee Maker,3499,4,0.1,12596.4,Credit Card,2
ORD00295,CUST0537,2024-03-01,Mumbai,Sports,Cricket Bat,1799,2,0.15,3058.3,UPI,7
ORD00296,CUST0070,2024-08-24,Bengaluru,Electronics,Wireless Headphones,2499,4,0.0,9996.0,UPI,2
ORD00297,CUST0654,2025-09-24,Ahmedabad,Sports,Cricket Bat,1799,3,0.0,5397.0,Cash on Delivery,1
ORD00298,CUST0543,2024-01-18,Kolkata,Electronics,Bluetooth Speaker,1799,4,0.0,7196.0,Wallet,3
ORD00299,CUST0099,2024-04-19,Bengaluru,Electronics,Bluetooth Speaker,1799,4,0.0,7196.0,Credit Card,2
ORD00300,CUST0407,2024-09-30,Delhi,Sports,Dumbbell Set,2999,3,0.05,8547.15,Debit Card,4
ORD00301,CUST0701,2024-11-03,Delhi,Beauty,Perfume,1499,2,0.0,2998.0,UPI,1
ORD00302,CUST0058,2025-05-02,Mumbai,Beauty,Hair Dryer,1999,4,0.15,6796.6,Credit Card,1
ORD00303,CUST0541,2024-04-07,Mumbai,Beauty,Hair Dryer,1999,3,0.15,5097.45,Credit Card,2
ORD00304,CUST0701,2024-03-17,Kolkata,Sports,Cricket Bat,1799,3,0.0,5397.0,Wallet,5
ORD00305,CUST0602,2024-07-31,Bengaluru,Electronics,Wireless Headphones,2499,3,0.0,7497.0,Cash on Delivery,1
ORD00306,CUST0694,2025-02-02,Hyderabad,Home & Kitchen,Water Bottle,499,2,0.15,848.3,Cash on Delivery,7
ORD00307,CUST0055,2024-12-20,Delhi,Fashion,Running Shoes,2499,1,0.15,2124.15,Cash on Delivery,2
ORD00308,CUST0650,2024-01-31,Kolkata,Electronics,Smart Watch,3999,4,0.05,15196.2,Cash on Delivery,4
ORD00309,CUST0697,2024-07-09,Pune,Fashion,Women's Handbag,1899,4,0.1,6836.4,UPI,7
ORD00310,CUST0275,2024-03-25,Bengaluru,Sports,Cricket Bat,1799,2,0.0,3598.0,Cash on Delivery,6
ORD00311,CUST0110,2025-01-04,Delhi,Fashion,Running Shoes,2499,4,0.05,9496.2,UPI,3
ORD00312,CUST0090,2024-05-15,Bengaluru,Beauty,Hair Dryer,1999,3,0.0,5997.0,Cash on Delivery,4
ORD00313,CUST0092,2024-01-27,Hyderabad,Sports,Dumbbell Set,2999,4,0.0,11996.0,Wallet,1
ORD00314,CUST0299,2024-01-13,Pune,Sports,Dumbbell Set,2999,3,0.1,8097.3,Cash on Delivery,7
ORD00315,CUST0174,2025-06-17,Pune,Electronics,Bluetooth Speaker,1799,2,0.15,3058.3,Credit Card,2
ORD00316,CUST0065,2024-05-29,Bengaluru,Home & Kitchen,Coffee Maker,3499,3,0.1,9447.3,Cash on Delivery,3
ORD00317,CUST0258,2025-01-04,Chennai,Beauty,Hair Dryer,1999,4,0.0,7996.0,Cash on Delivery,5
ORD00318,CUST0312,2024-05-18,Mumbai,Sports,Yoga Mat,899,4,0.0,3596.0,Cash on Delivery,3
ORD00319,CUST0441,2024-12-08,Bengaluru,Sports,Cricket Bat,1799,3,0.1,4857.3,Debit Card,3
ORD00320,CUST0182,2024-11-17,Pune,Sports,Dumbbell Set,2999,2,0.1,5398.2,Debit Card,3
ORD00321,CUST0288,2025-01-20,Pune,Beauty,Perfume,1499,2,0.05,2848.1,Debit Card,1
ORD00322,CUST0745,2024-01-28,Ahmedabad,Sports,Yoga Mat,899,2,0.15,1528.3,Credit Card,4
ORD00323,CUST0143,2025-05-26,Kolkata,Home & Kitchen,Bedsheet Set,1299,1,0.1,1169.1,Credit Card,3
ORD00324,CUST0460,2024-03-16,Ahmedabad,Fashion,Running Shoes,2499,4,0.1,8996.4,Wallet,4
ORD00325,CUST0369,2024-02-07,Delhi,Sports,Dumbbell Set,2999,4,0.15,10196.6,UPI,7
ORD00326,CUST0046,2025-09-19,Pune,Fashion,Running Shoes,2499,3,0.0,7497.0,Debit Card,7
ORD00327,CUST0228,2024-09-21,Chennai,Beauty,Face Serum,999,1,0.0,999.0,Cash on Delivery,3
ORD00328,CUST0495,2024-01-26,Delhi,Beauty,Hair Dryer,1999,2,0.05,3798.1,Debit Card,4
ORD00329,CUST0352,2024-11-15,Ahmedabad,Electronics,Wireless Headphones,2499,2,0.05,4748.1,Credit Card,5
ORD00330,CUST0740,2025-03-24,Ahmedabad,Beauty,Hair Dryer,1999,4,0.0,7996.0,Debit Card,1
ORD00331,CUST0664,2024-12-17,Delhi,Home & Kitchen,Water Bottle,499,1,0.0,499.0,Credit Card,6
ORD00332,CUST0339,2024-06-12,Pune,Fashion,Running Shoes,2499,2,0.15,4248.3,Cash on Delivery,2
ORD00333,CUST0406,2025-03-18,Mumbai,Beauty,Perfume,1499,2,0.0,2998.0,Wallet,2
ORD00334,CUST0722,2024-01-05,Chennai,Beauty,Perfume,1499,4,0.1,5396.4,Credit Card,3
ORD00335,CUST0375,2024-07-10,Hyderabad,Electronics,Bluetooth Speaker,1799,1,0.15,1529.15,Credit Card,4
ORD00336,CUST0612,2024-11-16,Pune,Electronics,Smart Watch,3999,4,0.15,13596.6,Wallet,4
ORD00337,CUST0633,2025-04-13,Bengaluru,Sports,Yoga Mat,899,3,0.05,2562.15,Debit Card,5
ORD00338,CUST0245,2024-04-30,Kolkata,Sports,Yoga Mat,899,2,0.05,1708.1,UPI,2
ORD00339,CUST0429,2025-02-01,Bengaluru,Home & Kitchen,Bedsheet Set,1299,2,0.15,2208.3,Wallet,4
ORD00340,CUST0569,2024-06-26,Bengaluru,Beauty,Face Serum,999,4,0.15,3396.6,Cash on Delivery,3
ORD00341,CUST0055,2025-09-26,Hyderabad,Fashion,Men's T-Shirt,799,3,0.1,2157.3,UPI,4
ORD00342,CUST0669,2025-06-01,Ahmedabad,Fashion,Men's T-Shirt,799,4,0.15,2716.6,Cash on Delivery,6
ORD00343,CUST0085,2024-06-20,Mumbai,Beauty,Hair Dryer,1999,4,0.1,7196.4,Credit Card,3
ORD00344,CUST0173,2024-10-22,Ahmedabad,Electronics,Smart Watch,3999,2,0.15,6798.3,Wallet,6
ORD00345,CUST0275,2024-04-26,Hyderabad,Beauty,Perfume,1499,1,0.15,1274.15,Wallet,7
ORD00346,CUST0436,2024-08-11,Delhi,Electronics,Bluetooth Speaker,1799,4,0.15,6116.6,Credit Card,3
ORD00347,CUST0450,2024-03-30,Delhi,Electronics,Smart Watch,3999,3,0.05,11397.15,Credit Card,2
ORD00348,CUST0170,2025-03-14,Bengaluru,Sports,Dumbbell Set,2999,3,0.15,7647.45,Credit Card,7
ORD00349,CUST0612,2024-10-14,Bengaluru,Fashion,Men's T-Shirt,799,3,0.15,2037.45,Debit Card,6
ORD00350,CUST0139,2024-04-07,Pune,Home & Kitchen,Coffee Maker,3499,3,0.15,8922.45,UPI,3
ORD00351,CUST0729,2024-05-29,Hyderabad,Fashion,Running Shoes,2499,2,0.0,4998.0,Credit Card,7
ORD00352,CUST0643,2024-10-02,Pune,Beauty,Hair Dryer,1999,2,0.15,3398.3,Cash on Delivery,4
ORD00353,CUST0768,2025-06-11,Kolkata,Electronics,Bluetooth Speaker,1799,1,0.1,1619.1,Debit Card,4
ORD00354,CUST0651,2025-04-14,Hyderabad,Beauty,Hair Dryer,1999,1,0.0,1999.0,UPI,7
ORD00355,CUST0507,2024-08-04,Kolkata,Sports,Cricket Bat,1799,2,0.1,3238.2,Debit Card,7
ORD00356,CUST0352,2025-05-11,Mumbai,Home & Kitchen,Coffee Maker,3499,2,0.15,5948.3,UPI,1
ORD00357,CUST0468,2025-03-27,Mumbai,Beauty,Face Serum,999,1,0.0,999.0,Cash on Delivery,2
ORD00358,CUST0096,2024-10-07,Hyderabad,Fashion,Running Shoes,2499,3,0.0,7497.0,Debit Card,1
ORD00359,CUST0641,2025-02-09,Kolkata,Home & Kitchen,Bedsheet Set,1299,2,0.0,2598.0,Credit Card,4
ORD00360,CUST0489,2024-08-06,Delhi,Electronics,Bluetooth Speaker,1799,1,0.0,1799.0,Credit Card,5
ORD00361,CUST0713,2024-01-09,Hyderabad,Fashion,Running Shoes,2499,4,0.0,9996.0,UPI,7
ORD00362,CUST0235,2024-03-13,Pune,Beauty,Perfume,1499,2,0.1,2698.2,UPI,6
ORD00363,CUST0141,2024-11-02,Pune,Electronics,Wireless Headphones,2499,3,0.05,7122.15,Credit Card,6
ORD00364,CUST0451,2024-06-17,Hyderabad,Fashion,Men's T-Shirt,799,1,0.15,679.15,Credit Card,6
ORD00365,CUST0103,2024-03-29,Bengaluru,Fashion,Women's Handbag,1899,4,0.0,7596.0,UPI,5
ORD00366,CUST0254,2024-05-23,Kolkata,Beauty,Hair Dryer,1999,4,0.05,7596.2,UPI,2
ORD00367,CUST0211,2024-11-04,Chennai,Sports,Dumbbell Set,2999,3,0.0,8997.0,Cash on Delivery,3
ORD00368,CUST0247,2024-04-25,Ahmedabad,Electronics,Wireless Headphones,2499,4,0.1,8996.4,Wallet,1
ORD00369,CUST0397,2024-05-15,Pune,Sports,Yoga Mat,899,3,0.05,2562.15,Debit Card,5
ORD00370,CUST0070,2025-08-24,Mumbai,Fashion,Women's Handbag,1899,1,0.0,1899.0,Debit Card,2
ORD00371,CUST0644,2024-10-20,Pune,Electronics,Wireless Headphones,2499,4,0.15,8496.6,Cash on Delivery,6
ORD00372,CUST0318,2024-03-26,Delhi,Beauty,Face Serum,999,2,0.05,1898.1,Wallet,2
ORD00373,CUST0650,2025-08-23,Delhi,Fashion,Running Shoes,2499,3,0.1,6747.3,Debit Card,6
ORD00374,CUST0089,2024-09-07,Pune,Beauty,Perfume,1499,2,0.0,2998.0,UPI,4
ORD00375,CUST0123,2024-06-28,Mumbai,Sports,Dumbbell Set,2999,1,0.05,2849.05,Credit Card,6
ORD00376,CUST0530,2025-06-19,Kolkata,Electronics,Wireless Headphones,2499,4,0.05,9496.2,Credit Card,3
ORD00377,CUST0344,2024-01-31,Pune,Fashion,Running Shoes,2499,3,0.0,7497.0,Debit Card,5
ORD00378,CUST0524,2025-04-11,Hyderabad,Electronics,Smart Watch,3999,1,0.1,3599.1,UPI,4
ORD00379,CUST0792,2024-09-18,Delhi,Sports,Yoga Mat,899,3,0.0,2697.0,Wallet,6
ORD00380,CUST0251,2024-01-13,Mumbai,Electronics,Wireless Headphones,2499,1,0.0,2499.0,Cash on Delivery,3
ORD00381,CUST0732,2025-07-20,Pune,Beauty,Face Serum,999,2,0.0,1998.0,Credit Card,3
ORD00382,CUST0586,2024-03-20,Hyderabad,Fashion,Women's Handbag,1899,3,0.05,5412.15,UPI,5
ORD00383,CUST0411,2024-02-17,Delhi,Electronics,Wireless Headphones,2499,2,0.15,4248.3,Cash on Delivery,7
ORD00384,CUST0468,2025-07-20,Mumbai,Home & Kitchen,Coffee Maker,3499,3,0.0,10497.0,Debit Card,2
ORD00385,CUST0476,2024-09-05,Hyderabad,Home & Kitchen,Bedsheet Set,1299,3,0.15,3312.45,Wallet,4
ORD00386,CUST0420,2024-01-07,Mumbai,Fashion,Running Shoes,2499,2,0.0,4998.0,Credit Card,5
ORD00387,CUST0778,2024-01-02,Pune,Home & Kitchen,Bedsheet Set,1299,1,0.05,1234.05,Debit Card,1
ORD00388,CUST0062,2025-05-18,Bengaluru,Fashion,Running Shoes,2499,2,0.1,4498.2,Debit Card,1
ORD00389,CUST0766,2025-04-14,Delhi,Electronics,Wireless Headphones,2499,4,0.05,9496.2,Wallet,1
ORD00390,CUST0582,2025-08-29,Mumbai,Sports,Yoga Mat,899,4,0.0,3596.0,Cash on Delivery,6
ORD00391,CUST0403,2024-11-18,Hyderabad,Fashion,Men's T-Shirt,799,3,0.05,2277.15,Debit Card,4
ORD00392,CUST0799,2024-05-19,Delhi,Home & Kitchen,Water Bottle,499,1,0.0,499.0,Credit Card,1
ORD00393,CUST0124,2025-02-20,Hyderabad,Fashion,Women's Handbag,1899,4,0.05,7216.2,Credit Card,4
ORD00394,CUST0162,2024-04-02,Kolkata,Home & Kitchen,Coffee Maker,3499,3,0.0,10497.0,Wallet,1
ORD00395,CUST0365,2024-09-11,Pune,Fashion,Women's Handbag,1899,2,0.0,3798.0,Wallet,1
ORD00396,CUST0464,2025-02-18,Chennai,Home & Kitchen,Coffee Maker,3499,2,0.0,6998.0,UPI,4
ORD00397,CUST0800,2024-03-04,Chennai,Electronics,Wireless Headphones,2499,1,0.0,2499.0,Credit Card,2
ORD00398,CUST0266,2025-08-23,Delhi,Beauty,Hair Dryer,1999,1,0.15,1699.15,UPI,1
ORD00399,CUST0340,2024-04-04,Delhi,Fashion,Running Shoes,2499,4,0.0,9996.0,UPI,4
ORD00400,CUST0031,2025-05-23,Pune,Electronics,Wireless Headphones,2499,4,0.1,8996.4,Cash on Delivery,2
ORD00401,CUST0457,2024-10-13,Bengaluru,Home & Kitchen,Water Bottle,499,2,0.05,948.1,UPI,5
ORD00402,CUST0422,2025-05-25,Ahmedabad,Sports,Dumbbell Set,2999,2,0.05,5698.1,UPI,1
ORD00403,CUST0659,2024-07-23,Chennai,Home & Kitchen,Coffee Maker,3499,2,0.1,6298.2,Wallet,7
ORD00404,CUST0497,2025-07-11,Hyderabad,Electronics,Smart Watch,3999,3,0.1,10797.3,Wallet,5
ORD00405,CUST0327,2024-01-27,Chennai,Home & Kitchen,Coffee Maker,3499,3,0.0,10497.0,UPI,7
ORD00406,CUST0786,2025-01-01,Chennai,Home & Kitchen,Water Bottle,499,4,0.15,1696.6,Credit Card,1
ORD00407,CUST0755,2025-06-30,Mumbai,Fashion,Running Shoes,2499,2,0.05,4748.1,Credit Card,5
ORD00408,CUST0607,2024-08-30,Hyderabad,Beauty,Hair Dryer,1999,2,0.0,3998.0,Debit Card,5
ORD00409,CUST0146,2025-07-31,Chennai,Electronics,Bluetooth Speaker,1799,3,0.15,4587.45,Cash on Delivery,5
ORD00410,CUST0058,2024-04-02,Chennai,Home & Kitchen,Water Bottle,499,4,0.0,1996.0,Wallet,2
ORD00411,CUST0629,2024-12-05,Chennai,Electronics,Bluetooth Speaker,1799,4,0.0,7196.0,Credit Card,3
ORD00412,CUST0601,2024-05-31,Bengaluru,Fashion,Women's Handbag,1899,1,0.0,1899.0,UPI,7
ORD00413,CUST0601,2025-02-09,Delhi,Sports,Cricket Bat,1799,1,0.05,1709.05,Debit Card,3
ORD00414,CUST0665,2025-05-13,Hyderabad,Home & Kitchen,Water Bottle,499,2,0.1,898.2,Credit Card,6
ORD00415,CUST0180,2025-08-26,Pune,Sports,Dumbbell Set,2999,3,0.0,8997.0,Debit Card,6
ORD00416,CUST0401,2025-08-09,Mumbai,Home & Kitchen,Water Bottle,499,2,0.0,998.0,Credit Card,5
ORD00417,CUST0509,2024-04-16,Bengaluru,Home & Kitchen,Bedsheet Set,1299,2,0.15,2208.3,Debit Card,6
ORD00418,CUST0652,2024-06-20,Delhi,Electronics,Wireless Headphones,2499,3,0.05,7122.15,Debit Card,4
ORD00419,CUST0359,2024-03-10,Kolkata,Electronics,Smart Watch,3999,2,0.0,7998.0,UPI,6
ORD00420,CUST0171,2025-03-05,Pune,Electronics,Wireless Headphones,2499,4,0.1,8996.4,Cash on Delivery,4
ORD00421,CUST0592,2025-05-05,Chennai,Home & Kitchen,Bedsheet Set,1299,4,0.0,5196.0,Credit Card,4
ORD00422,CUST0268,2024-11-22,Delhi,Electronics,Wireless Headphones,2499,3,0.0,7497.0,UPI,3
ORD00423,CUST0096,2025-07-14,Hyderabad,Fashion,Women's Handbag,1899,2,0.0,3798.0,Wallet,5
ORD00424,CUST0622,2024-06-17,Pune,Beauty,Perfume,1499,1,0.1,1349.1,Credit Card,1
ORD00425,CUST0714,2025-02-23,Kolkata,Electronics,Smart Watch,3999,2,0.0,7998.0,Debit Card,3
ORD00426,CUST0563,2025-08-08,Ahmedabad,Fashion,Men's T-Shirt,799,1,0.1,719.1,Credit Card,1
ORD00427,CUST0678,2024-10-28,Ahmedabad,Home & Kitchen,Water Bottle,499,4,0.0,1996.0,Credit Card,1
ORD00428,CUST0485,2024-03-24,Delhi,Electronics,Wireless Headphones,2499,2,0.05,4748.1,Debit Card,7
ORD00429,CUST0658,2024-04-03,Pune,Beauty,Hair Dryer,1999,4,0.05,7596.2,Credit Card,3
ORD00430,CUST0270,2024-02-15,Ahmedabad,Beauty,Hair Dryer,1999,2,0.1,3598.2,Cash on Delivery,3
ORD00431,CUST0088,2024-04-09,Hyderabad,Fashion,Women's Handbag,1899,1,0.0,1899.0,Wallet,4
ORD00432,CUST0429,2025-06-19,Ahmedabad,Sports,Yoga Mat,899,1,0.1,809.1,Wallet,2
ORD00433,CUST0515,2024-02-05,Bengaluru,Beauty,Hair Dryer,1999,1,0.1,1799.1,UPI,7
ORD00434,CUST0130,2024-07-16,Mumbai,Beauty,Face Serum,999,2,0.0,1998.0,Cash on Delivery,1
ORD00435,CUST0328,2024-09-21,Delhi,Beauty,Face Serum,999,2,0.15,1698.3,UPI,4
ORD00436,CUST0470,2025-06-16,Mumbai,Sports,Cricket Bat,1799,3,0.05,5127.15,Wallet,5
ORD00437,CUST0152,2024-06-02,Delhi,Sports,Cricket Bat,1799,1,0.1,1619.1,UPI,5
ORD00438,CUST0393,2024-09-27,Ahmedabad,Electronics,Smart Watch,3999,3,0.1,10797.3,Wallet,5
ORD00439,CUST0148,2025-02-16,Pune,Beauty,Face Serum,999,2,0.05,1898.1,UPI,4
ORD00440,CUST0276,2025-05-01,Hyderabad,Home & Kitchen,Bedsheet Set,1299,2,0.0,2598.0,UPI,3
ORD00441,CUST0234,2024-04-10,Bengaluru,Home & Kitchen,Coffee Maker,3499,3,0.1,9447.3,Debit Card,6
ORD00442,CUST0662,2025-09-11,Delhi,Beauty,Hair Dryer,1999,3,0.1,5397.3,Credit Card,4
ORD00443,CUST0058,2025-01-17,Bengaluru,Fashion,Women's Handbag,1899,4,0.15,6456.6,UPI,3
ORD00444,CUST0030,2025-08-05,Bengaluru,Sports,Cricket Bat,1799,2,0.15,3058.3,Credit Card,7
ORD00445,CUST0052,2025-04-12,Hyderabad,Fashion,Men's T-Shirt,799,2,0.0,1598.0,Credit Card,3
ORD00446,CUST0248,2024-02-01,Hyderabad,Home & Kitchen,Coffee Maker,3499,4,0.0,13996.0,Cash on Delivery,5
ORD00447,CUST0359,2025-07-18,Hyderabad,Beauty,Face Serum,999,4,0.15,3396.6,Credit Card,7
ORD00448,CUST0396,2024-01-29,Mumbai,Home & Kitchen,Bedsheet Set,1299,1,0.05,1234.05,Credit Card,7
ORD00449,CUST0276,2024-07-30,Pune,Sports,Yoga Mat,899,2,0.0,1798.0,Wallet,1
ORD00450,CUST0009,2025-09-07,Chennai,Electronics,Smart Watch,3999,2,0.0,7998.0,Debit Card,5
ORD00451,CUST0358,2025-01-20,Ahmedabad,Home & Kitchen,Bedsheet Set,1299,3,0.1,3507.3,Debit Card,2
ORD00452,CUST0008,2024-04-14,Hyderabad,Beauty,Hair Dryer,1999,4,0.15,6796.6,Wallet,6
ORD00453,CUST0494,2024-04-20,Delhi,Sports,Dumbbell Set,2999,3,0.05,8547.15,Debit Card,3
ORD00454,CUST0154,2024-07-11,Chennai,Home & Kitchen,Coffee Maker,3499,3,0.05,9972.15,UPI,7
ORD00455,CUST0672,2024-01-27,Ahmedabad,Sports,Cricket Bat,1799,3,0.0,5397.0,Debit Card,3
ORD00456,CUST0726,2025-08-20,Chennai,Beauty,Hair Dryer,1999,4,0.0,7996.0,Debit Card,6
ORD00457,CUST0308,2025-06-03,Bengaluru,Fashion,Running Shoes,2499,4,0.05,9496.2,Wallet,2
ORD00458,CUST0743,2024-09-21,Bengaluru,Home & Kitchen,Water Bottle,499,4,0.0,1996.0,Debit Card,6
ORD00459,CUST0431,2024-11-10,Hyderabad,Electronics,Wireless Headphones,2499,3,0.0,7497.0,Debit Card,3
ORD00460,CUST0055,2025-04-26,Delhi,Sports,Cricket Bat,1799,4,0.0,7196.0,Cash on Delivery,2
ORD00461,CUST0424,2024-11-01,Mumbai,Sports,Yoga Mat,899,4,0.15,3056.6,Credit Card,2
ORD00462,CUST0147,2025-04-13,Hyderabad,Fashion,Women's Handbag,1899,4,0.15,6456.6,Credit Card,7
ORD00463,CUST0650,2024-11-16,Mumbai,Electronics,Smart Watch,3999,3,0.0,11997.0,UPI,4
ORD00464,CUST0502,2024-06-11,Delhi,Home & Kitchen,Water Bottle,499,2,0.15,848.3,Credit Card,5
ORD00465,CUST0489,2025-03-15,Pune,Beauty,Perfume,1499,4,0.1,5396.4,UPI,1
ORD00466,CUST0776,2024-11-25,Chennai,Sports,Yoga Mat,899,3,0.0,2697.0,UPI,6
ORD00467,CUST0320,2024-12-18,Bengaluru,Electronics,Bluetooth Speaker,1799,2,0.0,3598.0,UPI,4
ORD00468,CUST0047,2024-03-07,Kolkata,Sports,Dumbbell Set,2999,3,0.0,8997.0,Debit Card,4
ORD00469,CUST0351,2024-05-17,Ahmedabad,Sports,Dumbbell Set,2999,3,0.1,8097.3,Debit Card,7
ORD00470,CUST0230,2024-08-21,Bengaluru,Fashion,Men's T-Shirt,799,4,0.0,3196.0,Credit Card,6
ORD00471,CUST0729,2025-01-10,Mumbai,Electronics,Bluetooth Speaker,1799,2,0.0,3598.0,Cash on Delivery,6
ORD00472,CUST0678,2024-02-19,Delhi,Home & Kitchen,Bedsheet Set,1299,1,0.15,1104.15,UPI,1
ORD00473,CUST0561,2024-05-06,Kolkata,Electronics,Smart Watch,3999,4,0.1,14396.4,Cash on Delivery,6
ORD00474,CUST0678,2025-03-06,Delhi,Fashion,Men's T-Shirt,799,1,0.05,759.05,Wallet,3
ORD00475,CUST0524,2024-04-17,Delhi,Sports,Dumbbell Set,2999,2,0.1,5398.2,Debit Card,1
ORD00476,CUST0797,2024-07-23,Kolkata,Electronics,Smart Watch,3999,2,0.15,6798.3,Wallet,2
ORD00477,CUST0041,2024-06-13,Ahmedabad,Home & Kitchen,Bedsheet Set,1299,4,0.05,4936.2,Credit Card,6
ORD00478,CUST0688,2024-01-14,Delhi,Beauty,Hair Dryer,1999,2,0.0,3998.0,UPI,7
ORD00479,CUST0799,2024-04-02,Delhi,Sports,Dumbbell Set,2999,4,0.0,11996.0,UPI,3
ORD00480,CUST0052,2025-04-20,Delhi,Fashion,Women's Handbag,1899,3,0.05,5412.15,Credit Card,7
ORD00481,CUST0757,2025-03-12,Delhi,Electronics,Smart Watch,3999,3,0.05,11397.15,UPI,7
ORD00482,CUST0367,2024-12-02,Ahmedabad,Electronics,Wireless Headphones,2499,2,0.0,4998.0,Wallet,3
ORD00483,CUST0411,2024-04-26,Pune,Electronics,Smart Watch,3999,3,0.0,11997.0,Cash on Delivery,3
ORD00484,CUST0116,2024-06-19,Bengaluru,Beauty,Perfume,1499,4,0.1,5396.4,UPI,7
ORD00485,CUST0583,2025-05-09,Ahmedabad,Fashion,Men's T-Shirt,799,4,0.15,2716.6,Credit Card,5
ORD00486,CUST0500,2025-05-09,Delhi,Beauty,Hair Dryer,1999,1,0.0,1999.0,Cash on Delivery,4
ORD00487,CUST0722,2024-01-13,Chennai,Electronics,Wireless Headphones,2499,3,0.05,7122.15,Debit Card,5
ORD00488,CUST0494,2024-09-11,Hyderabad,Sports,Dumbbell Set,2999,1,0.1,2699.1,Cash on Delivery,2
ORD00489,CUST0518,2024-06-09,Ahmedabad,Sports,Dumbbell Set,2999,1,0.0,2999.0,Cash on Delivery,7
ORD00490,CUST0339,2024-09-03,Kolkata,Fashion,Men's T-Shirt,799,4,0.05,3036.2,UPI,5
ORD00491,CUST0081,2024-08-28,Ahmedabad,Fashion,Running Shoes,2499,4,0.1,8996.4,Cash on Delivery,7
ORD00492,CUST0324,2025-04-02,Delhi,Sports,Cricket Bat,1799,1,0.1,1619.1,Cash on Delivery,6
ORD00493,CUST0571,2024-02-06,Mumbai,Electronics,Wireless Headphones,2499,4,0.1,8996.4,UPI,7
ORD00494,CUST0212,2025-07-29,Ahmedabad,Sports,Dumbbell Set,2999,3,0.15,7647.45,Debit Card,3
ORD00495,CUST0786,2025-07-27,Ahmedabad,Electronics,Wireless Headphones,2499,4,0.05,9496.2,Debit Card,6
ORD00496,CUST0350,2024-01-03,Hyderabad,Beauty,Face Serum,999,1,0.0,999.0,Debit Card,5
ORD00497,CUST0505,2024-06-17,Bengaluru,Sports,Cricket Bat,1799,1,0.0,1799.0,Cash on Delivery,1
ORD00498,CUST0403,2024-05-03,Chennai,Home & Kitchen,Bedsheet Set,1299,2,0.0,2598.0,Cash on Delivery,7
ORD00499,CUST0048,2025-02-28,Delhi,Fashion,Running Shoes,2499,3,0.0,7497.0,Cash on Delivery,4
ORD00500,CUST0544,2024-01-05,Mumbai,Sports,Dumbbell Set,2999,2,0.1,5398.2,Wallet,4
ORD00501,CUST0749,2024-06-26,Bengaluru,Sports,Cricket Bat,1799,2,0.15,3058.3,UPI,4
ORD00502,CUST0429,2025-01-28,Chennai,Sports,Dumbbell Set,2999,3,0.15,7647.45,Debit Card,4
ORD00503,CUST0423,2024-05-21,Kolkata,Home & Kitchen,Coffee Maker,3499,4,0.0,13996.0,Wallet,7
ORD00504,CUST0640,2024-08-02,Kolkata,Home & Kitchen,Bedsheet Set,1299,2,0.0,2598.0,Debit Card,6
ORD00505,CUST0711,2025-07-09,Hyderabad,Fashion,Running Shoes,2499,2,0.15,4248.3,UPI,7
ORD00506,CUST0684,2025-08-07,Pune,Home & Kitchen,Bedsheet Set,1299,4,0.15,4416.6,Wallet,3
ORD00507,CUST0149,2025-01-25,Mumbai,Beauty,Face Serum,999,1,0.0,999.0,UPI,2
ORD00508,CUST0064,2024-05-29,Kolkata,Home & Kitchen,Water Bottle,499,3,0.05,1422.15,Credit Card,7
ORD00509,CUST0631,2024-04-14,Chennai,Sports,Yoga Mat,899,3,0.1,2427.3,Wallet,4
ORD00510,CUST0397,2025-01-25,Pune,Fashion,Running Shoes,2499,3,0.0,7497.0,Debit Card,5
ORD00511,CUST0800,2025-09-27,Ahmedabad,Electronics,Wireless Headphones,2499,3,0.0,7497.0,Credit Card,6
ORD00512,CUST0460,2024-10-28,Bengaluru,Home & Kitchen,Bedsheet Set,1299,2,0.0,2598.0,UPI,2
ORD00513,CUST0439,2024-02-11,Kolkata,Fashion,Running Shoes,2499,1,0.1,2249.1,Wallet,3
ORD00514,CUST0478,2024-12-04,Bengaluru,Fashion,Men's T-Shirt,799,3,0.0,2397.0,UPI,2
ORD00515,CUST0503,2024-11-04,Hyderabad,Home & Kitchen,Bedsheet Set,1299,1,0.15,1104.15,UPI,7
ORD00516,CUST0070,2025-06-17,Bengaluru,Home & Kitchen,Bedsheet Set,1299,2,0.0,2598.0,Cash on Delivery,5
ORD00517,CUST0219,2024-08-14,Hyderabad,Sports,Cricket Bat,1799,1,0.05,1709.05,Debit Card,3
ORD00518,CUST0118,2024-01-10,Hyderabad,Home & Kitchen,Water Bottle,499,4,0.15,1696.6,Cash on Delivery,2
ORD00519,CUST0391,2024-11-24,Delhi,Sports,Dumbbell Set,2999,2,0.0,5998.0,Cash on Delivery,3
ORD00520,CUST0789,2025-06-13,Hyderabad,Sports,Dumbbell Set,2999,3,0.0,8997.0,Wallet,7
ORD00521,CUST0668,2024-10-30,Chennai,Sports,Cricket Bat,1799,4,0.0,7196.0,Debit Card,5
ORD00522,CUST0008,2025-06-30,Delhi,Electronics,Wireless Headphones,2499,2,0.15,4248.3,Credit Card,6
ORD00523,CUST0551,2024-07-29,Pune,Fashion,Running Shoes,2499,4,0.0,9996.0,UPI,6
ORD00524,CUST0090,2024-02-08,Delhi,Fashion,Men's T-Shirt,799,4,0.05,3036.2,UPI,2
ORD00525,CUST0265,2024-08-21,Pune,Home & Kitchen,Bedsheet Set,1299,1,0.15,1104.15,Cash on Delivery,4
ORD00526,CUST0690,2025-02-02,Delhi,Beauty,Hair Dryer,1999,3,0.0,5997.0,Wallet,1
ORD00527,CUST0515,2025-01-01,Delhi,Sports,Yoga Mat,899,1,0.0,899.0,Debit Card,7
ORD00528,CUST0391,2025-03-24,Pune,Home & Kitchen,Bedsheet Set,1299,1,0.05,1234.05,UPI,4
ORD00529,CUST0559,2025-02-04,Kolkata,Fashion,Running Shoes,2499,2,0.0,4998.0,Credit Card,3
ORD00530,CUST0006,2024-02-12,Pune,Home & Kitchen,Water Bottle,499,2,0.0,998.0,Wallet,5
ORD00531,CUST0423,2024-08-04,Bengaluru,Electronics,Smart Watch,3999,2,0.05,7598.1,Credit Card,2
ORD00532,CUST0186,2024-04-27,Mumbai,Fashion,Running Shoes,2499,3,0.0,7497.0,Wallet,4
ORD00533,CUST0101,2024-09-13,Chennai,Sports,Yoga Mat,899,3,0.0,2697.0,Wallet,4
ORD00534,CUST0292,2024-04-12,Delhi,Home & Kitchen,Coffee Maker,3499,2,0.0,6998.0,Credit Card,3
ORD00535,CUST0711,2024-11-09,Bengaluru,Beauty,Hair Dryer,1999,3,0.15,5097.45,Wallet,5
ORD00536,CUST0321,2024-01-05,Chennai,Home & Kitchen,Coffee Maker,3499,4,0.0,13996.0,Credit Card,6
ORD00537,CUST0492,2024-12-05,Ahmedabad,Beauty,Hair Dryer,1999,3,0.0,5997.0,Cash on Delivery,3
ORD00538,CUST0084,2025-09-13,Kolkata,Home & Kitchen,Coffee Maker,3499,1,0.0,3499.0,Credit Card,5
ORD00539,CUST0520,2024-01-20,Mumbai,Fashion,Women's Handbag,1899,1,0.0,1899.0,Wallet,5
ORD00540,CUST0267,2025-07-18,Ahmedabad,Beauty,Perfume,1499,2,0.0,2998.0,Credit Card,3
ORD00541,CUST0514,2025-04-20,Delhi,Beauty,Face Serum,999,3,0.0,2997.0,Cash on Delivery,3
ORD00542,CUST0776,2024-06-18,Bengaluru,Sports,Yoga Mat,899,2,0.15,1528.3,Cash on Delivery,2
ORD00543,CUST0042,2025-01-02,Chennai,Fashion,Running Shoes,2499,2,0.1,4498.2,Cash on Delivery,2
ORD00544,CUST0685,2024-02-13,Chennai,Electronics,Smart Watch,3999,3,0.0,11997.0,Wallet,7
ORD00545,CUST0041,2024-02-17,Hyderabad,Home & Kitchen,Coffee Maker,3499,4,0.1,12596.4,UPI,6
ORD00546,CUST0558,2025-08-15,Bengaluru,Sports,Dumbbell Set,2999,3,0.05,8547.15,Cash on Delivery,6
ORD00547,CUST0386,2024-09-14,Chennai,Beauty,Hair Dryer,1999,1,0.15,1699.15,Wallet,4
ORD00548,CUST0007,2025-09-10,Bengaluru,Home & Kitchen,Coffee Maker,3499,4,0.1,12596.4,Cash on Delivery,2
ORD00549,CUST0192,2024-06-02,Bengaluru,Fashion,Men's T-Shirt,799,3,0.0,2397.0,Debit Card,5
ORD00550,CUST0738,2024-12-04,Delhi,Electronics,Bluetooth Speaker,1799,2,0.1,3238.2,Cash on Delivery,6
ORD00551,CUST0663,2024-06-14,Pune,Beauty,Hair Dryer,1999,2,0.15,3398.3,UPI,2
ORD00552,CUST0041,2025-06-08,Bengaluru,Electronics,Wireless Headphones,2499,2,0.0,4998.0,UPI,2
ORD00553,CUST0653,2025-07-31,Mumbai,Home & Kitchen,Water Bottle,499,4,0.15,1696.6,Debit Card,1
ORD00554,CUST0225,2024-06-23,Pune,Fashion,Women's Handbag,1899,4,0.1,6836.4,Wallet,2
ORD00555,CUST0465,2024-12-16,Delhi,Sports,Yoga Mat,899,3,0.0,2697.0,Credit Card,4
ORD00556,CUST0536,2024-07-26,Pune,Beauty,Face Serum,999,1,0.0,999.0,Credit Card,5
ORD00557,CUST0040,2025-09-06,Delhi,Electronics,Wireless Headphones,2499,4,0.15,8496.6,UPI,4
ORD00558,CUST0431,2025-06-18,Hyderabad,Fashion,Running Shoes,2499,1,0.1,2249.1,UPI,6
ORD00559,CUST0359,2025-01-25,Delhi,Sports,Cricket Bat,1799,2,0.1,3238.2,Cash on Delivery,2
ORD00560,CUST0613,2024-10-17,Pune,Home & Kitchen,Coffee Maker,3499,2,0.0,6998.0,Debit Card,2
ORD00561,CUST0121,2025-06-19,Mumbai,Electronics,Bluetooth Speaker,1799,1,0.15,1529.15,Cash on Delivery,6
ORD00562,CUST0110,2025-01-05,Bengaluru,Fashion,Running Shoes,2499,3,0.1,6747.3,Cash on Delivery,6
ORD00563,CUST0579,2025-03-09,Hyderabad,Sports,Cricket Bat,1799,3,0.15,4587.45,Wallet,3
ORD00564,CUST0495,2025-07-24,Bengaluru,Beauty,Face Serum,999,4,0.15,3396.6,Debit Card,5
ORD00565,CUST0353,2025-08-14,Pune,Sports,Cricket Bat,1799,3,0.05,5127.15,Credit Card,7
ORD00566,CUST0103,2024-06-14,Chennai,Electronics,Bluetooth Speaker,1799,2,0.1,3238.2,Wallet,4
ORD00567,CUST0652,2025-02-02,Mumbai,Home & Kitchen,Bedsheet Set,1299,1,0.0,1299.0,UPI,7
ORD00568,CUST0270,2024-03-06,Chennai,Fashion,Women's Handbag,1899,4,0.0,7596.0,Debit Card,1
ORD00569,CUST0672,2025-09-20,Kolkata,Sports,Yoga Mat,899,4,0.1,3236.4,Wallet,1
ORD00570,CUST0207,2024-01-11,Kolkata,Fashion,Running Shoes,2499,4,0.1,8996.4,Credit Card,1
ORD00571,CUST0691,2024-06-22,Mumbai,Sports,Dumbbell Set,2999,2,0.15,5098.3,Debit Card,2
ORD00572,CUST0362,2025-02-13,Pune,Electronics,Wireless Headphones,2499,1,0.05,2374.05,Cash on Delivery,5
ORD00573,CUST0563,2024-04-02,Kolkata,Fashion,Running Shoes,2499,1,0.0,2499.0,Wallet,5
ORD00574,CUST0200,2025-09-12,Ahmedabad,Home & Kitchen,Coffee Maker,3499,3,0.0,10497.0,Cash on Delivery,5
ORD00575,CUST0110,2025-06-02,Delhi,Electronics,Smart Watch,3999,2,0.1,7198.2,Wallet,3
ORD00576,CUST0257,2025-08-11,Ahmedabad,Home & Kitchen,Water Bottle,499,3,0.15,1272.45,Cash on Delivery,5
ORD00577,CUST0601,2025-04-16,Mumbai,Beauty,Face Serum,999,3,0.1,2697.3,Cash on Delivery,1
ORD00578,CUST0324,2024-08-23,Pune,Home & Kitchen,Water Bottle,499,4,0.0,1996.0,Debit Card,5
ORD00579,CUST0096,2024-10-21,Pune,Sports,Yoga Mat,899,3,0.0,2697.0,Debit Card,1
ORD00580,CUST0224,2024-12-28,Kolkata,Sports,Yoga Mat,899,4,0.05,3416.2,Credit Card,6
ORD00581,CUST0272,2024-09-04,Chennai,Fashion,Women's Handbag,1899,2,0.0,3798.0,Credit Card,2
ORD00582,CUST0123,2024-04-19,Delhi,Fashion,Running Shoes,2499,3,0.0,7497.0,Cash on Delivery,5
ORD00583,CUST0636,2025-01-15,Hyderabad,Electronics,Bluetooth Speaker,1799,1,0.1,1619.1,Cash on Delivery,5
ORD00584,CUST0408,2024-10-13,Chennai,Home & Kitchen,Coffee Maker,3499,2,0.15,5948.3,Wallet,2
ORD00585,CUST0034,2025-07-07,Hyderabad,Electronics,Bluetooth Speaker,1799,4,0.1,6476.4,Cash on Delivery,7
ORD00586,CUST0324,2025-04-16,Mumbai,Fashion,Women's Handbag,1899,1,0.15,1614.15,UPI,6
ORD00587,CUST0628,2025-01-05,Kolkata,Fashion,Women's Handbag,1899,1,0.05,1804.05,Credit Card,5
ORD00588,CUST0352,2025-09-19,Hyderabad,Home & Kitchen,Water Bottle,499,3,0.1,1347.3,Credit Card,4
ORD00589,CUST0411,2025-01-08,Kolkata,Beauty,Face Serum,999,4,0.05,3796.2,Cash on Delivery,2
ORD00590,CUST0242,2024-10-03,Pune,Sports,Yoga Mat,899,2,0.0,1798.0,Cash on Delivery,2
ORD00591,CUST0181,2024-01-10,Pune,Fashion,Running Shoes,2499,2,0.1,4498.2,Cash on Delivery,2
ORD00592,CUST0257,2024-11-03,Mumbai,Sports,Dumbbell Set,2999,3,0.1,8097.3,Cash on Delivery,1
ORD00593,CUST0645,2025-05-02,Delhi,Fashion,Men's T-Shirt,799,2,0.05,1518.1,Cash on Delivery,6
ORD00594,CUST0571,2025-07-27,Kolkata,Home & Kitchen,Coffee Maker,3499,3,0.05,9972.15,Debit Card,1
ORD00595,CUST0591,2024-07-22,Bengaluru,Beauty,Face Serum,999,3,0.15,2547.45,Debit Card,3
ORD00596,CUST0391,2024-03-21,Kolkata,Home & Kitchen,Bedsheet Set,1299,4,0.1,4676.4,Cash on Delivery,6
ORD00597,CUST0586,2025-09-19,Pune,Fashion,Men's T-Shirt,799,3,0.1,2157.3,UPI,1
ORD00598,CUST0669,2024-11-20,Kolkata,Fashion,Women's Handbag,1899,2,0.05,3608.1,Debit Card,5
ORD00599,CUST0534,2025-08-24,Ahmedabad,Beauty,Hair Dryer,1999,4,0.05,7596.2,Cash on Delivery,2
ORD00600,CUST0762,2024-09-14,Delhi,Fashion,Men's T-Shirt,799,2,0.0,1598.0,Credit Card,2
ORD00601,CUST0562,2025-04-29,Mumbai,Beauty,Face Serum,999,1,0.0,999.0,UPI,7
ORD00602,CUST0633,2024-09-25,Bengaluru,Beauty,Perfume,1499,1,0.0,1499.0,UPI,6
ORD00603,CUST0454,2024-10-17,Bengaluru,Beauty,Hair Dryer,1999,2,0.0,3998.0,Credit Card,5
ORD00604,CUST0488,2024-11-29,Ahmedabad,Fashion,Men's T-Shirt,799,1,0.05,759.05,Wallet,3
ORD00605,CUST0606,2024-06-30,Ahmedabad,Sports,Cricket Bat,1799,2,0.15,3058.3,Wallet,4
ORD00606,CUST0553,2025-05-08,Chennai,Sports,Dumbbell Set,2999,3,0.05,8547.15,UPI,4
ORD00607,CUST0311,2024-06-08,Mumbai,Home & Kitchen,Coffee Maker,3499,4,0.05,13296.2,UPI,5
ORD00608,CUST0009,2025-07-01,Ahmedabad,Fashion,Women's Handbag,1899,3,0.1,5127.3,Cash on Delivery,3
ORD00609,CUST0008,2024-08-24,Hyderabad,Electronics,Smart Watch,3999,3,0.15,10197.45,Credit Card,4
ORD00610,CUST0733,2024-06-16,Pune,Sports,Cricket Bat,1799,4,0.0,7196.0,Cash on Delivery,2
ORD00611,CUST0783,2025-06-13,Kolkata,Home & Kitchen,Water Bottle,499,4,0.0,1996.0,Debit Card,6
ORD00612,CUST0187,2024-03-11,Bengaluru,Sports,Cricket Bat,1799,4,0.0,7196.0,Debit Card,1
ORD00613,CUST0193,2025-05-18,Hyderabad,Beauty,Perfume,1499,4,0.05,5696.2,UPI,2
ORD00614,CUST0289,2024-04-14,Kolkata,Electronics,Bluetooth Speaker,1799,1,0.0,1799.0,Credit Card,6
ORD00615,CUST0155,2024-04-02,Mumbai,Beauty,Perfume,1499,1,0.0,1499.0,Cash on Delivery,2
ORD00616,CUST0475,2025-01-15,Mumbai,Home & Kitchen,Coffee Maker,3499,3,0.1,9447.3,Debit Card,1
ORD00617,CUST0557,2024-03-14,Ahmedabad,Fashion,Men's T-Shirt,799,3,0.1,2157.3,Credit Card,2
ORD00618,CUST0395,2024-09-11,Ahmedabad,Home & Kitchen,Coffee Maker,3499,1,0.0,3499.0,Credit Card,6
ORD00619,CUST0682,2025-06-17,Chennai,Electronics,Wireless Headphones,2499,4,0.0,9996.0,Cash on Delivery,4
ORD00620,CUST0534,2025-07-16,Delhi,Home & Kitchen,Coffee Maker,3499,2,0.0,6998.0,Debit Card,4
ORD00621,CUST0116,2024-08-11,Chennai,Home & Kitchen,Water Bottle,499,3,0.0,1497.0,Cash on Delivery,3
ORD00622,CUST0406,2024-05-02,Chennai,Electronics,Wireless Headphones,2499,3,0.15,6372.45,UPI,1
ORD00623,CUST0381,2024-06-07,Delhi,Sports,Dumbbell Set,2999,4,0.15,10196.6,Credit Card,2
ORD00624,CUST0365,2024-03-02,Bengaluru,Beauty,Face Serum,999,3,0.0,2997.0,Wallet,7
ORD00625,CUST0572,2024-11-20,Hyderabad,Electronics,Wireless Headphones,2499,4,0.0,9996.0,Cash on Delivery,6
ORD00626,CUST0257,2024-05-17,Mumbai,Fashion,Men's T-Shirt,799,4,0.05,3036.2,Cash on Delivery,6
ORD00627,CUST0195,2025-05-16,Bengaluru,Beauty,Perfume,1499,3,0.15,3822.45,Wallet,3
ORD00628,CUST0568,2025-09-05,Bengaluru,Home & Kitchen,Bedsheet Set,1299,4,0.05,4936.2,UPI,5
ORD00629,CUST0376,2025-07-08,Ahmedabad,Fashion,Women's Handbag,1899,3,0.05,5412.15,UPI,7
ORD00630,CUST0373,2025-09-26,Chennai,Sports,Cricket Bat,1799,2,0.0,3598.0,Debit Card,6
ORD00631,CUST0700,2025-06-20,Ahmedabad,Electronics,Bluetooth Speaker,1799,4,0.0,7196.0,Wallet,2
ORD00632,CUST0114,2024-11-25,Delhi,Sports,Cricket Bat,1799,3,0.1,4857.3,Wallet,6
ORD00633,CUST0207,2024-02-02,Delhi,Electronics,Wireless Headphones,2499,2,0.0,4998.0,Cash on Delivery,2
ORD00634,CUST0639,2025-06-22,Kolkata,Electronics,Wireless Headphones,2499,4,0.1,8996.4,UPI,3
ORD00635,CUST0672,2024-08-01,Ahmedabad,Fashion,Running Shoes,2499,1,0.0,2499.0,UPI,4
ORD00636,CUST0632,2024-02-29,Kolkata,Electronics,Smart Watch,3999,4,0.05,15196.2,Wallet,1
ORD00637,CUST0100,2025-06-15,Delhi,Electronics,Smart Watch,3999,1,0.0,3999.0,Credit Card,5
ORD00638,CUST0584,2024-09-11,Bengaluru,Beauty,Face Serum,999,2,0.15,1698.3,Wallet,6
ORD00639,CUST0691,2025-01-01,Ahmedabad,Sports,Cricket Bat,1799,1,0.15,1529.15,Cash on Delivery,1
ORD00640,CUST0674,2024-12-11,Bengaluru,Fashion,Men's T-Shirt,799,4,0.15,2716.6,Wallet,5
ORD00641,CUST0381,2024-11-28,Pune,Beauty,Hair Dryer,1999,3,0.15,5097.45,Cash on Delivery,7
ORD00642,CUST0220,2025-07-12,Pune,Home & Kitchen,Bedsheet Set,1299,2,0.15,2208.3,Wallet,6
ORD00643,CUST0001,2025-02-10,Mumbai,Home & Kitchen,Coffee Maker,3499,4,0.1,12596.4,Debit Card,5
ORD00644,CUST0308,2024-01-07,Chennai,Electronics,Bluetooth Speaker,1799,2,0.05,3418.1,Credit Card,7
ORD00645,CUST0570,2025-06-07,Bengaluru,Home & Kitchen,Water Bottle,499,3,0.15,1272.45,UPI,1
ORD00646,CUST0376,2024-09-28,Chennai,Beauty,Hair Dryer,1999,2,0.0,3998.0,Credit Card,3
ORD00647,CUST0752,2024-08-10,Delhi,Home & Kitchen,Water Bottle,499,4,0.15,1696.6,Debit Card,7
ORD00648,CUST0610,2024-04-07,Kolkata,Beauty,Face Serum,999,4,0.15,3396.6,UPI,6
ORD00649,CUST0357,2024-12-08,Pune,Sports,Cricket Bat,1799,1,0.0,1799.0,Cash on Delivery,7
ORD00650,CUST0313,2024-02-25,Mumbai,Electronics,Wireless Headphones,2499,1,0.1,2249.1,Debit Card,5
ORD00651,CUST0157,2024-08-14,Mumbai,Sports,Yoga Mat,899,3,0.15,2292.45,Cash on Delivery,4
ORD00652,CUST0297,2025-03-18,Pune,Sports,Dumbbell Set,2999,1,0.0,2999.0,Credit Card,2
ORD00653,CUST0562,2024-02-20,Pune,Home & Kitchen,Water Bottle,499,4,0.15,1696.6,Debit Card,1
ORD00654,CUST0493,2024-05-18,Chennai,Beauty,Perfume,1499,4,0.0,5996.0,Cash on Delivery,4
ORD00655,CUST0273,2024-03-14,Pune,Sports,Yoga Mat,899,2,0.0,1798.0,Debit Card,6
ORD00656,CUST0375,2025-03-09,Hyderabad,Sports,Yoga Mat,899,1,0.1,809.1,Credit Card,3
ORD00657,CUST0359,2024-06-22,Ahmedabad,Home & Kitchen,Bedsheet Set,1299,1,0.05,1234.05,Wallet,2
ORD00658,CUST0160,2025-01-17,Delhi,Beauty,Face Serum,999,2,0.0,1998.0,UPI,6
ORD00659,CUST0352,2024-01-15,Delhi,Electronics,Wireless Headphones,2499,2,0.05,4748.1,Debit Card,4
ORD00660,CUST0217,2025-07-04,Chennai,Beauty,Face Serum,999,3,0.0,2997.0,Wallet,5
ORD00661,CUST0712,2024-05-24,Mumbai,Home & Kitchen,Bedsheet Set,1299,4,0.15,4416.6,Cash on Delivery,5
ORD00662,CUST0291,2024-03-02,Chennai,Sports,Yoga Mat,899,3,0.0,2697.0,Wallet,3
ORD00663,CUST0677,2025-02-01,Kolkata,Electronics,Smart Watch,3999,1,0.0,3999.0,Debit Card,7
ORD00664,CUST0390,2024-08-24,Delhi,Electronics,Wireless Headphones,2499,3,0.1,6747.3,Debit Card,4
ORD00665,CUST0513,2024-07-22,Ahmedabad,Sports,Dumbbell Set,2999,1,0.0,2999.0,Wallet,6
ORD00666,CUST0342,2024-11-08,Ahmedabad,Electronics,Wireless Headphones,2499,2,0.15,4248.3,Cash on Delivery,6
ORD00667,CUST0641,2024-12-29,Kolkata,Fashion,Men's T-Shirt,799,3,0.05,2277.15,Credit Card,5
ORD00668,CUST0569,2024-01-31,Kolkata,Home & Kitchen,Water Bottle,499,3,0.1,1347.3,Credit Card,2
ORD00669,CUST0534,2025-01-26,Chennai,Home & Kitchen,Coffee Maker,3499,2,0.0,6998.0,Cash on Delivery,2
ORD00670,CUST0338,2025-09-11,Ahmedabad,Sports,Yoga Mat,899,4,0.05,3416.2,Wallet,2
ORD00671,CUST0701,2025-07-08,Chennai,Fashion,Running Shoes,2499,2,0.15,4248.3,Credit Card,3
ORD00672,CUST0162,2025-08-01,Hyderabad,Sports,Yoga Mat,899,4,0.0,3596.0,UPI,5
ORD00673,CUST0150,2024-11-21,Mumbai,Sports,Dumbbell Set,2999,1,0.0,2999.0,Debit Card,4
ORD00674,CUST0798,2024-06-04,Chennai,Beauty,Hair Dryer,1999,4,0.05,7596.2,UPI,2
ORD00675,CUST0628,2025-08-03,Chennai,Fashion,Men's T-Shirt,799,3,0.15,2037.45,Wallet,2
ORD00676,CUST0705,2024-03-22,Ahmedabad,Fashion,Running Shoes,2499,1,0.05,2374.05,Credit Card,5
ORD00677,CUST0504,2025-01-31,Ahmedabad,Sports,Cricket Bat,1799,3,0.0,5397.0,Credit Card,2
ORD00678,CUST0277,2024-01-16,Pune,Fashion,Men's T-Shirt,799,1,0.1,719.1,Credit Card,6
ORD00679,CUST0632,2025-03-25,Ahmedabad,Fashion,Men's T-Shirt,799,1,0.0,799.0,Debit Card,7
ORD00680,CUST0623,2024-02-12,Pune,Beauty,Face Serum,999,4,0.1,3596.4,Debit Card,4
ORD00681,CUST0463,2024-04-21,Ahmedabad,Sports,Dumbbell Set,2999,1,0.15,2549.15,UPI,2
ORD00682,CUST0397,2025-07-25,Mumbai,Sports,Dumbbell Set,2999,4,0.0,11996.0,Credit Card,3
ORD00683,CUST0171,2025-04-17,Pune,Beauty,Hair Dryer,1999,3,0.05,5697.15,Debit Card,5
ORD00684,CUST0093,2025-04-07,Delhi,Electronics,Bluetooth Speaker,1799,2,0.1,3238.2,Credit Card,7
ORD00685,CUST0332,2025-02-27,Ahmedabad,Sports,Dumbbell Set,2999,2,0.1,5398.2,UPI,2
ORD00686,CUST0257,2024-04-02,Hyderabad,Beauty,Perfume,1499,2,0.1,2698.2,Credit Card,6
ORD00687,CUST0088,2025-01-06,Pune,Electronics,Wireless Headphones,2499,1,0.1,2249.1,Wallet,5
ORD00688,CUST0344,2024-06-23,Bengaluru,Fashion,Women's Handbag,1899,4,0.0,7596.0,Credit Card,7
ORD00689,CUST0317,2024-11-11,Ahmedabad,Fashion,Men's T-Shirt,799,1,0.1,719.1,Debit Card,6
ORD00690,CUST0638,2024-01-04,Kolkata,Fashion,Men's T-Shirt,799,2,0.0,1598.0,UPI,4
ORD00691,CUST0244,2025-05-20,Chennai,Beauty,Hair Dryer,1999,1,0.15,1699.15,Wallet,6
ORD00692,CUST0616,2024-03-22,Mumbai,Beauty,Hair Dryer,1999,4,0.1,7196.4,Credit Card,5
ORD00693,CUST0152,2024-07-08,Mumbai,Home & Kitchen,Bedsheet Set,1299,2,0.0,2598.0,Debit Card,1
ORD00694,CUST0051,2024-03-30,Delhi,Fashion,Men's T-Shirt,799,3,0.05,2277.15,Cash on Delivery,2
ORD00695,CUST0587,2025-09-01,Bengaluru,Fashion,Running Shoes,2499,3,0.15,6372.45,Cash on Delivery,6
ORD00696,CUST0331,2024-11-02,Hyderabad,Sports,Cricket Bat,1799,1,0.0,1799.0,Cash on Delivery,7
ORD00697,CUST0138,2025-04-27,Delhi,Electronics,Smart Watch,3999,1,0.05,3799.05,Debit Card,3
ORD00698,CUST0060,2025-09-18,Delhi,Sports,Cricket Bat,1799,2,0.0,3598.0,Wallet,6
ORD00699,CUST0438,2024-10-21,Hyderabad,Sports,Yoga Mat,899,4,0.15,3056.6,Debit Card,5
ORD00700,CUST0577,2025-09-21,Ahmedabad,Sports,Dumbbell Set,2999,3,0.0,8997.0,Wallet,6
ORD00701,CUST0726,2024-08-26,Kolkata,Beauty,Hair Dryer,1999,2,0.15,3398.3,Credit Card,1
ORD00702,CUST0631,2024-07-31,Pune,Electronics,Wireless Headphones,2499,4,0.0,9996.0,Cash on Delivery,1
ORD00703,CUST0707,2024-07-25,Kolkata,Home & Kitchen,Coffee Maker,3499,2,0.0,6998.0,Debit Card,7
ORD00704,CUST0332,2025-07-17,Mumbai,Electronics,Smart Watch,3999,3,0.15,10197.45,UPI,6
ORD00705,CUST0030,2025-09-22,Bengaluru,Home & Kitchen,Coffee Maker,3499,4,0.15,11896.6,Credit Card,3
ORD00706,CUST0662,2024-02-06,Bengaluru,Home & Kitchen,Bedsheet Set,1299,4,0.1,4676.4,Cash on Delivery,2
ORD00707,CUST0761,2025-02-27,Mumbai,Beauty,Perfume,1499,3,0.1,4047.3,Wallet,3
ORD00708,CUST0020,2025-07-02,Chennai,Sports,Dumbbell Set,2999,3,0.15,7647.45,Wallet,6
ORD00709,CUST0032,2024-10-14,Hyderabad,Home & Kitchen,Coffee Maker,3499,1,0.0,3499.0,Cash on Delivery,6
ORD00710,CUST0120,2025-09-01,Kolkata,Sports,Yoga Mat,899,4,0.0,3596.0,Debit Card,6
ORD00711,CUST0244,2025-05-23,Hyderabad,Electronics,Smart Watch,3999,4,0.0,15996.0,Cash on Delivery,7
ORD00712,CUST0384,2024-04-24,Mumbai,Home & Kitchen,Water Bottle,499,3,0.0,1497.0,Credit Card,1
ORD00713,CUST0158,2025-05-27,Chennai,Beauty,Perfume,1499,1,0.1,1349.1,Debit Card,4
ORD00714,CUST0529,2024-04-10,Bengaluru,Sports,Cricket Bat,1799,3,0.0,5397.0,Credit Card,6
ORD00715,CUST0005,2024-04-28,Kolkata,Electronics,Smart Watch,3999,4,0.15,13596.6,UPI,6
ORD00716,CUST0106,2024-02-17,Kolkata,Sports,Yoga Mat,899,3,0.1,2427.3,UPI,5
ORD00717,CUST0198,2024-07-24,Kolkata,Home & Kitchen,Bedsheet Set,1299,2,0.05,2468.1,Debit Card,5
ORD00718,CUST0162,2024-06-01,Kolkata,Home & Kitchen,Coffee Maker,3499,1,0.05,3324.05,UPI,1
ORD00719,CUST0359,2025-07-09,Hyderabad,Sports,Dumbbell Set,2999,1,0.0,2999.0,Debit Card,2
ORD00720,CUST0319,2024-03-13,Hyderabad,Home & Kitchen,Bedsheet Set,1299,2,0.0,2598.0,Wallet,4
ORD00721,CUST0109,2024-02-21,Pune,Electronics,Wireless Headphones,2499,1,0.1,2249.1,UPI,1
ORD00722,CUST0645,2025-08-29,Ahmedabad,Beauty,Hair Dryer,1999,2,0.15,3398.3,Wallet,3
ORD00723,CUST0774,2024-03-21,Ahmedabad,Home & Kitchen,Coffee Maker,3499,2,0.15,5948.3,Wallet,2
ORD00724,CUST0318,2025-04-11,Ahmedabad,Electronics,Bluetooth Speaker,1799,4,0.0,7196.0,Cash on Delivery,2
ORD00725,CUST0188,2025-02-05,Hyderabad,Fashion,Men's T-Shirt,799,3,0.05,2277.15,Debit Card,4
ORD00726,CUST0360,2024-04-25,Ahmedabad,Beauty,Face Serum,999,1,0.1,899.1,Cash on Delivery,7
ORD00727,CUST0131,2025-08-11,Delhi,Fashion,Women's Handbag,1899,3,0.15,4842.45,Cash on Delivery,7
ORD00728,CUST0473,2025-06-29,Pune,Electronics,Smart Watch,3999,1,0.05,3799.05,Wallet,4
ORD00729,CUST0494,2024-06-11,Pune,Fashion,Running Shoes,2499,2,0.15,4248.3,UPI,3
ORD00730,CUST0351,2025-08-03,Chennai,Fashion,Running Shoes,2499,4,0.1,8996.4,Credit Card,6
ORD00731,CUST0611,2025-08-29,Ahmedabad,Electronics,Bluetooth Speaker,1799,4,0.0,7196.0,Debit Card,5
ORD00732,CUST0072,2025-02-19,Delhi,Electronics,Smart Watch,3999,2,0.05,7598.1,Wallet,7
ORD00733,CUST0223,2024-04-02,Bengaluru,Beauty,Hair Dryer,1999,4,0.0,7996.0,Wallet,7
ORD00734,CUST0299,2025-06-28,Pune,Electronics,Wireless Headphones,2499,2,0.1,4498.2,Wallet,5
ORD00735,CUST0584,2024-11-02,Kolkata,Beauty,Face Serum,999,2,0.05,1898.1,Cash on Delivery,6
ORD00736,CUST0414,2025-06-06,Bengaluru,Home & Kitchen,Water Bottle,499,1,0.15,424.15,Debit Card,1
ORD00737,CUST0368,2025-07-27,Delhi,Home & Kitchen,Bedsheet Set,1299,1,0.0,1299.0,Debit Card,7
ORD00738,CUST0641,2025-02-07,Hyderabad,Electronics,Wireless Headphones,2499,4,0.15,8496.6,Cash on Delivery,4
ORD00739,CUST0143,2025-05-01,Chennai,Beauty,Hair Dryer,1999,2,0.0,3998.0,Wallet,4
ORD00740,CUST0138,2024-05-08,Mumbai,Home & Kitchen,Coffee Maker,3499,2,0.05,6648.1,UPI,6
ORD00741,CUST0087,2024-05-19,Bengaluru,Electronics,Wireless Headphones,2499,4,0.1,8996.4,Cash on Delivery,7
ORD00742,CUST0466,2024-07-03,Pune,Beauty,Perfume,1499,4,0.15,5096.6,Wallet,7
ORD00743,CUST0435,2024-07-09,Mumbai,Beauty,Hair Dryer,1999,3,0.0,5997.0,Wallet,4
ORD00744,CUST0591,2025-07-13,Hyderabad,Fashion,Running Shoes,2499,3,0.1,6747.3,UPI,1
ORD00745,CUST0494,2025-08-17,Delhi,Sports,Cricket Bat,1799,3,0.0,5397.0,Credit Card,6
ORD00746,CUST0536,2024-03-21,Delhi,Sports,Cricket Bat,1799,4,0.15,6116.6,Credit Card,4
ORD00747,CUST0352,2024-02-24,Mumbai,Electronics,Bluetooth Speaker,1799,3,0.15,4587.45,Cash on Delivery,4
ORD00748,CUST0302,2024-12-27,Kolkata,Sports,Cricket Bat,1799,3,0.1,4857.3,Credit Card,1
ORD00749,CUST0063,2024-09-23,Ahmedabad,Sports,Dumbbell Set,2999,3,0.15,7647.45,Wallet,2
ORD00750,CUST0294,2024-01-28,Ahmedabad,Sports,Yoga Mat,899,3,0.15,2292.45,UPI,2
ORD00751,CUST0631,2024-05-15,Kolkata,Sports,Yoga Mat,899,3,0.05,2562.15,Debit Card,7
ORD00752,CUST0606,2024-06-27,Bengaluru,Home & Kitchen,Water Bottle,499,1,0.15,424.15,Cash on Delivery,3
ORD00753,CUST0541,2024-07-04,Mumbai,Fashion,Women's Handbag,1899,2,0.1,3418.2,Debit Card,1
ORD00754,CUST0789,2025-02-26,Pune,Fashion,Running Shoes,2499,2,0.1,4498.2,Credit Card,6
ORD00755,CUST0752,2025-08-14,Hyderabad,Beauty,Perfume,1499,2,0.0,2998.0,UPI,6
ORD00756,CUST0409,2025-04-20,Ahmedabad,Home & Kitchen,Water Bottle,499,1,0.0,499.0,Debit Card,4
ORD00757,CUST0269,2025-04-30,Bengaluru,Sports,Yoga Mat,899,4,0.1,3236.4,Wallet,7
ORD00758,CUST0695,2025-01-26,Hyderabad,Beauty,Face Serum,999,3,0.1,2697.3,Wallet,6
ORD00759,CUST0668,2025-09-17,Kolkata,Electronics,Wireless Headphones,2499,3,0.1,6747.3,Debit Card,3
ORD00760,CUST0473,2025-02-04,Chennai,Home & Kitchen,Water Bottle,499,3,0.15,1272.45,Wallet,7
ORD00761,CUST0561,2024-11-16,Mumbai,Fashion,Running Shoes,2499,3,0.0,7497.0,UPI,7
ORD00762,CUST0107,2025-06-21,Ahmedabad,Electronics,Wireless Headphones,2499,4,0.0,9996.0,Debit Card,2
ORD00763,CUST0635,2024-01-25,Delhi,Home & Kitchen,Coffee Maker,3499,2,0.0,6998.0,UPI,5
ORD00764,CUST0620,2024-03-29,Bengaluru,Fashion,Running Shoes,2499,1,0.0,2499.0,Cash on Delivery,6
ORD00765,CUST0302,2024-09-16,Ahmedabad,Sports,Yoga Mat,899,1,0.0,899.0,UPI,6
ORD00766,CUST0166,2024-09-20,Delhi,Beauty,Hair Dryer,1999,4,0.05,7596.2,Debit Card,7
ORD00767,CUST0265,2024-03-02,Kolkata,Electronics,Smart Watch,3999,4,0.05,15196.2,Credit Card,4
ORD00768,CUST0183,2025-02-06,Ahmedabad,Electronics,Smart Watch,3999,2,0.15,6798.3,UPI,2
ORD00769,CUST0453,2024-04-18,Kolkata,Sports,Cricket Bat,1799,2,0.15,3058.3,UPI,1
ORD00770,CUST0510,2024-01-20,Bengaluru,Electronics,Wireless Headphones,2499,3,0.1,6747.3,UPI,1
ORD00771,CUST0589,2025-02-04,Mumbai,Beauty,Hair Dryer,1999,2,0.05,3798.1,Wallet,6
ORD00772,CUST0554,2024-03-12,Chennai,Beauty,Hair Dryer,1999,4,0.1,7196.4,UPI,4
ORD00773,CUST0411,2024-11-06,Mumbai,Beauty,Face Serum,999,3,0.05,2847.15,UPI,3
ORD00774,CUST0664,2024-10-23,Chennai,Sports,Cricket Bat,1799,1,0.1,1619.1,Credit Card,5
ORD00775,CUST0110,2025-02-03,Hyderabad,Electronics,Smart Watch,3999,2,0.05,7598.1,Cash on Delivery,1
ORD00776,CUST0198,2024-02-06,Mumbai,Beauty,Perfume,1499,2,0.0,2998.0,Wallet,2
ORD00777,CUST0512,2024-11-11,Ahmedabad,Beauty,Hair Dryer,1999,1,0.15,1699.15,UPI,1
ORD00778,CUST0122,2025-02-19,Chennai,Home & Kitchen,Water Bottle,499,3,0.0,1497.0,Wallet,4
ORD00779,CUST0754,2024-02-07,Bengaluru,Sports,Yoga Mat,899,2,0.0,1798.0,Cash on Delivery,6
ORD00780,CUST0015,2024-05-13,Bengaluru,Electronics,Smart Watch,3999,1,0.0,3999.0,UPI,3
ORD00781,CUST0109,2024-03-06,Delhi,Electronics,Smart Watch,3999,2,0.15,6798.3,Cash on Delivery,5
ORD00782,CUST0346,2025-03-12,Pune,Sports,Yoga Mat,899,1,0.0,899.0,Debit Card,1
ORD00783,CUST0783,2024-08-06,Mumbai,Sports,Dumbbell Set,2999,2,0.05,5698.1,Wallet,2
ORD00784,CUST0776,2024-05-24,Pune,Home & Kitchen,Water Bottle,499,1,0.05,474.05,Credit Card,6
ORD00785,CUST0596,2024-09-06,Mumbai,Home & Kitchen,Bedsheet Set,1299,2,0.1,2338.2,Credit Card,1
ORD00786,CUST0083,2025-05-13,Mumbai,Sports,Cricket Bat,1799,2,0.0,3598.0,UPI,2
ORD00787,CUST0709,2025-05-02,Bengaluru,Electronics,Bluetooth Speaker,1799,3,0.1,4857.3,Credit Card,2
ORD00788,CUST0179,2024-09-01,Mumbai,Home & Kitchen,Bedsheet Set,1299,4,0.1,4676.4,Wallet,2
ORD00789,CUST0429,2024-12-22,Mumbai,Beauty,Perfume,1499,1,0.05,1424.05,Wallet,2
ORD00790,CUST0780,2025-01-05,Chennai,Fashion,Men's T-Shirt,799,1,0.15,679.15,Cash on Delivery,7
ORD00791,CUST0153,2024-04-25,Ahmedabad,Fashion,Women's Handbag,1899,1,0.0,1899.0,Cash on Delivery,2
ORD00792,CUST0292,2025-01-07,Chennai,Fashion,Running Shoes,2499,1,0.0,2499.0,Cash on Delivery,3
ORD00793,CUST0759,2024-04-16,Mumbai,Home & Kitchen,Bedsheet Set,1299,4,0.0,5196.0,Wallet,2
ORD00794,CUST0073,2024-04-28,Chennai,Fashion,Men's T-Shirt,799,4,0.15,2716.6,Cash on Delivery,5
ORD00795,CUST0236,2024-11-29,Delhi,Sports,Cricket Bat,1799,4,0.0,7196.0,Debit Card,2
ORD00796,CUST0226,2025-01-19,Delhi,Electronics,Wireless Headphones,2499,4,0.0,9996.0,Cash on Delivery,5
ORD00797,CUST0625,2024-08-09,Ahmedabad,Beauty,Face Serum,999,4,0.0,3996.0,Credit Card,4
ORD00798,CUST0277,2025-01-02,Chennai,Home & Kitchen,Water Bottle,499,4,0.0,1996.0,Debit Card,2
ORD00799,CUST0114,2024-05-19,Ahmedabad,Electronics,Bluetooth Speaker,1799,1,0.05,1709.05,Cash on Delivery,4
ORD00800,CUST0161,2025-09-10,Bengaluru,Fashion,Women's Handbag,1899,2,0.05,3608.1,Wallet,5
ORD00801,CUST0222,2025-05-15,Ahmedabad,Fashion,Men's T-Shirt,799,4,0.15,2716.6,Cash on Delivery,3
ORD00802,CUST0336,2024-09-10,Pune,Electronics,Bluetooth Speaker,1799,4,0.0,7196.0,Wallet,2
ORD00803,CUST0042,2024-02-15,Ahmedabad,Sports,Yoga Mat,899,1,0.1,809.1,Wallet,1
ORD00804,CUST0464,2024-04-10,Ahmedabad,Beauty,Perfume,1499,4,0.1,5396.4,Credit Card,1
ORD00805,CUST0368,2024-05-15,Kolkata,Sports,Yoga Mat,899,4,0.0,3596.0,Credit Card,6
ORD00806,CUST0721,2024-06-14,Ahmedabad,Electronics,Wireless Headphones,2499,4,0.05,9496.2,Wallet,6
ORD00807,CUST0721,2024-05-21,Pune,Sports,Yoga Mat,899,4,0.1,3236.4,Credit Card,7
ORD00808,CUST0395,2024-03-13,Hyderabad,Home & Kitchen,Bedsheet Set,1299,4,0.0,5196.0,Wallet,1
ORD00809,CUST0590,2025-07-09,Chennai,Home & Kitchen,Coffee Maker,3499,3,0.15,8922.45,UPI,5
ORD00810,CUST0053,2025-01-07,Delhi,Home & Kitchen,Bedsheet Set,1299,1,0.15,1104.15,Cash on Delivery,3
ORD00811,CUST0180,2025-01-10,Delhi,Beauty,Perfume,1499,1,0.05,1424.05,Wallet,6
ORD00812,CUST0117,2025-07-06,Ahmedabad,Fashion,Men's T-Shirt,799,3,0.0,2397.0,Wallet,7
ORD00813,CUST0274,2024-12-27,Pune,Fashion,Running Shoes,2499,2,0.05,4748.1,Debit Card,1
ORD00814,CUST0514,2025-05-12,Delhi,Electronics,Smart Watch,3999,3,0.1,10797.3,Cash on Delivery,6
ORD00815,CUST0377,2025-09-27,Delhi,Sports,Dumbbell Set,2999,3,0.1,8097.3,Credit Card,4
ORD00816,CUST0079,2024-10-22,Delhi,Electronics,Wireless Headphones,2499,4,0.0,9996.0,Credit Card,3
ORD00817,CUST0210,2024-06-03,Mumbai,Electronics,Bluetooth Speaker,1799,2,0.1,3238.2,Debit Card,4
ORD00818,CUST0455,2025-03-06,Mumbai,Sports,Yoga Mat,899,4,0.05,3416.2,Debit Card,2
ORD00819,CUST0422,2024-12-09,Hyderabad,Electronics,Wireless Headphones,2499,2,0.15,4248.3,Debit Card,4
ORD00820,CUST0581,2024-11-07,Bengaluru,Sports,Dumbbell Set,2999,4,0.1,10796.4,Debit Card,2
ORD00821,CUST0789,2024-10-22,Mumbai,Home & Kitchen,Water Bottle,499,4,0.05,1896.2,Credit Card,3
ORD00822,CUST0729,2024-06-13,Kolkata,Home & Kitchen,Coffee Maker,3499,2,0.15,5948.3,Credit Card,2
ORD00823,CUST0325,2024-02-12,Bengaluru,Fashion,Men's T-Shirt,799,2,0.0,1598.0,Cash on Delivery,3
ORD00824,CUST0682,2024-02-05,Hyderabad,Home & Kitchen,Water Bottle,499,2,0.15,848.3,Debit Card,2
ORD00825,CUST0125,2024-11-04,Mumbai,Home & Kitchen,Coffee Maker,3499,2,0.15,5948.3,Cash on Delivery,4
ORD00826,CUST0757,2024-01-05,Hyderabad,Fashion,Women's Handbag,1899,3,0.0,5697.0,Debit Card,4
ORD00827,CUST0347,2025-03-28,Delhi,Home & Kitchen,Bedsheet Set,1299,2,0.15,2208.3,Cash on Delivery,1
ORD00828,CUST0412,2024-01-26,Chennai,Fashion,Running Shoes,2499,1,0.05,2374.05,Cash on Delivery,3
ORD00829,CUST0598,2024-07-18,Chennai,Electronics,Smart Watch,3999,1,0.15,3399.15,Debit Card,2
ORD00830,CUST0404,2025-06-08,Chennai,Electronics,Wireless Headphones,2499,4,0.0,9996.0,Cash on Delivery,3
ORD00831,CUST0152,2025-02-11,Pune,Sports,Dumbbell Set,2999,1,0.05,2849.05,Debit Card,4
ORD00832,CUST0316,2024-12-25,Ahmedabad,Home & Kitchen,Water Bottle,499,3,0.05,1422.15,Wallet,1
ORD00833,CUST0296,2025-03-29,Bengaluru,Fashion,Running Shoes,2499,4,0.1,8996.4,Cash on Delivery,6
ORD00834,CUST0311,2024-07-31,Ahmedabad,Beauty,Face Serum,999,1,0.0,999.0,Wallet,3
ORD00835,CUST0420,2024-01-07,Kolkata,Electronics,Bluetooth Speaker,1799,4,0.0,7196.0,Cash on Delivery,2
ORD00836,CUST0391,2024-07-09,Kolkata,Sports,Cricket Bat,1799,2,0.0,3598.0,Wallet,4
ORD00837,CUST0758,2025-07-26,Ahmedabad,Electronics,Smart Watch,3999,3,0.1,10797.3,Credit Card,1
ORD00838,CUST0128,2025-04-28,Kolkata,Electronics,Wireless Headphones,2499,3,0.05,7122.15,Cash on Delivery,2
ORD00839,CUST0784,2024-05-02,Kolkata,Beauty,Perfume,1499,2,0.0,2998.0,Cash on Delivery,1
ORD00840,CUST0580,2025-05-07,Pune,Sports,Dumbbell Set,2999,3,0.15,7647.45,Debit Card,6
ORD00841,CUST0751,2025-06-08,Mumbai,Beauty,Perfume,1499,1,0.05,1424.05,Debit Card,2
ORD00842,CUST0710,2025-04-17,Bengaluru,Sports,Yoga Mat,899,2,0.05,1708.1,Debit Card,2
ORD00843,CUST0050,2024-12-30,Kolkata,Electronics,Smart Watch,3999,3,0.1,10797.3,Debit Card,5
ORD00844,CUST0614,2024-04-06,Bengaluru,Electronics,Bluetooth Speaker,1799,2,0.0,3598.0,Wallet,3
ORD00845,CUST0099,2025-01-06,Hyderabad,Home & Kitchen,Bedsheet Set,1299,3,0.05,3702.15,Credit Card,1
ORD00846,CUST0422,2025-05-11,Hyderabad,Fashion,Running Shoes,2499,3,0.05,7122.15,Credit Card,1
ORD00847,CUST0629,2025-07-26,Delhi,Fashion,Men's T-Shirt,799,2,0.0,1598.0,Cash on Delivery,4
ORD00848,CUST0357,2025-05-06,Kolkata,Electronics,Wireless Headphones,2499,2,0.0,4998.0,Debit Card,2
ORD00849,CUST0030,2024-11-07,Delhi,Beauty,Perfume,1499,3,0.0,4497.0,Credit Card,2
ORD00850,CUST0215,2024-05-08,Bengaluru,Fashion,Running Shoes,2499,2,0.05,4748.1,UPI,4
ORD00851,CUST0044,2025-03-17,Chennai,Electronics,Wireless Headphones,2499,1,0.1,2249.1,UPI,1
ORD00852,CUST0260,2024-05-01,Mumbai,Sports,Dumbbell Set,2999,1,0.1,2699.1,UPI,3
ORD00853,CUST0602,2024-07-29,Chennai,Electronics,Wireless Headphones,2499,1,0.15,2124.15,Credit Card,6
ORD00854,CUST0594,2024-10-11,Hyderabad,Home & Kitchen,Water Bottle,499,1,0.0,499.0,Debit Card,2
ORD00855,CUST0070,2025-08-06,Delhi,Sports,Dumbbell Set,2999,2,0.15,5098.3,Wallet,7
ORD00856,CUST0176,2024-10-15,Mumbai,Electronics,Bluetooth Speaker,1799,2,0.0,3598.0,UPI,2
ORD00857,CUST0190,2025-08-26,Ahmedabad,Sports,Dumbbell Set,2999,4,0.05,11396.2,UPI,2
ORD00858,CUST0234,2025-06-10,Pune,Home & Kitchen,Coffee Maker,3499,4,0.0,13996.0,UPI,7
ORD00859,CUST0140,2025-06-16,Ahmedabad,Home & Kitchen,Water Bottle,499,4,0.0,1996.0,Debit Card,6
ORD00860,CUST0506,2024-12-01,Delhi,Home & Kitchen,Bedsheet Set,1299,1,0.0,1299.0,Cash on Delivery,3
ORD00861,CUST0568,2024-08-19,Pune,Beauty,Perfume,1499,3,0.1,4047.3,Debit Card,7
ORD00862,CUST0184,2025-01-11,Mumbai,Beauty,Face Serum,999,1,0.1,899.1,Cash on Delivery,6
ORD00863,CUST0123,2024-03-28,Bengaluru,Electronics,Smart Watch,3999,4,0.15,13596.6,Cash on Delivery,4
ORD00864,CUST0204,2025-01-07,Hyderabad,Sports,Yoga Mat,899,2,0.0,1798.0,Credit Card,5
ORD00865,CUST0286,2025-05-26,Kolkata,Beauty,Face Serum,999,2,0.1,1798.2,Cash on Delivery,3
ORD00866,CUST0286,2025-06-07,Bengaluru,Beauty,Perfume,1499,4,0.1,5396.4,Cash on Delivery,1
ORD00867,CUST0644,2024-08-24,Bengaluru,Electronics,Smart Watch,3999,4,0.1,14396.4,UPI,1
ORD00868,CUST0392,2024-07-02,Hyderabad,Electronics,Wireless Headphones,2499,4,0.0,9996.0,Credit Card,3
ORD00869,CUST0786,2025-06-16,Ahmedabad,Sports,Dumbbell Set,2999,1,0.0,2999.0,Cash on Delivery,2
ORD00870,CUST0268,2025-05-31,Hyderabad,Home & Kitchen,Bedsheet Set,1299,4,0.1,4676.4,Wallet,5
ORD00871,CUST0461,2025-01-27,Hyderabad,Electronics,Wireless Headphones,2499,4,0.0,9996.0,Cash on Delivery,4
ORD00872,CUST0676,2025-07-24,Kolkata,Beauty,Face Serum,999,1,0.0,999.0,Credit Card,4
ORD00873,CUST0783,2025-05-14,Delhi,Beauty,Face Serum,999,3,0.1,2697.3,Wallet,6
ORD00874,CUST0161,2025-07-29,Mumbai,Beauty,Perfume,1499,4,0.1,5396.4,Cash on Delivery,3
ORD00875,CUST0785,2024-12-27,Kolkata,Beauty,Perfume,1499,4,0.15,5096.6,Debit Card,1
ORD00876,CUST0358,2025-01-10,Mumbai,Electronics,Bluetooth Speaker,1799,1,0.0,1799.0,Debit Card,4
ORD00877,CUST0360,2025-02-25,Mumbai,Electronics,Smart Watch,3999,3,0.05,11397.15,Credit Card,2
ORD00878,CUST0705,2024-03-27,Delhi,Fashion,Running Shoes,2499,3,0.15,6372.45,Debit Card,1
ORD00879,CUST0039,2024-11-29,Ahmedabad,Home & Kitchen,Water Bottle,499,1,0.15,424.15,Cash on Delivery,5
ORD00880,CUST0603,2025-04-25,Mumbai,Sports,Cricket Bat,1799,3,0.0,5397.0,Debit Card,4
ORD00881,CUST0501,2024-04-10,Delhi,Sports,Cricket Bat,1799,3,0.15,4587.45,Credit Card,3
ORD00882,CUST0307,2025-09-21,Hyderabad,Beauty,Perfume,1499,3,0.0,4497.0,Cash on Delivery,2
ORD00883,CUST0295,2024-08-07,Kolkata,Beauty,Perfume,1499,1,0.15,1274.15,UPI,3
ORD00884,CUST0735,2024-04-04,Delhi,Sports,Cricket Bat,1799,2,0.15,3058.3,Wallet,3
ORD00885,CUST0356,2024-08-02,Delhi,Home & Kitchen,Water Bottle,499,4,0.1,1796.4,Debit Card,5
ORD00886,CUST0412,2025-02-28,Kolkata,Home & Kitchen,Coffee Maker,3499,3,0.0,10497.0,Wallet,5
ORD00887,CUST0192,2025-06-12,Ahmedabad,Beauty,Perfume,1499,2,0.0,2998.0,Credit Card,6
ORD00888,CUST0535,2024-03-02,Chennai,Beauty,Hair Dryer,1999,4,0.15,6796.6,Debit Card,4
ORD00889,CUST0421,2025-03-21,Hyderabad,Fashion,Men's T-Shirt,799,2,0.05,1518.1,UPI,6
ORD00890,CUST0263,2024-06-13,Chennai,Fashion,Women's Handbag,1899,3,0.05,5412.15,Cash on Delivery,2
ORD00891,CUST0318,2024-09-08,Ahmedabad,Electronics,Wireless Headphones,2499,2,0.0,4998.0,Cash on Delivery,5
ORD00892,CUST0280,2024-06-12,Bengaluru,Beauty,Hair Dryer,1999,1,0.0,1999.0,UPI,3
ORD00893,CUST0021,2025-05-12,Mumbai,Home & Kitchen,Bedsheet Set,1299,2,0.0,2598.0,UPI,3
ORD00894,CUST0688,2025-01-07,Delhi,Sports,Cricket Bat,1799,1,0.1,1619.1,Cash on Delivery,7
ORD00895,CUST0124,2025-05-27,Kolkata,Fashion,Men's T-Shirt,799,1,0.15,679.15,Cash on Delivery,1
ORD00896,CUST0599,2024-12-03,Pune,Fashion,Running Shoes,2499,1,0.05,2374.05,Credit Card,4
ORD00897,CUST0282,2024-08-07,Ahmedabad,Fashion,Men's T-Shirt,799,1,0.0,799.0,Cash on Delivery,3
ORD00898,CUST0717,2025-01-18,Delhi,Sports,Yoga Mat,899,4,0.15,3056.6,Debit Card,5
ORD00899,CUST0372,2024-05-28,Ahmedabad,Beauty,Hair Dryer,1999,2,0.05,3798.1,Debit Card,7
ORD00900,CUST0260,2024-09-02,Pune,Home & Kitchen,Water Bottle,499,1,0.0,499.0,Debit Card,6
ORD00901,CUST0454,2024-08-30,Pune,Home & Kitchen,Bedsheet Set,1299,1,0.15,1104.15,UPI,4
ORD00902,CUST0216,2024-10-31,Bengaluru,Home & Kitchen,Coffee Maker,3499,1,0.0,3499.0,Cash on Delivery,6
ORD00903,CUST0083,2024-10-07,Ahmedabad,Home & Kitchen,Bedsheet Set,1299,4,0.0,5196.0,Cash on Delivery,6
ORD00904,CUST0716,2024-06-13,Kolkata,Beauty,Hair Dryer,1999,4,0.0,7996.0,Wallet,1
ORD00905,CUST0781,2024-01-29,Mumbai,Home & Kitchen,Coffee Maker,3499,3,0.1,9447.3,Credit Card,6
ORD00906,CUST0205,2025-02-14,Kolkata,Beauty,Perfume,1499,2,0.0,2998.0,Debit Card,5
ORD00907,CUST0731,2025-06-12,Bengaluru,Electronics,Wireless Headphones,2499,2,0.0,4998.0,Wallet,6
ORD00908,CUST0267,2024-05-16,Bengaluru,Beauty,Hair Dryer,1999,4,0.1,7196.4,Wallet,7
ORD00909,CUST0377,2025-02-28,Bengaluru,Home & Kitchen,Coffee Maker,3499,2,0.0,6998.0,Cash on Delivery,4
ORD00910,CUST0663,2025-07-25,Chennai,Sports,Yoga Mat,899,1,0.0,899.0,UPI,4
ORD00911,CUST0633,2025-02-14,Pune,Fashion,Women's Handbag,1899,2,0.0,3798.0,Wallet,3
ORD00912,CUST0121,2025-08-03,Mumbai,Fashion,Men's T-Shirt,799,3,0.0,2397.0,Wallet,4
ORD00913,CUST0731,2024-08-17,Chennai,Beauty,Perfume,1499,4,0.0,5996.0,Credit Card,7
ORD00914,CUST0442,2024-05-13,Chennai,Home & Kitchen,Coffee Maker,3499,4,0.1,12596.4,Wallet,2
ORD00915,CUST0419,2024-07-03,Bengaluru,Home & Kitchen,Bedsheet Set,1299,2,0.1,2338.2,UPI,3
ORD00916,CUST0597,2025-01-13,Ahmedabad,Home & Kitchen,Water Bottle,499,4,0.0,1996.0,UPI,1
ORD00917,CUST0731,2024-08-05,Pune,Beauty,Face Serum,999,3,0.1,2697.3,Cash on Delivery,6
ORD00918,CUST0061,2025-07-24,Mumbai,Sports,Cricket Bat,1799,1,0.0,1799.0,Debit Card,2
ORD00919,CUST0517,2024-09-16,Pune,Beauty,Hair Dryer,1999,1,0.0,1999.0,Debit Card,4
ORD00920,CUST0267,2024-07-02,Bengaluru,Home & Kitchen,Water Bottle,499,1,0.15,424.15,Wallet,4
ORD00921,CUST0728,2024-11-20,Pune,Home & Kitchen,Coffee Maker,3499,2,0.0,6998.0,Credit Card,3
ORD00922,CUST0288,2025-05-26,Hyderabad,Electronics,Smart Watch,3999,1,0.0,3999.0,Cash on Delivery,3
ORD00923,CUST0447,2024-11-16,Bengaluru,Home & Kitchen,Bedsheet Set,1299,3,0.15,3312.45,Debit Card,6
ORD00924,CUST0153,2024-07-12,Mumbai,Beauty,Face Serum,999,4,0.0,3996.0,Credit Card,2
ORD00925,CUST0447,2025-04-23,Delhi,Electronics,Smart Watch,3999,3,0.0,11997.0,Cash on Delivery,1
ORD00926,CUST0116,2025-05-19,Bengaluru,Beauty,Hair Dryer,1999,4,0.1,7196.4,UPI,3
ORD00927,CUST0768,2024-06-21,Kolkata,Electronics,Wireless Headphones,2499,3,0.0,7497.0,Wallet,6
ORD00928,CUST0185,2025-08-07,Pune,Sports,Yoga Mat,899,1,0.15,764.15,UPI,2
ORD00929,CUST0292,2024-01-27,Delhi,Beauty,Perfume,1499,1,0.05,1424.05,Cash on Delivery,3
ORD00930,CUST0084,2024-01-30,Ahmedabad,Sports,Yoga Mat,899,3,0.0,2697.0,Cash on Delivery,4
ORD00931,CUST0672,2024-02-14,Ahmedabad,Home & Kitchen,Bedsheet Set,1299,1,0.05,1234.05,Debit Card,6
ORD00932,CUST0331,2024-10-16,Mumbai,Sports,Yoga Mat,899,2,0.0,1798.0,UPI,5
ORD00933,CUST0183,2024-09-18,Chennai,Sports,Cricket Bat,1799,1,0.1,1619.1,Cash on Delivery,1
ORD00934,CUST0292,2025-02-16,Bengaluru,Electronics,Wireless Headphones,2499,2,0.1,4498.2,UPI,3
ORD00935,CUST0368,2024-05-14,Delhi,Beauty,Hair Dryer,1999,3,0.15,5097.45,Debit Card,5
ORD00936,CUST0275,2025-05-02,Pune,Fashion,Women's Handbag,1899,4,0.1,6836.4,UPI,7
ORD00937,CUST0096,2025-03-12,Mumbai,Beauty,Hair Dryer,1999,2,0.1,3598.2,Wallet,3
ORD00938,CUST0540,2025-05-22,Delhi,Beauty,Perfume,1499,2,0.0,2998.0,Debit Card,4
ORD00939,CUST0131,2024-06-01,Kolkata,Beauty,Face Serum,999,4,0.05,3796.2,Credit Card,5
ORD00940,CUST0047,2024-03-19,Delhi,Beauty,Hair Dryer,1999,1,0.15,1699.15,Wallet,4
ORD00941,CUST0364,2024-09-16,Kolkata,Beauty,Face Serum,999,4,0.15,3396.6,Wallet,1
ORD00942,CUST0187,2024-07-02,Pune,Sports,Yoga Mat,899,1,0.1,809.1,UPI,1
ORD00943,CUST0742,2025-08-24,Ahmedabad,Beauty,Perfume,1499,3,0.05,4272.15,Cash on Delivery,5
ORD00944,CUST0081,2024-07-08,Kolkata,Home & Kitchen,Coffee Maker,3499,2,0.0,6998.0,UPI,4
ORD00945,CUST0014,2024-04-29,Bengaluru,Sports,Yoga Mat,899,1,0.1,809.1,Cash on Delivery,4
ORD00946,CUST0632,2025-09-25,Hyderabad,Beauty,Perfume,1499,4,0.05,5696.2,Cash on Delivery,7
ORD00947,CUST0196,2024-01-15,Delhi,Home & Kitchen,Water Bottle,499,2,0.0,998.0,UPI,6
ORD00948,CUST0666,2024-05-28,Chennai,Fashion,Men's T-Shirt,799,2,0.1,1438.2,Cash on Delivery,7
ORD00949,CUST0152,2025-04-19,Ahmedabad,Sports,Yoga Mat,899,1,0.05,854.05,Cash on Delivery,1
ORD00950,CUST0483,2025-05-11,Mumbai,Electronics,Wireless Headphones,2499,2,0.1,4498.2,Cash on Delivery,5
ORD00951,CUST0053,2025-02-05,Hyderabad,Fashion,Men's T-Shirt,799,3,0.15,2037.45,UPI,1
ORD00952,CUST0749,2025-09-02,Kolkata,Beauty,Hair Dryer,1999,4,0.15,6796.6,UPI,4
ORD00953,CUST0541,2024-03-03,Mumbai,Beauty,Hair Dryer,1999,4,0.0,7996.0,Cash on Delivery,5
ORD00954,CUST0485,2025-03-03,Delhi,Home & Kitchen,Bedsheet Set,1299,1,0.05,1234.05,Cash on Delivery,5
ORD00955,CUST0295,2024-06-14,Chennai,Home & Kitchen,Coffee Maker,3499,4,0.0,13996.0,Cash on Delivery,3
ORD00956,CUST0617,2024-12-13,Ahmedabad,Beauty,Face Serum,999,2,0.15,1698.3,Credit Card,3
ORD00957,CUST0637,2024-06-14,Chennai,Beauty,Hair Dryer,1999,3,0.1,5397.3,Debit Card,6
ORD00958,CUST0205,2024-06-26,Bengaluru,Electronics,Bluetooth Speaker,1799,4,0.0,7196.0,Wallet,4
ORD00959,CUST0215,2024-08-28,Mumbai,Electronics,Smart Watch,3999,4,0.05,15196.2,UPI,3
ORD00960,CUST0033,2025-05-30,Delhi,Home & Kitchen,Coffee Maker,3499,2,0.0,6998.0,Debit Card,4
ORD00961,CUST0230,2025-07-29,Ahmedabad,Electronics,Bluetooth Speaker,1799,2,0.0,3598.0,Debit Card,3
ORD00962,CUST0619,2025-06-11,Delhi,Home & Kitchen,Water Bottle,499,3,0.0,1497.0,UPI,4
ORD00963,CUST0105,2025-09-16,Mumbai,Beauty,Face Serum,999,1,0.15,849.15,Wallet,1
ORD00964,CUST0161,2025-01-05,Kolkata,Fashion,Running Shoes,2499,1,0.0,2499.0,Cash on Delivery,7
ORD00965,CUST0343,2025-01-07,Bengaluru,Sports,Cricket Bat,1799,1,0.0,1799.0,UPI,7
ORD00966,CUST0486,2024-09-08,Hyderabad,Fashion,Women's Handbag,1899,4,0.0,7596.0,Debit Card,5
ORD00967,CUST0370,2025-02-28,Chennai,Fashion,Men's T-Shirt,799,3,0.05,2277.15,Credit Card,7
ORD00968,CUST0424,2025-03-15,Pune,Sports,Cricket Bat,1799,2,0.0,3598.0,Cash on Delivery,7
ORD00969,CUST0150,2025-03-29,Mumbai,Sports,Dumbbell Set,2999,3,0.0,8997.0,Wallet,1
ORD00970,CUST0445,2024-06-17,Mumbai,Electronics,Smart Watch,3999,3,0.1,10797.3,Cash on Delivery,7
ORD00971,CUST0647,2024-02-29,Kolkata,Electronics,Bluetooth Speaker,1799,2,0.15,3058.3,Cash on Delivery,4
ORD00972,CUST0287,2024-01-09,Bengaluru,Sports,Cricket Bat,1799,3,0.05,5127.15,Cash on Delivery,4
ORD00973,CUST0795,2025-02-18,Chennai,Fashion,Running Shoes,2499,4,0.05,9496.2,Debit Card,1
ORD00974,CUST0533,2024-05-09,Kolkata,Electronics,Bluetooth Speaker,1799,3,0.1,4857.3,Credit Card,1
ORD00975,CUST0776,2024-12-14,Bengaluru,Sports,Dumbbell Set,2999,3,0.15,7647.45,UPI,1
ORD00976,CUST0744,2024-11-07,Pune,Sports,Dumbbell Set,2999,3,0.0,8997.0,Wallet,1
ORD00977,CUST0127,2024-12-28,Mumbai,Electronics,Smart Watch,3999,3,0.15,10197.45,UPI,4
ORD00978,CUST0242,2024-12-13,Chennai,Home & Kitchen,Bedsheet Set,1299,1,0.1,1169.1,Debit Card,3
ORD00979,CUST0756,2025-06-16,Chennai,Home & Kitchen,Bedsheet Set,1299,2,0.1,2338.2,UPI,3
ORD00980,CUST0101,2025-04-10,Bengaluru,Sports,Dumbbell Set,2999,2,0.05,5698.1,Cash on Delivery,7
ORD00981,CUST0134,2025-03-11,Ahmedabad,Beauty,Face Serum,999,1,0.0,999.0,Credit Card,4
ORD00982,CUST0532,2025-07-26,Pune,Electronics,Smart Watch,3999,4,0.15,13596.6,Debit Card,5
ORD00983,CUST0750,2025-05-16,Pune,Beauty,Perfume,1499,4,0.1,5396.4,Credit Card,2
ORD00984,CUST0722,2024-05-12,Delhi,Sports,Yoga Mat,899,4,0.1,3236.4,Credit Card,4
ORD00985,CUST0122,2025-01-13,Pune,Beauty,Face Serum,999,2,0.15,1698.3,UPI,1
ORD00986,CUST0157,2025-06-19,Delhi,Home & Kitchen,Bedsheet Set,1299,3,0.0,3897.0,Debit Card,3
ORD00987,CUST0147,2024-01-29,Bengaluru,Home & Kitchen,Coffee Maker,3499,3,0.1,9447.3,Wallet,4
ORD00988,CUST0758,2024-07-06,Ahmedabad,Electronics,Smart Watch,3999,3,0.0,11997.0,UPI,1
ORD00989,CUST0493,2025-03-03,Kolkata,Sports,Cricket Bat,1799,1,0.0,1799.0,Wallet,4
ORD00990,CUST0781,2024-05-15,Bengaluru,Home & Kitchen,Coffee Maker,3499,4,0.15,11896.6,Wallet,6
ORD00991,CUST0092,2024-11-29,Pune,Beauty,Hair Dryer,1999,4,0.0,7996.0,Cash on Delivery,2
ORD00992,CUST0662,2024-10-11,Delhi,Beauty,Hair Dryer,1999,1,0.1,1799.1,Credit Card,6
ORD00993,CUST0660,2024-05-06,Delhi,Electronics,Bluetooth Speaker,1799,3,0.15,4587.45,Credit Card,5
ORD00994,CUST0194,2025-06-18,Ahmedabad,Sports,Dumbbell Set,2999,1,0.15,2549.15,Wallet,1
ORD00995,CUST0211,2024-10-08,Chennai,Electronics,Bluetooth Speaker,1799,2,0.0,3598.0,Wallet,4
ORD00996,CUST0047,2025-08-26,Ahmedabad,Electronics,Bluetooth Speaker,1799,3,0.1,4857.3,UPI,3
ORD00997,CUST0325,2025-06-24,Pune,Beauty,Face Serum,999,4,0.0,3996.0,Debit Card,1
ORD00998,CUST0188,2024-05-27,Kolkata,Electronics,Wireless Headphones,2499,2,0.05,4748.1,UPI,2
ORD00999,CUST0334,2025-09-21,Bengaluru,Home & Kitchen,Coffee Maker,3499,2,0.0,6998.0,UPI,6
ORD01000,CUST0146,2024-11-23,Pune,Electronics,Smart Watch,3999,4,0.0,15996.0,Debit Card,3
ORD01001,CUST0771,2024-09-02,Chennai,Beauty,Face Serum,999,1,0.0,999.0,Cash on Delivery,5
ORD01002,CUST0326,2024-03-03,Ahmedabad,Sports,Cricket Bat,1799,1,0.05,1709.05,Wallet,4
ORD01003,CUST0020,2024-08-27,Kolkata,Electronics,Smart Watch,3999,1,0.1,3599.1,Wallet,5
ORD01004,CUST0417,2025-08-04,Ahmedabad,Electronics,Wireless Headphones,2499,2,0.05,4748.1,UPI,7
ORD01005,CUST0173,2025-07-07,Chennai,Sports,Yoga Mat,899,2,0.05,1708.1,Wallet,4
ORD01006,CUST0636,2025-04-20,Kolkata,Sports,Cricket Bat,1799,1,0.0,1799.0,Credit Card,1
ORD01007,CUST0697,2024-09-13,Pune,Electronics,Smart Watch,3999,3,0.15,10197.45,Debit Card,7
ORD01008,CUST0757,2024-06-14,Delhi,Fashion,Running Shoes,2499,3,0.0,7497.0,Debit Card,1
ORD01009,CUST0287,2025-07-23,Pune,Beauty,Perfume,1499,1,0.0,1499.0,Credit Card,5
ORD01010,CUST0280,2025-04-08,Chennai,Sports,Cricket Bat,1799,3,0.05,5127.15,Debit Card,3
ORD01011,CUST0662,2024-05-16,Mumbai,Fashion,Women's Handbag,1899,3,0.0,5697.0,Wallet,4
ORD01012,CUST0714,2025-07-23,Ahmedabad,Electronics,Wireless Headphones,2499,2,0.1,4498.2,Cash on Delivery,5
ORD01013,CUST0688,2024-02-01,Ahmedabad,Electronics,Bluetooth Speaker,1799,1,0.15,1529.15,UPI,3
ORD01014,CUST0787,2024-06-30,Mumbai,Beauty,Perfume,1499,3,0.1,4047.3,UPI,4
ORD01015,CUST0761,2024-08-14,Mumbai,Home & Kitchen,Water Bottle,499,4,0.0,1996.0,Debit Card,6
ORD01016,CUST0736,2024-11-06,Chennai,Home & Kitchen,Water Bottle,499,1,0.15,424.15,Credit Card,4
ORD01017,CUST0215,2025-09-12,Mumbai,Home & Kitchen,Water Bottle,499,3,0.1,1347.3,Credit Card,7
ORD01018,CUST0506,2025-05-27,Bengaluru,Beauty,Face Serum,999,3,0.15,2547.45,Wallet,2
ORD01019,CUST0132,2025-08-25,Delhi,Sports,Dumbbell Set,2999,2,0.0,5998.0,Credit Card,3
ORD01020,CUST0710,2024-01-24,Kolkata,Sports,Yoga Mat,899,3,0.0,2697.0,Wallet,4
ORD01021,CUST0417,2025-03-18,Kolkata,Electronics,Smart Watch,3999,1,0.05,3799.05,UPI,6
ORD01022,CUST0778,2025-06-13,Mumbai,Sports,Cricket Bat,1799,4,0.05,6836.2,Credit Card,1
ORD01023,CUST0402,2024-01-06,Chennai,Home & Kitchen,Coffee Maker,3499,4,0.05,13296.2,Debit Card,1
ORD01024,CUST0256,2024-03-17,Chennai,Sports,Yoga Mat,899,2,0.1,1618.2,Credit Card,3
ORD01025,CUST0443,2025-05-06,Mumbai,Home & Kitchen,Water Bottle,499,1,0.0,499.0,Wallet,7
ORD01026,CUST0245,2025-04-29,Hyderabad,Home & Kitchen,Coffee Maker,3499,2,0.0,6998.0,UPI,7
ORD01027,CUST0635,2025-09-06,Ahmedabad,Home & Kitchen,Bedsheet Set,1299,2,0.0,2598.0,UPI,6
ORD01028,CUST0035,2024-03-03,Pune,Beauty,Perfume,1499,1,0.0,1499.0,Debit Card,7
ORD01029,CUST0309,2024-02-26,Pune,Electronics,Wireless Headphones,2499,1,0.1,2249.1,UPI,1
ORD01030,CUST0412,2025-01-25,Delhi,Electronics,Bluetooth Speaker,1799,1,0.05,1709.05,Wallet,7
ORD01031,CUST0476,2025-01-28,Pune,Beauty,Face Serum,999,1,0.1,899.1,Wallet,5
ORD01032,CUST0337,2025-06-13,Chennai,Electronics,Smart Watch,3999,1,0.1,3599.1,UPI,1
ORD01033,CUST0587,2024-07-17,Bengaluru,Electronics,Bluetooth Speaker,1799,1,0.15,1529.15,Wallet,3
ORD01034,CUST0191,2025-03-31,Chennai,Home & Kitchen,Coffee Maker,3499,4,0.15,11896.6,Credit Card,7
ORD01035,CUST0447,2025-08-21,Hyderabad,Electronics,Wireless Headphones,2499,2,0.05,4748.1,Debit Card,5
ORD01036,CUST0618,2024-11-12,Hyderabad,Sports,Yoga Mat,899,2,0.1,1618.2,Debit Card,3
ORD01037,CUST0520,2024-08-31,Mumbai,Electronics,Bluetooth Speaker,1799,2,0.0,3598.0,Cash on Delivery,3
ORD01038,CUST0194,2024-12-15,Ahmedabad,Fashion,Men's T-Shirt,799,2,0.0,1598.0,Cash on Delivery,5
ORD01039,CUST0429,2024-11-02,Hyderabad,Home & Kitchen,Bedsheet Set,1299,3,0.15,3312.45,Credit Card,1
ORD01040,CUST0655,2024-01-04,Chennai,Beauty,Face Serum,999,4,0.0,3996.0,Credit Card,4
ORD01041,CUST0758,2024-12-05,Pune,Sports,Yoga Mat,899,2,0.1,1618.2,Credit Card,4
ORD01042,CUST0367,2024-03-16,Mumbai,Fashion,Men's T-Shirt,799,3,0.0,2397.0,Wallet,1
ORD01043,CUST0784,2025-08-22,Hyderabad,Fashion,Women's Handbag,1899,4,0.0,7596.0,UPI,1
ORD01044,CUST0269,2024-08-12,Bengaluru,Fashion,Men's T-Shirt,799,3,0.0,2397.0,Debit Card,7
ORD01045,CUST0181,2024-01-23,Kolkata,Sports,Yoga Mat,899,2,0.0,1798.0,UPI,1
ORD01046,CUST0313,2024-08-03,Ahmedabad,Fashion,Women's Handbag,1899,1,0.05,1804.05,Credit Card,3
ORD01047,CUST0729,2025-03-20,Delhi,Home & Kitchen,Bedsheet Set,1299,2,0.15,2208.3,UPI,2
ORD01048,CUST0712,2025-01-22,Hyderabad,Fashion,Men's T-Shirt,799,2,0.15,1358.3,Debit Card,5
ORD01049,CUST0602,2025-09-22,Chennai,Beauty,Perfume,1499,2,0.0,2998.0,Wallet,3
ORD01050,CUST0130,2024-10-13,Ahmedabad,Fashion,Women's Handbag,1899,2,0.0,3798.0,Credit Card,6
ORD01051,CUST0398,2025-06-04,Hyderabad,Electronics,Smart Watch,3999,1,0.0,3999.0,Cash on Delivery,5
ORD01052,CUST0712,2025-06-22,Ahmedabad,Beauty,Face Serum,999,3,0.05,2847.15,Cash on Delivery,4
ORD01053,CUST0213,2024-02-07,Chennai,Home & Kitchen,Bedsheet Set,1299,4,0.15,4416.6,Credit Card,4
ORD01054,CUST0387,2025-03-11,Bengaluru,Fashion,Women's Handbag,1899,2,0.05,3608.1,Debit Card,3
ORD01055,CUST0456,2024-10-29,Hyderabad,Sports,Yoga Mat,899,2,0.0,1798.0,Credit Card,5
ORD01056,CUST0479,2025-04-06,Pune,Electronics,Smart Watch,3999,3,0.1,10797.3,Cash on Delivery,3
ORD01057,CUST0184,2024-01-26,Ahmedabad,Beauty,Hair Dryer,1999,3,0.1,5397.3,Credit Card,3
ORD01058,CUST0526,2025-05-28,Delhi,Electronics,Smart Watch,3999,1,0.05,3799.05,Debit Card,2
ORD01059,CUST0560,2024-02-09,Chennai,Electronics,Wireless Headphones,2499,1,0.05,2374.05,Debit Card,2
ORD01060,CUST0723,2024-07-14,Bengaluru,Home & Kitchen,Coffee Maker,3499,3,0.05,9972.15,Wallet,3
ORD01061,CUST0416,2025-02-17,Mumbai,Electronics,Smart Watch,3999,3,0.05,11397.15,Cash on Delivery,6
ORD01062,CUST0741,2024-08-20,Chennai,Sports,Yoga Mat,899,4,0.0,3596.0,Cash on Delivery,2
ORD01063,CUST0088,2024-12-14,Hyderabad,Sports,Dumbbell Set,2999,4,0.1,10796.4,Credit Card,4
ORD01064,CUST0031,2025-07-25,Hyderabad,Beauty,Face Serum,999,4,0.1,3596.4,Credit Card,5
ORD01065,CUST0348,2024-12-29,Chennai,Fashion,Women's Handbag,1899,1,0.1,1709.1,Cash on Delivery,4
ORD01066,CUST0024,2025-08-24,Mumbai,Beauty,Perfume,1499,3,0.05,4272.15,Credit Card,2
ORD01067,CUST0401,2024-07-28,Delhi,Home & Kitchen,Bedsheet Set,1299,4,0.1,4676.4,Wallet,4
ORD01068,CUST0463,2025-08-06,Kolkata,Fashion,Women's Handbag,1899,1,0.05,1804.05,UPI,2
ORD01069,CUST0501,2025-09-09,Mumbai,Electronics,Bluetooth Speaker,1799,2,0.0,3598.0,Credit Card,2
ORD01070,CUST0299,2024-08-26,Delhi,Electronics,Smart Watch,3999,3,0.0,11997.0,Cash on Delivery,1
ORD01071,CUST0421,2024-11-30,Pune,Home & Kitchen,Bedsheet Set,1299,1,0.0,1299.0,Credit Card,1
ORD01072,CUST0399,2024-03-11,Chennai,Fashion,Running Shoes,2499,4,0.1,8996.4,Credit Card,7
ORD01073,CUST0619,2024-06-11,Kolkata,Fashion,Women's Handbag,1899,4,0.1,6836.4,Wallet,2
ORD01074,CUST0008,2024-07-25,Bengaluru,Sports,Dumbbell Set,2999,4,0.05,11396.2,Cash on Delivery,1
ORD01075,CUST0583,2024-12-02,Ahmedabad,Beauty,Perfume,1499,2,0.15,2548.3,Cash on Delivery,4
ORD01076,CUST0356,2025-04-12,Kolkata,Sports,Yoga Mat,899,1,0.05,854.05,Cash on Delivery,5
ORD01077,CUST0751,2025-09-24,Pune,Fashion,Women's Handbag,1899,2,0.0,3798.0,Cash on Delivery,4
ORD01078,CUST0246,2024-02-14,Bengaluru,Fashion,Running Shoes,2499,1,0.1,2249.1,Debit Card,6
ORD01079,CUST0422,2025-05-20,Delhi,Sports,Cricket Bat,1799,1,0.0,1799.0,Debit Card,1
ORD01080,CUST0169,2025-04-06,Kolkata,Electronics,Bluetooth Speaker,1799,3,0.1,4857.3,Credit Card,5
ORD01081,CUST0391,2025-04-17,Hyderabad,Electronics,Smart Watch,3999,1,0.0,3999.0,Cash on Delivery,7
ORD01082,CUST0118,2024-09-13,Bengaluru,Fashion,Women's Handbag,1899,1,0.0,1899.0,Debit Card,6
ORD01083,CUST0562,2024-03-25,Chennai,Beauty,Hair Dryer,1999,4,0.0,7996.0,Cash on Delivery,2
ORD01084,CUST0622,2024-01-19,Delhi,Beauty,Hair Dryer,1999,2,0.0,3998.0,Credit Card,3
ORD01085,CUST0688,2024-03-20,Mumbai,Electronics,Bluetooth Speaker,1799,4,0.0,7196.0,Debit Card,2
ORD01086,CUST0692,2024-02-05,Chennai,Beauty,Hair Dryer,1999,2,0.0,3998.0,Cash on Delivery,6
ORD01087,CUST0455,2024-11-11,Mumbai,Electronics,Bluetooth Speaker,1799,1,0.1,1619.1,Wallet,1
ORD01088,CUST0245,2025-01-18,Chennai,Electronics,Smart Watch,3999,2,0.0,7998.0,UPI,1
ORD01089,CUST0697,2024-07-15,Delhi,Beauty,Face Serum,999,1,0.05,949.05,Credit Card,1
ORD01090,CUST0525,2025-03-01,Delhi,Fashion,Running Shoes,2499,2,0.0,4998.0,Debit Card,3
ORD01091,CUST0555,2024-07-31,Pune,Sports,Dumbbell Set,2999,2,0.15,5098.3,Cash on Delivery,1
ORD01092,CUST0178,2024-11-27,Mumbai,Fashion,Men's T-Shirt,799,1,0.05,759.05,Cash on Delivery,6
ORD01093,CUST0226,2025-04-14,Delhi,Home & Kitchen,Water Bottle,499,4,0.0,1996.0,Debit Card,6
ORD01094,CUST0421,2024-08-11,Kolkata,Sports,Cricket Bat,1799,1,0.0,1799.0,Wallet,4
ORD01095,CUST0615,2024-04-07,Hyderabad,Electronics,Bluetooth Speaker,1799,2,0.05,3418.1,Cash on Delivery,6
ORD01096,CUST0070,2025-05-08,Hyderabad,Fashion,Women's Handbag,1899,2,0.05,3608.1,UPI,5
ORD01097,CUST0516,2024-08-26,Mumbai,Sports,Cricket Bat,1799,4,0.15,6116.6,Credit Card,1
ORD01098,CUST0776,2025-03-14,Chennai,Sports,Yoga Mat,899,3,0.0,2697.0,Wallet,1
ORD01099,CUST0207,2024-10-30,Bengaluru,Electronics,Wireless Headphones,2499,3,0.1,6747.3,Cash on Delivery,2
ORD01100,CUST0285,2024-05-17,Hyderabad,Electronics,Wireless Headphones,2499,4,0.05,9496.2,UPI,5
ORD01101,CUST0751,2024-08-22,Hyderabad,Beauty,Perfume,1499,3,0.0,4497.0,Debit Card,2
ORD01102,CUST0623,2024-08-15,Pune,Fashion,Running Shoes,2499,1,0.0,2499.0,Wallet,3
ORD01103,CUST0072,2025-05-18,Chennai,Fashion,Women's Handbag,1899,1,0.0,1899.0,UPI,6
ORD01104,CUST0607,2024-06-26,Chennai,Fashion,Men's T-Shirt,799,2,0.0,1598.0,Credit Card,5
ORD01105,CUST0739,2024-06-17,Chennai,Electronics,Smart Watch,3999,4,0.05,15196.2,Credit Card,4
ORD01106,CUST0591,2024-10-19,Ahmedabad,Fashion,Running Shoes,2499,2,0.05,4748.1,Credit Card,3
ORD01107,CUST0172,2025-01-21,Ahmedabad,Beauty,Face Serum,999,3,0.1,2697.3,Cash on Delivery,4
ORD01108,CUST0021,2025-05-08,Pune,Sports,Dumbbell Set,2999,4,0.0,11996.0,Cash on Delivery,7
ORD01109,CUST0264,2024-06-28,Pune,Electronics,Smart Watch,3999,2,0.15,6798.3,Cash on Delivery,3
ORD01110,CUST0493,2025-09-12,Delhi,Beauty,Hair Dryer,1999,4,0.15,6796.6,Debit Card,2
ORD01111,CUST0014,2024-01-05,Hyderabad,Beauty,Face Serum,999,2,0.0,1998.0,Cash on Delivery,4
ORD01112,CUST0316,2025-05-16,Delhi,Beauty,Hair Dryer,1999,3,0.1,5397.3,Cash on Delivery,1
ORD01113,CUST0262,2025-03-22,Hyderabad,Electronics,Smart Watch,3999,2,0.0,7998.0,Wallet,6
ORD01114,CUST0435,2025-01-29,Chennai,Beauty,Perfume,1499,3,0.0,4497.0,Credit Card,4
ORD01115,CUST0620,2024-09-24,Ahmedabad,Electronics,Smart Watch,3999,1,0.0,3999.0,Credit Card,3
ORD01116,CUST0790,2024-04-29,Delhi,Fashion,Running Shoes,2499,2,0.0,4998.0,Cash on Delivery,4
ORD01117,CUST0438,2024-06-18,Kolkata,Sports,Yoga Mat,899,2,0.1,1618.2,Debit Card,5
ORD01118,CUST0752,2024-11-11,Pune,Sports,Dumbbell Set,2999,4,0.15,10196.6,UPI,1
ORD01119,CUST0767,2024-08-02,Pune,Sports,Cricket Bat,1799,2,0.05,3418.1,Debit Card,1
ORD01120,CUST0793,2024-03-12,Pune,Fashion,Women's Handbag,1899,1,0.0,1899.0,Wallet,4
ORD01121,CUST0384,2024-06-29,Bengaluru,Home & Kitchen,Bedsheet Set,1299,4,0.0,5196.0,Credit Card,2
ORD01122,CUST0218,2025-08-03,Bengaluru,Beauty,Face Serum,999,1,0.1,899.1,Credit Card,1
ORD01123,CUST0642,2025-03-27,Delhi,Fashion,Men's T-Shirt,799,3,0.1,2157.3,Credit Card,1
ORD01124,CUST0066,2024-10-10,Hyderabad,Home & Kitchen,Water Bottle,499,4,0.0,1996.0,UPI,5
ORD01125,CUST0063,2024-01-10,Kolkata,Fashion,Women's Handbag,1899,4,0.0,7596.0,UPI,6
ORD01126,CUST0008,2025-06-18,Pune,Sports,Yoga Mat,899,1,0.0,899.0,Wallet,5
ORD01127,CUST0440,2025-09-10,Hyderabad,Home & Kitchen,Coffee Maker,3499,4,0.05,13296.2,Debit Card,6
ORD01128,CUST0388,2025-02-12,Mumbai,Home & Kitchen,Coffee Maker,3499,2,0.05,6648.1,Debit Card,7
ORD01129,CUST0743,2025-02-15,Bengaluru,Home & Kitchen,Water Bottle,499,1,0.1,449.1,UPI,5
ORD01130,CUST0463,2025-01-12,Ahmedabad,Electronics,Bluetooth Speaker,1799,3,0.0,5397.0,Wallet,4
ORD01131,CUST0047,2025-01-03,Hyderabad,Fashion,Men's T-Shirt,799,3,0.0,2397.0,Cash on Delivery,2
ORD01132,CUST0357,2024-03-24,Pune,Sports,Cricket Bat,1799,4,0.15,6116.6,Cash on Delivery,6
ORD01133,CUST0200,2025-09-13,Bengaluru,Electronics,Bluetooth Speaker,1799,4,0.05,6836.2,Wallet,5
ORD01134,CUST0309,2024-03-30,Ahmedabad,Sports,Yoga Mat,899,2,0.1,1618.2,Credit Card,4
ORD01135,CUST0175,2024-08-04,Delhi,Electronics,Smart Watch,3999,2,0.0,7998.0,UPI,4
ORD01136,CUST0226,2024-10-14,Kolkata,Electronics,Wireless Headphones,2499,3,0.1,6747.3,Cash on Delivery,6
ORD01137,CUST0093,2025-05-18,Hyderabad,Electronics,Bluetooth Speaker,1799,2,0.15,3058.3,Credit Card,5
ORD01138,CUST0670,2025-01-25,Pune,Sports,Yoga Mat,899,3,0.1,2427.3,Credit Card,2
ORD01139,CUST0092,2024-04-24,Hyderabad,Home & Kitchen,Water Bottle,499,3,0.0,1497.0,Wallet,2
ORD01140,CUST0390,2024-11-16,Mumbai,Electronics,Bluetooth Speaker,1799,3,0.0,5397.0,Debit Card,1
ORD01141,CUST0328,2025-03-09,Hyderabad,Sports,Dumbbell Set,2999,2,0.1,5398.2,Credit Card,5
ORD01142,CUST0010,2025-02-08,Ahmedabad,Sports,Dumbbell Set,2999,2,0.0,5998.0,Debit Card,2
ORD01143,CUST0616,2024-05-30,Kolkata,Home & Kitchen,Water Bottle,499,4,0.1,1796.4,Credit Card,6
ORD01144,CUST0706,2025-05-29,Delhi,Electronics,Bluetooth Speaker,1799,3,0.05,5127.15,Debit Card,7
ORD01145,CUST0722,2024-10-25,Pune,Sports,Cricket Bat,1799,2,0.1,3238.2,UPI,7
ORD01146,CUST0795,2024-02-23,Bengaluru,Home & Kitchen,Water Bottle,499,2,0.0,998.0,Cash on Delivery,6
ORD01147,CUST0402,2025-07-15,Hyderabad,Beauty,Hair Dryer,1999,2,0.0,3998.0,Cash on Delivery,6
ORD01148,CUST0541,2024-03-14,Kolkata,Beauty,Hair Dryer,1999,4,0.1,7196.4,Debit Card,6
ORD01149,CUST0332,2024-05-14,Mumbai,Fashion,Running Shoes,2499,4,0.0,9996.0,Debit Card,4
ORD01150,CUST0299,2025-05-09,Bengaluru,Fashion,Running Shoes,2499,2,0.1,4498.2,Credit Card,2
ORD01151,CUST0105,2025-08-12,Bengaluru,Fashion,Running Shoes,2499,1,0.05,2374.05,Cash on Delivery,4
ORD01152,CUST0184,2025-04-30,Mumbai,Fashion,Men's T-Shirt,799,1,0.05,759.05,UPI,5
ORD01153,CUST0251,2025-02-17,Mumbai,Home & Kitchen,Bedsheet Set,1299,4,0.0,5196.0,UPI,2
ORD01154,CUST0669,2024-06-25,Pune,Beauty,Hair Dryer,1999,3,0.15,5097.45,UPI,7
ORD01155,CUST0377,2025-03-31,Mumbai,Beauty,Perfume,1499,4,0.05,5696.2,UPI,1
ORD01156,CUST0024,2024-08-18,Ahmedabad,Electronics,Wireless Headphones,2499,4,0.15,8496.6,Debit Card,6
ORD01157,CUST0661,2025-05-10,Pune,Electronics,Bluetooth Speaker,1799,2,0.1,3238.2,Debit Card,5
ORD01158,CUST0190,2025-07-04,Pune,Fashion,Men's T-Shirt,799,3,0.0,2397.0,UPI,4
ORD01159,CUST0599,2025-06-15,Delhi,Sports,Dumbbell Set,2999,4,0.0,11996.0,Credit Card,6
ORD01160,CUST0458,2025-07-22,Hyderabad,Electronics,Wireless Headphones,2499,2,0.0,4998.0,UPI,1
ORD01161,CUST0576,2024-03-30,Kolkata,Fashion,Running Shoes,2499,2,0.0,4998.0,UPI,1
ORD01162,CUST0176,2025-07-11,Pune,Electronics,Bluetooth Speaker,1799,3,0.05,5127.15,UPI,2
ORD01163,CUST0144,2025-03-31,Ahmedabad,Home & Kitchen,Water Bottle,499,3,0.15,1272.45,Debit Card,5
ORD01164,CUST0243,2024-02-15,Mumbai,Home & Kitchen,Bedsheet Set,1299,2,0.0,2598.0,Credit Card,2
ORD01165,CUST0222,2025-07-19,Hyderabad,Home & Kitchen,Water Bottle,499,2,0.15,848.3,Debit Card,2
ORD01166,CUST0267,2024-09-18,Pune,Sports,Cricket Bat,1799,1,0.15,1529.15,Credit Card,4
ORD01167,CUST0549,2024-05-26,Chennai,Beauty,Face Serum,999,3,0.1,2697.3,UPI,6
ORD01168,CUST0674,2025-07-31,Bengaluru,Home & Kitchen,Bedsheet Set,1299,2,0.05,2468.1,Cash on Delivery,7
ORD01169,CUST0619,2024-01-27,Chennai,Fashion,Women's Handbag,1899,4,0.1,6836.4,UPI,3
ORD01170,CUST0068,2025-02-20,Hyderabad,Electronics,Bluetooth Speaker,1799,1,0.15,1529.15,UPI,3
ORD01171,CUST0011,2024-10-07,Delhi,Home & Kitchen,Coffee Maker,3499,2,0.0,6998.0,Cash on Delivery,2
ORD01172,CUST0746,2025-06-23,Kolkata,Beauty,Face Serum,999,1,0.0,999.0,Wallet,7
ORD01173,CUST0565,2024-10-15,Kolkata,Beauty,Face Serum,999,3,0.15,2547.45,Wallet,1
ORD01174,CUST0354,2024-07-04,Pune,Electronics,Wireless Headphones,2499,3,0.1,6747.3,Cash on Delivery,5
ORD01175,CUST0674,2024-06-08,Bengaluru,Fashion,Women's Handbag,1899,1,0.15,1614.15,Credit Card,4
ORD01176,CUST0725,2025-01-14,Chennai,Sports,Dumbbell Set,2999,3,0.0,8997.0,Wallet,4
ORD01177,CUST0515,2025-04-24,Kolkata,Beauty,Face Serum,999,4,0.05,3796.2,Debit Card,4
ORD01178,CUST0313,2024-03-30,Pune,Sports,Dumbbell Set,2999,2,0.05,5698.1,Debit Card,7
ORD01179,CUST0096,2024-09-02,Bengaluru,Electronics,Bluetooth Speaker,1799,1,0.0,1799.0,Wallet,1
ORD01180,CUST0011,2025-05-19,Pune,Electronics,Bluetooth Speaker,1799,3,0.15,4587.45,Wallet,6
ORD01181,CUST0715,2025-06-29,Delhi,Fashion,Women's Handbag,1899,4,0.15,6456.6,Cash on Delivery,1
ORD01182,CUST0768,2025-07-01,Hyderabad,Sports,Yoga Mat,899,1,0.1,809.1,Credit Card,6
ORD01183,CUST0173,2025-04-04,Chennai,Sports,Dumbbell Set,2999,1,0.15,2549.15,Credit Card,1
ORD01184,CUST0508,2025-03-08,Pune,Home & Kitchen,Water Bottle,499,3,0.0,1497.0,Credit Card,3
ORD01185,CUST0298,2024-04-30,Kolkata,Electronics,Smart Watch,3999,2,0.15,6798.3,Cash on Delivery,3
ORD01186,CUST0223,2025-02-07,Kolkata,Home & Kitchen,Water Bottle,499,1,0.15,424.15,Wallet,7
ORD01187,CUST0007,2024-12-30,Ahmedabad,Electronics,Smart Watch,3999,4,0.0,15996.0,Debit Card,3
ORD01188,CUST0412,2024-07-09,Hyderabad,Home & Kitchen,Water Bottle,499,1,0.05,474.05,UPI,1
ORD01189,CUST0527,2025-06-25,Bengaluru,Beauty,Hair Dryer,1999,2,0.0,3998.0,Cash on Delivery,1
ORD01190,CUST0482,2024-08-19,Pune,Beauty,Face Serum,999,2,0.05,1898.1,Debit Card,3
ORD01191,CUST0112,2024-10-02,Ahmedabad,Home & Kitchen,Coffee Maker,3499,2,0.15,5948.3,Cash on Delivery,2
ORD01192,CUST0727,2025-01-02,Chennai,Fashion,Women's Handbag,1899,4,0.0,7596.0,UPI,2
ORD01193,CUST0762,2025-03-07,Hyderabad,Home & Kitchen,Water Bottle,499,2,0.1,898.2,UPI,2
ORD01194,CUST0501,2025-03-07,Ahmedabad,Fashion,Women's Handbag,1899,3,0.0,5697.0,Credit Card,3
ORD01195,CUST0111,2024-04-22,Mumbai,Beauty,Perfume,1499,4,0.0,5996.0,Credit Card,2
ORD01196,CUST0695,2024-02-23,Hyderabad,Home & Kitchen,Bedsheet Set,1299,1,0.0,1299.0,Cash on Delivery,5
ORD01197,CUST0498,2024-10-15,Delhi,Electronics,Smart Watch,3999,4,0.05,15196.2,Cash on Delivery,2
ORD01198,CUST0786,2024-10-14,Delhi,Sports,Yoga Mat,899,2,0.0,1798.0,Debit Card,6
ORD01199,CUST0724,2025-04-30,Delhi,Fashion,Running Shoes,2499,4,0.0,9996.0,Wallet,5
ORD01200,CUST0136,2024-05-03,Pune,Fashion,Men's T-Shirt,799,2,0.0,1598.0,UPI,3
ORD01201,CUST0205,2025-09-23,Delhi,Fashion,Men's T-Shirt,799,4,0.0,3196.0,UPI,4
ORD01202,CUST0345,2024-08-15,Pune,Beauty,Perfume,1499,3,0.0,4497.0,Cash on Delivery,1
ORD01203,CUST0276,2024-04-22,Hyderabad,Sports,Cricket Bat,1799,1,0.05,1709.05,Debit Card,3
ORD01204,CUST0042,2024-07-05,Mumbai,Beauty,Face Serum,999,3,0.0,2997.0,UPI,6
ORD01205,CUST0622,2024-10-13,Delhi,Home & Kitchen,Water Bottle,499,3,0.1,1347.3,Cash on Delivery,2
ORD01206,CUST0115,2024-11-07,Delhi,Home & Kitchen,Coffee Maker,3499,3,0.05,9972.15,UPI,6
ORD01207,CUST0761,2025-01-05,Hyderabad,Sports,Yoga Mat,899,3,0.05,2562.15,Credit Card,6
ORD01208,CUST0134,2024-04-18,Delhi,Home & Kitchen,Water Bottle,499,4,0.0,1996.0,UPI,5
ORD01209,CUST0560,2024-03-17,Hyderabad,Fashion,Men's T-Shirt,799,4,0.0,3196.0,Debit Card,6
ORD01210,CUST0197,2024-05-10,Pune,Beauty,Face Serum,999,2,0.0,1998.0,Wallet,6
ORD01211,CUST0645,2025-04-04,Delhi,Home & Kitchen,Bedsheet Set,1299,3,0.05,3702.15,Cash on Delivery,1
ORD01212,CUST0281,2025-09-05,Bengaluru,Beauty,Hair Dryer,1999,1,0.0,1999.0,Debit Card,1
ORD01213,CUST0702,2025-05-21,Delhi,Sports,Yoga Mat,899,2,0.1,1618.2,Credit Card,4
ORD01214,CUST0279,2025-09-13,Chennai,Sports,Cricket Bat,1799,4,0.1,6476.4,Credit Card,1
ORD01215,CUST0526,2024-01-10,Ahmedabad,Fashion,Running Shoes,2499,2,0.15,4248.3,Wallet,6
ORD01216,CUST0726,2024-10-30,Kolkata,Sports,Cricket Bat,1799,3,0.0,5397.0,Wallet,1
ORD01217,CUST0299,2024-08-31,Mumbai,Fashion,Men's T-Shirt,799,1,0.15,679.15,Credit Card,3
ORD01218,CUST0548,2024-08-03,Delhi,Fashion,Women's Handbag,1899,1,0.0,1899.0,UPI,6
ORD01219,CUST0723,2024-03-26,Kolkata,Home & Kitchen,Bedsheet Set,1299,3,0.05,3702.15,Credit Card,4
ORD01220,CUST0365,2024-01-11,Chennai,Sports,Cricket Bat,1799,3,0.0,5397.0,Debit Card,2
ORD01221,CUST0642,2024-09-20,Chennai,Home & Kitchen,Water Bottle,499,1,0.1,449.1,Cash on Delivery,2
ORD01222,CUST0160,2025-02-08,Ahmedabad,Home & Kitchen,Coffee Maker,3499,2,0.15,5948.3,Credit Card,6
ORD01223,CUST0508,2024-04-05,Bengaluru,Beauty,Hair Dryer,1999,2,0.1,3598.2,Cash on Delivery,2
ORD01224,CUST0022,2024-10-15,Kolkata,Fashion,Men's T-Shirt,799,4,0.0,3196.0,Credit Card,2
ORD01225,CUST0074,2024-05-26,Pune,Beauty,Perfume,1499,2,0.0,2998.0,Credit Card,4
ORD01226,CUST0103,2025-09-09,Pune,Beauty,Face Serum,999,2,0.0,1998.0,Cash on Delivery,1
ORD01227,CUST0789,2024-09-11,Delhi,Electronics,Wireless Headphones,2499,1,0.0,2499.0,Debit Card,2
ORD01228,CUST0754,2025-07-09,Hyderabad,Sports,Yoga Mat,899,1,0.0,899.0,UPI,2
ORD01229,CUST0340,2024-11-10,Ahmedabad,Fashion,Women's Handbag,1899,4,0.0,7596.0,Credit Card,2
ORD01230,CUST0022,2024-05-06,Mumbai,Electronics,Bluetooth Speaker,1799,3,0.15,4587.45,UPI,5
ORD01231,CUST0230,2024-01-02,Mumbai,Home & Kitchen,Water Bottle,499,4,0.0,1996.0,Credit Card,4
ORD01232,CUST0701,2024-08-19,Pune,Beauty,Face Serum,999,3,0.05,2847.15,UPI,4
ORD01233,CUST0366,2024-10-15,Delhi,Fashion,Men's T-Shirt,799,2,0.0,1598.0,Wallet,3
ORD01234,CUST0155,2025-09-11,Bengaluru,Electronics,Smart Watch,3999,1,0.0,3999.0,Cash on Delivery,5
ORD01235,CUST0684,2024-06-02,Kolkata,Home & Kitchen,Bedsheet Set,1299,2,0.1,2338.2,Wallet,7
ORD01236,CUST0678,2025-05-26,Hyderabad,Home & Kitchen,Coffee Maker,3499,1,0.05,3324.05,Debit Card,7
ORD01237,CUST0152,2024-11-23,Pune,Electronics,Wireless Headphones,2499,2,0.0,4998.0,Cash on Delivery,6
ORD01238,CUST0745,2025-03-13,Kolkata,Beauty,Face Serum,999,1,0.15,849.15,Credit Card,1
ORD01239,CUST0327,2024-12-27,Ahmedabad,Home & Kitchen,Water Bottle,499,2,0.1,898.2,Cash on Delivery,4
ORD01240,CUST0393,2024-09-08,Pune,Beauty,Perfume,1499,3,0.0,4497.0,Wallet,4
ORD01241,CUST0236,2025-07-03,Pune,Sports,Dumbbell Set,2999,4,0.15,10196.6,UPI,5
ORD01242,CUST0371,2024-08-28,Mumbai,Beauty,Perfume,1499,2,0.0,2998.0,Credit Card,7
ORD01243,CUST0062,2024-04-22,Hyderabad,Electronics,Smart Watch,3999,4,0.0,15996.0,Debit Card,7
ORD01244,CUST0432,2025-07-18,Chennai,Fashion,Women's Handbag,1899,4,0.0,7596.0,Credit Card,7
ORD01245,CUST0387,2024-05-26,Mumbai,Fashion,Men's T-Shirt,799,2,0.0,1598.0,Cash on Delivery,3
ORD01246,CUST0489,2024-03-16,Bengaluru,Electronics,Bluetooth Speaker,1799,1,0.15,1529.15,UPI,2
ORD01247,CUST0013,2024-03-19,Pune,Home & Kitchen,Water Bottle,499,1,0.0,499.0,Credit Card,7
ORD01248,CUST0482,2024-11-02,Pune,Fashion,Women's Handbag,1899,2,0.15,3228.3,Debit Card,4
ORD01249,CUST0658,2024-03-02,Mumbai,Electronics,Smart Watch,3999,1,0.0,3999.0,Wallet,7
ORD01250,CUST0434,2025-02-09,Ahmedabad,Fashion,Running Shoes,2499,2,0.0,4998.0,Wallet,6
ORD01251,CUST0161,2025-03-09,Kolkata,Home & Kitchen,Bedsheet Set,1299,3,0.0,3897.0,UPI,5
ORD01252,CUST0058,2025-09-25,Chennai,Beauty,Face Serum,999,2,0.1,1798.2,Cash on Delivery,2
ORD01253,CUST0321,2025-05-03,Pune,Sports,Dumbbell Set,2999,1,0.1,2699.1,Cash on Delivery,2
ORD01254,CUST0112,2024-10-03,Delhi,Electronics,Smart Watch,3999,4,0.0,15996.0,UPI,3
ORD01255,CUST0167,2024-10-15,Delhi,Sports,Cricket Bat,1799,1,0.0,1799.0,UPI,2
ORD01256,CUST0207,2025-07-18,Mumbai,Sports,Yoga Mat,899,3,0.0,2697.0,Credit Card,3
ORD01257,CUST0047,2025-05-10,Mumbai,Electronics,Bluetooth Speaker,1799,1,0.15,1529.15,Debit Card,1
ORD01258,CUST0513,2025-02-11,Chennai,Home & Kitchen,Water Bottle,499,3,0.05,1422.15,Debit Card,7
ORD01259,CUST0340,2024-04-09,Pune,Beauty,Perfume,1499,3,0.0,4497.0,Wallet,1
ORD01260,CUST0489,2025-01-26,Mumbai,Sports,Yoga Mat,899,1,0.15,764.15,Debit Card,2
ORD01261,CUST0736,2024-04-05,Chennai,Fashion,Running Shoes,2499,4,0.0,9996.0,Credit Card,7
ORD01262,CUST0747,2025-06-12,Hyderabad,Fashion,Running Shoes,2499,2,0.15,4248.3,Cash on Delivery,7
ORD01263,CUST0041,2025-03-17,Pune,Fashion,Women's Handbag,1899,3,0.05,5412.15,Credit Card,2
ORD01264,CUST0643,2025-08-03,Ahmedabad,Sports,Dumbbell Set,2999,1,0.0,2999.0,UPI,7
ORD01265,CUST0511,2024-03-30,Delhi,Electronics,Wireless Headphones,2499,3,0.15,6372.45,Cash on Delivery,3
ORD01266,CUST0591,2024-10-13,Hyderabad,Fashion,Women's Handbag,1899,2,0.0,3798.0,Debit Card,1
ORD01267,CUST0263,2025-04-29,Ahmedabad,Electronics,Wireless Headphones,2499,4,0.05,9496.2,Credit Card,1
ORD01268,CUST0411,2024-10-20,Pune,Sports,Cricket Bat,1799,1,0.05,1709.05,Wallet,6
ORD01269,CUST0383,2024-11-17,Delhi,Fashion,Women's Handbag,1899,3,0.15,4842.45,Cash on Delivery,5
ORD01270,CUST0759,2024-02-28,Chennai,Beauty,Hair Dryer,1999,1,0.15,1699.15,Wallet,1
ORD01271,CUST0584,2024-06-11,Pune,Fashion,Men's T-Shirt,799,3,0.1,2157.3,UPI,2
ORD01272,CUST0480,2025-04-22,Ahmedabad,Beauty,Hair Dryer,1999,1,0.05,1899.05,UPI,1
ORD01273,CUST0205,2025-03-19,Pune,Fashion,Running Shoes,2499,1,0.1,2249.1,Debit Card,1
ORD01274,CUST0118,2025-05-02,Kolkata,Home & Kitchen,Coffee Maker,3499,4,0.0,13996.0,Cash on Delivery,1
ORD01275,CUST0328,2024-08-06,Mumbai,Sports,Yoga Mat,899,4,0.0,3596.0,Wallet,7
ORD01276,CUST0219,2025-04-29,Mumbai,Beauty,Face Serum,999,3,0.1,2697.3,Credit Card,7
ORD01277,CUST0651,2024-09-15,Bengaluru,Electronics,Bluetooth Speaker,1799,4,0.05,6836.2,UPI,2
ORD01278,CUST0730,2024-11-01,Ahmedabad,Electronics,Smart Watch,3999,4,0.0,15996.0,Cash on Delivery,5
ORD01279,CUST0095,2024-02-25,Pune,Fashion,Running Shoes,2499,3,0.0,7497.0,Debit Card,7
ORD01280,CUST0494,2025-03-05,Ahmedabad,Home & Kitchen,Water Bottle,499,2,0.05,948.1,Wallet,6
ORD01281,CUST0399,2025-08-07,Mumbai,Fashion,Running Shoes,2499,4,0.05,9496.2,Wallet,7
ORD01282,CUST0149,2025-09-23,Hyderabad,Sports,Yoga Mat,899,1,0.15,764.15,Debit Card,1
ORD01283,CUST0117,2024-11-20,Pune,Fashion,Women's Handbag,1899,2,0.1,3418.2,Debit Card,5
ORD01284,CUST0100,2025-08-15,Mumbai,Electronics,Smart Watch,3999,2,0.1,7198.2,Credit Card,6
ORD01285,CUST0222,2025-01-21,Hyderabad,Fashion,Women's Handbag,1899,2,0.15,3228.3,Credit Card,2
ORD01286,CUST0310,2024-01-17,Kolkata,Sports,Yoga Mat,899,3,0.05,2562.15,Wallet,7
ORD01287,CUST0421,2025-02-27,Hyderabad,Electronics,Bluetooth Speaker,1799,4,0.1,6476.4,Debit Card,7
ORD01288,CUST0470,2024-06-29,Pune,Sports,Cricket Bat,1799,3,0.0,5397.0,Debit Card,2
ORD01289,CUST0391,2025-03-22,Kolkata,Sports,Dumbbell Set,2999,2,0.15,5098.3,Cash on Delivery,6
ORD01290,CUST0092,2024-04-16,Mumbai,Home & Kitchen,Bedsheet Set,1299,1,0.0,1299.0,Wallet,4
ORD01291,CUST0596,2025-05-30,Mumbai,Electronics,Smart Watch,3999,1,0.1,3599.1,Debit Card,7
ORD01292,CUST0391,2025-07-18,Delhi,Beauty,Face Serum,999,2,0.1,1798.2,Credit Card,7
ORD01293,CUST0661,2025-02-26,Pune,Beauty,Face Serum,999,3,0.1,2697.3,UPI,3
ORD01294,CUST0315,2024-09-27,Pune,Fashion,Running Shoes,2499,3,0.05,7122.15,Credit Card,1
ORD01295,CUST0384,2024-06-06,Hyderabad,Beauty,Face Serum,999,1,0.0,999.0,Debit Card,2
ORD01296,CUST0198,2025-02-04,Pune,Sports,Cricket Bat,1799,2,0.15,3058.3,UPI,7
ORD01297,CUST0413,2024-06-26,Hyderabad,Sports,Cricket Bat,1799,2,0.1,3238.2,Wallet,2
ORD01298,CUST0122,2025-05-31,Pune,Beauty,Face Serum,999,1,0.0,999.0,Debit Card,7
ORD01299,CUST0096,2024-04-05,Mumbai,Sports,Yoga Mat,899,3,0.0,2697.0,Cash on Delivery,1
ORD01300,CUST0081,2025-07-10,Pune,Sports,Yoga Mat,899,1,0.15,764.15,UPI,6
ORD01301,CUST0669,2024-09-02,Chennai,Fashion,Women's Handbag,1899,3,0.0,5697.0,Debit Card,2
ORD01302,CUST0282,2024-02-22,Delhi,Sports,Yoga Mat,899,4,0.05,3416.2,Credit Card,6
ORD01303,CUST0611,2025-04-15,Delhi,Electronics,Bluetooth Speaker,1799,1,0.0,1799.0,UPI,2
ORD01304,CUST0507,2024-03-20,Hyderabad,Home & Kitchen,Coffee Maker,3499,2,0.0,6998.0,Credit Card,4
ORD01305,CUST0499,2024-03-16,Delhi,Electronics,Smart Watch,3999,1,0.1,3599.1,Credit Card,6
ORD01306,CUST0185,2024-06-13,Kolkata,Beauty,Hair Dryer,1999,3,0.1,5397.3,UPI,2
ORD01307,CUST0356,2024-12-17,Ahmedabad,Sports,Dumbbell Set,2999,1,0.0,2999.0,Wallet,5
ORD01308,CUST0125,2024-09-17,Chennai,Sports,Yoga Mat,899,2,0.15,1528.3,Wallet,1
ORD01309,CUST0118,2025-01-08,Chennai,Sports,Yoga Mat,899,2,0.0,1798.0,UPI,3
ORD01310,CUST0281,2024-10-01,Ahmedabad,Fashion,Men's T-Shirt,799,1,0.0,799.0,Credit Card,1
ORD01311,CUST0447,2025-05-22,Pune,Home & Kitchen,Bedsheet Set,1299,3,0.1,3507.3,Credit Card,3
ORD01312,CUST0598,2024-04-15,Kolkata,Fashion,Men's T-Shirt,799,3,0.1,2157.3,Credit Card,7
ORD01313,CUST0434,2025-04-01,Kolkata,Fashion,Running Shoes,2499,4,0.1,8996.4,Debit Card,5
ORD01314,CUST0581,2024-07-23,Hyderabad,Electronics,Bluetooth Speaker,1799,4,0.1,6476.4,Debit Card,6
ORD01315,CUST0260,2025-06-07,Pune,Electronics,Smart Watch,3999,2,0.0,7998.0,Debit Card,5
ORD01316,CUST0185,2024-04-27,Hyderabad,Sports,Cricket Bat,1799,4,0.0,7196.0,Cash on Delivery,7
ORD01317,CUST0673,2024-08-08,Hyderabad,Fashion,Women's Handbag,1899,2,0.0,3798.0,Debit Card,2
ORD01318,CUST0735,2024-01-12,Hyderabad,Home & Kitchen,Water Bottle,499,1,0.05,474.05,Credit Card,4
ORD01319,CUST0395,2024-03-08,Kolkata,Sports,Cricket Bat,1799,2,0.15,3058.3,Wallet,2
ORD01320,CUST0734,2024-10-11,Delhi,Sports,Yoga Mat,899,1,0.15,764.15,Wallet,6
ORD01321,CUST0203,2024-11-23,Chennai,Beauty,Perfume,1499,4,0.05,5696.2,UPI,7
ORD01322,CUST0123,2025-03-07,Delhi,Beauty,Hair Dryer,1999,1,0.05,1899.05,Cash on Delivery,2
ORD01323,CUST0022,2025-08-13,Kolkata,Sports,Cricket Bat,1799,4,0.0,7196.0,UPI,6
ORD01324,CUST0413,2024-05-14,Mumbai,Sports,Yoga Mat,899,4,0.05,3416.2,Wallet,5
ORD01325,CUST0098,2025-04-26,Pune,Electronics,Smart Watch,3999,1,0.0,3999.0,Debit Card,3
ORD01326,CUST0794,2025-07-23,Hyderabad,Home & Kitchen,Coffee Maker,3499,4,0.0,13996.0,Cash on Delivery,5
ORD01327,CUST0657,2025-05-20,Delhi,Electronics,Smart Watch,3999,3,0.1,10797.3,Debit Card,5
ORD01328,CUST0143,2024-01-11,Delhi,Electronics,Wireless Headphones,2499,2,0.0,4998.0,Debit Card,7
ORD01329,CUST0742,2024-07-14,Hyderabad,Beauty,Face Serum,999,2,0.0,1998.0,Wallet,1
ORD01330,CUST0312,2024-02-19,Delhi,Electronics,Smart Watch,3999,1,0.0,3999.0,Debit Card,3
ORD01331,CUST0598,2024-05-21,Ahmedabad,Sports,Cricket Bat,1799,3,0.0,5397.0,UPI,2
ORD01332,CUST0535,2024-05-05,Chennai,Home & Kitchen,Water Bottle,499,4,0.1,1796.4,Wallet,4
ORD01333,CUST0095,2024-08-19,Kolkata,Beauty,Hair Dryer,1999,3,0.1,5397.3,Debit Card,6
ORD01334,CUST0077,2024-03-20,Ahmedabad,Electronics,Smart Watch,3999,2,0.0,7998.0,UPI,2
ORD01335,CUST0193,2025-01-29,Ahmedabad,Electronics,Bluetooth Speaker,1799,2,0.1,3238.2,UPI,3
ORD01336,CUST0672,2025-04-09,Bengaluru,Fashion,Running Shoes,2499,3,0.05,7122.15,Wallet,1
ORD01337,CUST0636,2025-04-08,Chennai,Fashion,Men's T-Shirt,799,3,0.1,2157.3,Cash on Delivery,2
ORD01338,CUST0592,2024-11-10,Delhi,Electronics,Smart Watch,3999,4,0.0,15996.0,Credit Card,4
ORD01339,CUST0472,2024-01-17,Bengaluru,Electronics,Bluetooth Speaker,1799,1,0.0,1799.0,Debit Card,1
ORD01340,CUST0122,2024-09-28,Delhi,Beauty,Perfume,1499,4,0.05,5696.2,Debit Card,4
ORD01341,CUST0521,2025-03-17,Hyderabad,Fashion,Men's T-Shirt,799,4,0.15,2716.6,UPI,4
ORD01342,CUST0750,2025-01-26,Pune,Home & Kitchen,Coffee Maker,3499,1,0.0,3499.0,Credit Card,3
ORD01343,CUST0543,2024-10-09,Ahmedabad,Fashion,Women's Handbag,1899,2,0.15,3228.3,Wallet,4
ORD01344,CUST0225,2024-04-23,Delhi,Electronics,Bluetooth Speaker,1799,1,0.0,1799.0,UPI,1
ORD01345,CUST0104,2025-06-28,Kolkata,Sports,Cricket Bat,1799,2,0.0,3598.0,Credit Card,5
ORD01346,CUST0752,2024-08-13,Kolkata,Beauty,Hair Dryer,1999,4,0.0,7996.0,Cash on Delivery,2
ORD01347,CUST0295,2025-09-02,Mumbai,Fashion,Men's T-Shirt,799,3,0.05,2277.15,UPI,2
ORD01348,CUST0175,2024-09-01,Hyderabad,Sports,Dumbbell Set,2999,4,0.05,11396.2,UPI,2
ORD01349,CUST0683,2024-01-14,Ahmedabad,Fashion,Women's Handbag,1899,4,0.0,7596.0,Cash on Delivery,3
ORD01350,CUST0696,2024-06-23,Mumbai,Electronics,Wireless Headphones,2499,3,0.0,7497.0,Wallet,3
ORD01351,CUST0484,2024-09-10,Delhi,Beauty,Perfume,1499,1,0.1,1349.1,UPI,7
ORD01352,CUST0516,2025-06-21,Bengaluru,Electronics,Bluetooth Speaker,1799,3,0.0,5397.0,Credit Card,7
ORD01353,CUST0503,2025-04-08,Hyderabad,Electronics,Wireless Headphones,2499,3,0.05,7122.15,Wallet,3
ORD01354,CUST0362,2024-01-14,Kolkata,Beauty,Hair Dryer,1999,3,0.1,5397.3,Debit Card,5
ORD01355,CUST0746,2025-06-15,Mumbai,Sports,Cricket Bat,1799,1,0.05,1709.05,Credit Card,4
ORD01356,CUST0032,2025-05-24,Chennai,Fashion,Running Shoes,2499,2,0.05,4748.1,Wallet,6
ORD01357,CUST0387,2024-07-17,Delhi,Beauty,Hair Dryer,1999,2,0.0,3998.0,Debit Card,6
ORD01358,CUST0340,2024-12-23,Pune,Sports,Cricket Bat,1799,2,0.05,3418.1,Wallet,4
ORD01359,CUST0533,2025-08-16,Hyderabad,Home & Kitchen,Coffee Maker,3499,2,0.0,6998.0,Wallet,1
ORD01360,CUST0009,2024-04-22,Ahmedabad,Beauty,Hair Dryer,1999,3,0.05,5697.15,Credit Card,4
ORD01361,CUST0681,2025-07-25,Bengaluru,Fashion,Running Shoes,2499,3,0.15,6372.45,Debit Card,4
ORD01362,CUST0042,2025-04-09,Chennai,Home & Kitchen,Water Bottle,499,3,0.0,1497.0,Debit Card,7
ORD01363,CUST0006,2024-11-09,Pune,Sports,Yoga Mat,899,1,0.1,809.1,Debit Card,6
ORD01364,CUST0291,2024-12-24,Bengaluru,Electronics,Wireless Headphones,2499,3,0.0,7497.0,UPI,6
ORD01365,CUST0083,2025-08-22,Kolkata,Home & Kitchen,Water Bottle,499,2,0.1,898.2,Credit Card,1
ORD01366,CUST0409,2025-03-08,Delhi,Beauty,Hair Dryer,1999,2,0.1,3598.2,Debit Card,3
ORD01367,CUST0696,2025-03-22,Hyderabad,Sports,Cricket Bat,1799,2,0.15,3058.3,Wallet,2
ORD01368,CUST0205,2025-07-21,Kolkata,Fashion,Women's Handbag,1899,2,0.1,3418.2,Debit Card,1
ORD01369,CUST0385,2024-07-06,Pune,Home & Kitchen,Bedsheet Set,1299,4,0.15,4416.6,UPI,2
ORD01370,CUST0480,2025-01-01,Hyderabad,Sports,Cricket Bat,1799,3,0.15,4587.45,Cash on Delivery,4
ORD01371,CUST0028,2025-07-26,Pune,Beauty,Hair Dryer,1999,4,0.0,7996.0,UPI,7
ORD01372,CUST0525,2025-08-17,Hyderabad,Fashion,Running Shoes,2499,3,0.0,7497.0,Credit Card,5
ORD01373,CUST0129,2025-02-06,Pune,Sports,Dumbbell Set,2999,3,0.0,8997.0,UPI,4
ORD01374,CUST0277,2024-02-26,Delhi,Sports,Cricket Bat,1799,1,0.0,1799.0,Debit Card,5
ORD01375,CUST0125,2024-03-03,Mumbai,Electronics,Smart Watch,3999,4,0.05,15196.2,Credit Card,5
ORD01376,CUST0692,2024-08-16,Bengaluru,Fashion,Running Shoes,2499,4,0.0,9996.0,Debit Card,6
ORD01377,CUST0118,2024-07-24,Delhi,Home & Kitchen,Bedsheet Set,1299,1,0.1,1169.1,UPI,2
ORD01378,CUST0107,2024-07-28,Ahmedabad,Sports,Yoga Mat,899,1,0.0,899.0,UPI,7
ORD01379,CUST0308,2024-05-04,Pune,Sports,Cricket Bat,1799,4,0.0,7196.0,Cash on Delivery,2
ORD01380,CUST0674,2025-03-25,Delhi,Fashion,Running Shoes,2499,3,0.15,6372.45,Cash on Delivery,2
ORD01381,CUST0524,2024-06-23,Chennai,Electronics,Wireless Headphones,2499,2,0.0,4998.0,Cash on Delivery,4
ORD01382,CUST0377,2025-05-19,Kolkata,Home & Kitchen,Coffee Maker,3499,1,0.15,2974.15,Cash on Delivery,4
ORD01383,CUST0029,2024-05-31,Kolkata,Electronics,Smart Watch,3999,4,0.1,14396.4,Cash on Delivery,1
ORD01384,CUST0035,2024-11-06,Ahmedabad,Sports,Cricket Bat,1799,1,0.15,1529.15,UPI,3
ORD01385,CUST0163,2024-01-10,Hyderabad,Fashion,Women's Handbag,1899,4,0.05,7216.2,Wallet,7
ORD01386,CUST0526,2025-02-03,Delhi,Sports,Yoga Mat,899,3,0.15,2292.45,Credit Card,6
ORD01387,CUST0286,2024-05-23,Kolkata,Fashion,Women's Handbag,1899,3,0.1,5127.3,Cash on Delivery,1
ORD01388,CUST0590,2024-07-03,Kolkata,Beauty,Hair Dryer,1999,4,0.15,6796.6,Credit Card,6
ORD01389,CUST0414,2025-09-24,Delhi,Home & Kitchen,Bedsheet Set,1299,3,0.15,3312.45,UPI,1
ORD01390,CUST0696,2025-05-26,Ahmedabad,Fashion,Men's T-Shirt,799,1,0.0,799.0,Debit Card,7
ORD01391,CUST0746,2024-06-27,Pune,Fashion,Running Shoes,2499,2,0.0,4998.0,Cash on Delivery,1
ORD01392,CUST0768,2024-02-08,Delhi,Electronics,Bluetooth Speaker,1799,3,0.0,5397.0,Cash on Delivery,7
ORD01393,CUST0111,2024-11-24,Ahmedabad,Home & Kitchen,Bedsheet Set,1299,1,0.0,1299.0,Cash on Delivery,2
ORD01394,CUST0503,2024-09-15,Ahmedabad,Sports,Dumbbell Set,2999,2,0.0,5998.0,Debit Card,2
ORD01395,CUST0197,2025-06-25,Delhi,Fashion,Running Shoes,2499,2,0.1,4498.2,Wallet,1
ORD01396,CUST0369,2024-01-06,Pune,Electronics,Wireless Headphones,2499,1,0.0,2499.0,Wallet,5
ORD01397,CUST0195,2025-05-23,Chennai,Electronics,Smart Watch,3999,2,0.15,6798.3,Wallet,7
ORD01398,CUST0573,2025-09-25,Bengaluru,Beauty,Perfume,1499,3,0.05,4272.15,UPI,4
ORD01399,CUST0081,2025-08-05,Bengaluru,Beauty,Perfume,1499,4,0.0,5996.0,Wallet,3
ORD01400,CUST0616,2024-02-22,Hyderabad,Electronics,Wireless Headphones,2499,4,0.0,9996.0,UPI,2
ORD01401,CUST0162,2024-03-10,Kolkata,Home & Kitchen,Coffee Maker,3499,4,0.05,13296.2,UPI,5
ORD01402,CUST0059,2025-09-25,Delhi,Sports,Yoga Mat,899,3,0.1,2427.3,Wallet,4
ORD01403,CUST0432,2024-12-12,Kolkata,Home & Kitchen,Bedsheet Set,1299,1,0.0,1299.0,Credit Card,3
ORD01404,CUST0776,2024-12-03,Mumbai,Electronics,Wireless Headphones,2499,2,0.15,4248.3,Credit Card,4
ORD01405,CUST0427,2024-03-13,Delhi,Electronics,Bluetooth Speaker,1799,1,0.05,1709.05,Wallet,4
ORD01406,CUST0509,2024-02-06,Chennai,Fashion,Women's Handbag,1899,1,0.0,1899.0,Debit Card,4
ORD01407,CUST0027,2024-02-26,Chennai,Beauty,Hair Dryer,1999,2,0.0,3998.0,Wallet,5
ORD01408,CUST0054,2025-05-08,Pune,Beauty,Perfume,1499,1,0.15,1274.15,Cash on Delivery,6
ORD01409,CUST0119,2024-05-21,Ahmedabad,Fashion,Women's Handbag,1899,4,0.15,6456.6,UPI,5
ORD01410,CUST0060,2025-03-23,Chennai,Home & Kitchen,Coffee Maker,3499,2,0.05,6648.1,Credit Card,1
ORD01411,CUST0582,2025-07-03,Mumbai,Sports,Yoga Mat,899,2,0.1,1618.2,UPI,7
ORD01412,CUST0450,2024-05-09,Bengaluru,Fashion,Men's T-Shirt,799,1,0.0,799.0,Debit Card,1
ORD01413,CUST0621,2024-05-12,Pune,Home & Kitchen,Coffee Maker,3499,2,0.05,6648.1,Cash on Delivery,6
ORD01414,CUST0557,2024-09-13,Chennai,Electronics,Bluetooth Speaker,1799,1,0.0,1799.0,Cash on Delivery,6
ORD01415,CUST0799,2025-01-10,Kolkata,Home & Kitchen,Water Bottle,499,4,0.05,1896.2,Credit Card,5
ORD01416,CUST0421,2024-12-20,Ahmedabad,Home & Kitchen,Coffee Maker,3499,1,0.0,3499.0,Debit Card,1
ORD01417,CUST0216,2025-07-20,Delhi,Fashion,Men's T-Shirt,799,2,0.05,1518.1,Debit Card,6
ORD01418,CUST0117,2025-04-09,Mumbai,Fashion,Men's T-Shirt,799,2,0.1,1438.2,Cash on Delivery,7
ORD01419,CUST0308,2025-01-28,Delhi,Electronics,Smart Watch,3999,3,0.15,10197.45,UPI,3
ORD01420,CUST0394,2025-01-26,Ahmedabad,Sports,Cricket Bat,1799,4,0.0,7196.0,UPI,2
ORD01421,CUST0054,2025-06-29,Kolkata,Fashion,Women's Handbag,1899,2,0.1,3418.2,UPI,5
ORD01422,CUST0222,2025-08-28,Mumbai,Home & Kitchen,Water Bottle,499,3,0.05,1422.15,Debit Card,6
ORD01423,CUST0567,2024-04-21,Pune,Sports,Cricket Bat,1799,4,0.0,7196.0,Debit Card,7
ORD01424,CUST0788,2025-08-04,Kolkata,Sports,Cricket Bat,1799,4,0.15,6116.6,Credit Card,4
ORD01425,CUST0288,2024-01-16,Kolkata,Beauty,Perfume,1499,2,0.0,2998.0,UPI,2
ORD01426,CUST0040,2025-02-08,Kolkata,Sports,Cricket Bat,1799,3,0.15,4587.45,Debit Card,3
ORD01427,CUST0583,2024-11-10,Hyderabad,Home & Kitchen,Bedsheet Set,1299,1,0.0,1299.0,Debit Card,7
ORD01428,CUST0010,2025-03-26,Ahmedabad,Fashion,Women's Handbag,1899,4,0.0,7596.0,UPI,3
ORD01429,CUST0594,2024-02-29,Delhi,Beauty,Perfume,1499,2,0.1,2698.2,Debit Card,5
ORD01430,CUST0265,2024-07-03,Kolkata,Sports,Cricket Bat,1799,1,0.1,1619.1,Debit Card,7
ORD01431,CUST0633,2024-05-30,Mumbai,Beauty,Face Serum,999,2,0.0,1998.0,Credit Card,1
ORD01432,CUST0043,2024-11-20,Chennai,Electronics,Wireless Headphones,2499,4,0.15,8496.6,UPI,6
ORD01433,CUST0736,2025-07-07,Mumbai,Home & Kitchen,Coffee Maker,3499,1,0.05,3324.05,Wallet,2
ORD01434,CUST0116,2025-03-30,Delhi,Home & Kitchen,Water Bottle,499,1,0.15,424.15,Credit Card,2
ORD01435,CUST0658,2024-03-14,Pune,Home & Kitchen,Bedsheet Set,1299,3,0.1,3507.3,Debit Card,2
ORD01436,CUST0668,2025-02-21,Hyderabad,Electronics,Smart Watch,3999,3,0.05,11397.15,Cash on Delivery,3
ORD01437,CUST0298,2024-02-15,Bengaluru,Sports,Yoga Mat,899,2,0.05,1708.1,Wallet,1
ORD01438,CUST0733,2025-06-07,Hyderabad,Electronics,Bluetooth Speaker,1799,2,0.05,3418.1,Credit Card,4
ORD01439,CUST0080,2024-03-21,Chennai,Sports,Yoga Mat,899,2,0.1,1618.2,Wallet,5
ORD01440,CUST0541,2024-05-04,Mumbai,Sports,Dumbbell Set,2999,4,0.15,10196.6,Wallet,4
ORD01441,CUST0200,2024-10-02,Kolkata,Sports,Dumbbell Set,2999,4,0.05,11396.2,Credit Card,3
ORD01442,CUST0767,2024-11-18,Delhi,Fashion,Women's Handbag,1899,2,0.1,3418.2,Credit Card,4
ORD01443,CUST0518,2025-07-27,Delhi,Beauty,Hair Dryer,1999,1,0.05,1899.05,Debit Card,6
ORD01444,CUST0236,2025-03-04,Bengaluru,Beauty,Perfume,1499,2,0.1,2698.2,Wallet,2
ORD01445,CUST0294,2024-09-23,Hyderabad,Beauty,Perfume,1499,2,0.15,2548.3,Debit Card,1
ORD01446,CUST0590,2024-05-31,Ahmedabad,Electronics,Smart Watch,3999,4,0.15,13596.6,Credit Card,2
ORD01447,CUST0270,2025-03-04,Ahmedabad,Beauty,Face Serum,999,2,0.0,1998.0,UPI,2
ORD01448,CUST0136,2024-03-15,Pune,Electronics,Smart Watch,3999,1,0.0,3999.0,Cash on Delivery,3
ORD01449,CUST0345,2024-05-01,Hyderabad,Fashion,Women's Handbag,1899,2,0.05,3608.1,Wallet,5
ORD01450,CUST0460,2024-12-29,Pune,Sports,Yoga Mat,899,1,0.0,899.0,Cash on Delivery,6
ORD01451,CUST0742,2024-07-06,Delhi,Beauty,Hair Dryer,1999,4,0.0,7996.0,Credit Card,1
ORD01452,CUST0329,2025-01-23,Ahmedabad,Sports,Dumbbell Set,2999,3,0.1,8097.3,Credit Card,5
ORD01453,CUST0506,2024-10-31,Hyderabad,Sports,Cricket Bat,1799,1,0.0,1799.0,UPI,5
ORD01454,CUST0394,2024-11-26,Hyderabad,Sports,Dumbbell Set,2999,4,0.05,11396.2,Credit Card,2
ORD01455,CUST0285,2025-06-15,Hyderabad,Electronics,Bluetooth Speaker,1799,2,0.1,3238.2,UPI,3
ORD01456,CUST0499,2024-10-07,Ahmedabad,Home & Kitchen,Water Bottle,499,1,0.05,474.05,Credit Card,2
ORD01457,CUST0145,2024-10-12,Delhi,Home & Kitchen,Coffee Maker,3499,1,0.0,3499.0,Credit Card,5
ORD01458,CUST0553,2024-02-10,Chennai,Sports,Yoga Mat,899,1,0.15,764.15,UPI,4
ORD01459,CUST0437,2025-08-07,Ahmedabad,Electronics,Smart Watch,3999,2,0.05,7598.1,Wallet,2
ORD01460,CUST0443,2025-03-31,Ahmedabad,Beauty,Hair Dryer,1999,1,0.0,1999.0,Debit Card,1
ORD01461,CUST0763,2024-03-21,Chennai,Fashion,Women's Handbag,1899,1,0.05,1804.05,UPI,3
ORD01462,CUST0646,2025-04-09,Delhi,Fashion,Running Shoes,2499,3,0.05,7122.15,Debit Card,1
ORD01463,CUST0677,2025-07-25,Mumbai,Beauty,Face Serum,999,3,0.0,2997.0,UPI,2
ORD01464,CUST0272,2024-07-19,Ahmedabad,Fashion,Running Shoes,2499,4,0.0,9996.0,Credit Card,4
ORD01465,CUST0204,2024-05-14,Delhi,Fashion,Running Shoes,2499,4,0.05,9496.2,Wallet,7
ORD01466,CUST0572,2025-05-17,Chennai,Fashion,Men's T-Shirt,799,4,0.0,3196.0,Credit Card,1
ORD01467,CUST0647,2025-01-24,Chennai,Beauty,Perfume,1499,3,0.15,3822.45,Debit Card,4
ORD01468,CUST0300,2024-08-25,Ahmedabad,Sports,Dumbbell Set,2999,2,0.05,5698.1,Cash on Delivery,7
ORD01469,CUST0303,2025-05-07,Delhi,Beauty,Perfume,1499,3,0.15,3822.45,Credit Card,1
ORD01470,CUST0679,2024-09-10,Pune,Home & Kitchen,Coffee Maker,3499,4,0.05,13296.2,UPI,2
ORD01471,CUST0722,2025-02-11,Bengaluru,Beauty,Hair Dryer,1999,1,0.05,1899.05,Cash on Delivery,7
ORD01472,CUST0298,2024-01-30,Kolkata,Beauty,Perfume,1499,4,0.0,5996.0,Wallet,2
ORD01473,CUST0422,2024-11-21,Pune,Beauty,Face Serum,999,3,0.05,2847.15,Cash on Delivery,4
ORD01474,CUST0746,2025-05-12,Chennai,Beauty,Hair Dryer,1999,1,0.05,1899.05,Debit Card,6
ORD01475,CUST0587,2024-08-14,Bengaluru,Electronics,Smart Watch,3999,4,0.1,14396.4,Wallet,2
ORD01476,CUST0553,2025-09-11,Mumbai,Electronics,Bluetooth Speaker,1799,3,0.0,5397.0,UPI,7
ORD01477,CUST0065,2025-07-20,Mumbai,Beauty,Face Serum,999,3,0.05,2847.15,Wallet,2
ORD01478,CUST0406,2025-07-02,Chennai,Home & Kitchen,Bedsheet Set,1299,2,0.0,2598.0,Debit Card,7
ORD01479,CUST0567,2024-08-08,Chennai,Fashion,Women's Handbag,1899,3,0.1,5127.3,UPI,1
ORD01480,CUST0497,2025-02-11,Mumbai,Electronics,Bluetooth Speaker,1799,1,0.15,1529.15,Credit Card,3
ORD01481,CUST0279,2024-02-04,Delhi,Home & Kitchen,Water Bottle,499,2,0.0,998.0,Cash on Delivery,6
ORD01482,CUST0076,2024-03-19,Pune,Beauty,Face Serum,999,3,0.0,2997.0,UPI,1
ORD01483,CUST0401,2025-08-25,Chennai,Sports,Dumbbell Set,2999,2,0.0,5998.0,Wallet,7
ORD01484,CUST0310,2024-01-24,Kolkata,Home & Kitchen,Coffee Maker,3499,4,0.15,11896.6,Cash on Delivery,2
ORD01485,CUST0440,2024-10-25,Delhi,Electronics,Smart Watch,3999,4,0.1,14396.4,Credit Card,4
ORD01486,CUST0519,2025-06-30,Chennai,Sports,Cricket Bat,1799,4,0.05,6836.2,Cash on Delivery,1
ORD01487,CUST0732,2025-07-13,Delhi,Beauty,Perfume,1499,4,0.05,5696.2,Cash on Delivery,2
ORD01488,CUST0379,2025-04-02,Ahmedabad,Sports,Yoga Mat,899,4,0.0,3596.0,Wallet,1
ORD01489,CUST0575,2024-04-07,Bengaluru,Home & Kitchen,Coffee Maker,3499,2,0.0,6998.0,Credit Card,7
ORD01490,CUST0413,2024-05-24,Ahmedabad,Beauty,Perfume,1499,2,0.0,2998.0,Wallet,6
ORD01491,CUST0422,2024-09-15,Kolkata,Sports,Yoga Mat,899,1,0.1,809.1,Debit Card,7
ORD01492,CUST0417,2025-09-05,Mumbai,Fashion,Men's T-Shirt,799,3,0.15,2037.45,Debit Card,6
ORD01493,CUST0321,2025-05-26,Chennai,Fashion,Running Shoes,2499,4,0.15,8496.6,Debit Card,4
ORD01494,CUST0717,2025-03-11,Delhi,Beauty,Perfume,1499,1,0.0,1499.0,Cash on Delivery,2
ORD01495,CUST0449,2024-07-21,Delhi,Electronics,Wireless Headphones,2499,1,0.0,2499.0,UPI,4
ORD01496,CUST0429,2025-07-14,Pune,Beauty,Face Serum,999,4,0.0,3996.0,UPI,3
ORD01497,CUST0331,2025-06-19,Hyderabad,Electronics,Smart Watch,3999,3,0.05,11397.15,Wallet,6
ORD01498,CUST0629,2024-07-28,Hyderabad,Fashion,Men's T-Shirt,799,3,0.15,2037.45,Wallet,5
ORD01499,CUST0765,2024-12-04,Bengaluru,Home & Kitchen,Coffee Maker,3499,4,0.0,13996.0,Credit Card,5
ORD01500,CUST0154,2024-07-02,Ahmedabad,Beauty,Face Serum,999,3,0.1,2697.3,UPI,1
ORD01501,CUST0551,2024-04-06,Ahmedabad,Home & Kitchen,Bedsheet Set,1299,2,0.0,2598.0,Debit Card,1
ORD01502,CUST0069,2024-06-09,Hyderabad,Electronics,Bluetooth Speaker,1799,4,0.15,6116.6,Wallet,2
ORD01503,CUST0292,2024-10-08,Pune,Home & Kitchen,Bedsheet Set,1299,1,0.0,1299.0,Wallet,6
ORD01504,CUST0555,2025-07-28,Chennai,Home & Kitchen,Coffee Maker,3499,4,0.05,13296.2,UPI,5
ORD01505,CUST0270,2024-07-01,Delhi,Fashion,Men's T-Shirt,799,2,0.05,1518.1,Credit Card,7
ORD01506,CUST0791,2025-08-12,Kolkata,Sports,Dumbbell Set,2999,4,0.05,11396.2,Wallet,6
ORD01507,CUST0222,2024-08-25,Delhi,Beauty,Face Serum,999,2,0.0,1998.0,Wallet,2
ORD01508,CUST0080,2024-11-27,Mumbai,Fashion,Men's T-Shirt,799,4,0.0,3196.0,Credit Card,5
ORD01509,CUST0513,2024-11-05,Delhi,Beauty,Hair Dryer,1999,4,0.05,7596.2,Credit Card,5
ORD01510,CUST0320,2024-12-29,Hyderabad,Beauty,Hair Dryer,1999,4,0.1,7196.4,Wallet,1
ORD01511,CUST0448,2024-05-26,Ahmedabad,Sports,Yoga Mat,899,2,0.05,1708.1,Cash on Delivery,6
ORD01512,CUST0668,2025-03-21,Hyderabad,Home & Kitchen,Bedsheet Set,1299,1,0.15,1104.15,Credit Card,1
ORD01513,CUST0632,2024-08-06,Chennai,Home & Kitchen,Coffee Maker,3499,3,0.1,9447.3,Cash on Delivery,3
ORD01514,CUST0370,2025-03-28,Chennai,Fashion,Running Shoes,2499,1,0.0,2499.0,UPI,5
ORD01515,CUST0515,2024-09-16,Mumbai,Home & Kitchen,Coffee Maker,3499,1,0.05,3324.05,Wallet,3
ORD01516,CUST0045,2025-02-11,Kolkata,Electronics,Bluetooth Speaker,1799,3,0.1,4857.3,Debit Card,6
ORD01517,CUST0648,2025-09-14,Ahmedabad,Electronics,Bluetooth Speaker,1799,1,0.1,1619.1,Cash on Delivery,2
ORD01518,CUST0030,2025-01-13,Bengaluru,Beauty,Perfume,1499,1,0.0,1499.0,Credit Card,7
ORD01519,CUST0455,2024-02-27,Mumbai,Fashion,Men's T-Shirt,799,4,0.0,3196.0,Debit Card,1
ORD01520,CUST0341,2024-01-18,Hyderabad,Sports,Cricket Bat,1799,2,0.15,3058.3,Credit Card,5
ORD01521,CUST0684,2025-03-02,Mumbai,Home & Kitchen,Bedsheet Set,1299,1,0.1,1169.1,UPI,2
ORD01522,CUST0455,2024-06-25,Mumbai,Sports,Yoga Mat,899,3,0.0,2697.0,Debit Card,5
ORD01523,CUST0319,2024-01-04,Kolkata,Fashion,Running Shoes,2499,4,0.0,9996.0,Wallet,3
ORD01524,CUST0580,2024-03-29,Ahmedabad,Electronics,Smart Watch,3999,4,0.15,13596.6,UPI,1
ORD01525,CUST0606,2024-11-21,Mumbai,Electronics,Wireless Headphones,2499,1,0.0,2499.0,Credit Card,7
ORD01526,CUST0742,2024-03-24,Chennai,Electronics,Wireless Headphones,2499,3,0.1,6747.3,Debit Card,7
ORD01527,CUST0389,2024-02-24,Kolkata,Fashion,Running Shoes,2499,2,0.05,4748.1,Credit Card,3
ORD01528,CUST0193,2024-08-19,Kolkata,Fashion,Running Shoes,2499,3,0.1,6747.3,Credit Card,2
ORD01529,CUST0502,2024-04-04,Hyderabad,Home & Kitchen,Coffee Maker,3499,4,0.05,13296.2,Wallet,3
ORD01530,CUST0600,2024-02-07,Pune,Home & Kitchen,Bedsheet Set,1299,4,0.0,5196.0,Credit Card,5
ORD01531,CUST0213,2024-10-22,Hyderabad,Sports,Yoga Mat,899,4,0.05,3416.2,Wallet,5
ORD01532,CUST0479,2024-08-11,Kolkata,Home & Kitchen,Water Bottle,499,2,0.05,948.1,UPI,1
ORD01533,CUST0479,2024-05-23,Hyderabad,Sports,Dumbbell Set,2999,2,0.1,5398.2,Debit Card,5
ORD01534,CUST0645,2024-04-17,Hyderabad,Beauty,Perfume,1499,1,0.05,1424.05,UPI,2
ORD01535,CUST0192,2024-04-12,Hyderabad,Beauty,Hair Dryer,1999,3,0.05,5697.15,Debit Card,2
ORD01536,CUST0632,2025-03-25,Ahmedabad,Beauty,Perfume,1499,2,0.0,2998.0,Wallet,5
ORD01537,CUST0259,2024-09-06,Hyderabad,Beauty,Perfume,1499,4,0.1,5396.4,Wallet,3
ORD01538,CUST0240,2024-02-11,Delhi,Beauty,Perfume,1499,4,0.05,5696.2,Cash on Delivery,4
ORD01539,CUST0168,2024-01-30,Bengaluru,Home & Kitchen,Bedsheet Set,1299,4,0.15,4416.6,Debit Card,5
ORD01540,CUST0056,2024-12-07,Delhi,Sports,Yoga Mat,899,2,0.0,1798.0,Debit Card,7
ORD01541,CUST0472,2024-06-18,Mumbai,Fashion,Women's Handbag,1899,4,0.1,6836.4,Credit Card,2
ORD01542,CUST0242,2024-07-08,Chennai,Fashion,Women's Handbag,1899,3,0.0,5697.0,Cash on Delivery,1
ORD01543,CUST0164,2025-05-03,Hyderabad,Fashion,Men's T-Shirt,799,3,0.0,2397.0,UPI,4
ORD01544,CUST0685,2025-04-28,Pune,Sports,Dumbbell Set,2999,4,0.0,11996.0,Cash on Delivery,6
ORD01545,CUST0782,2024-11-21,Bengaluru,Fashion,Men's T-Shirt,799,4,0.0,3196.0,Cash on Delivery,7
ORD01546,CUST0547,2025-02-07,Delhi,Home & Kitchen,Coffee Maker,3499,4,0.15,11896.6,Debit Card,4
ORD01547,CUST0787,2024-07-01,Chennai,Sports,Yoga Mat,899,2,0.15,1528.3,Debit Card,3
ORD01548,CUST0770,2025-09-05,Pune,Home & Kitchen,Bedsheet Set,1299,1,0.15,1104.15,UPI,6
ORD01549,CUST0217,2024-02-15,Kolkata,Fashion,Men's T-Shirt,799,4,0.0,3196.0,Cash on Delivery,1
ORD01550,CUST0292,2024-06-03,Kolkata,Home & Kitchen,Coffee Maker,3499,2,0.1,6298.2,Cash on Delivery,6
ORD01551,CUST0168,2024-07-02,Pune,Beauty,Face Serum,999,3,0.1,2697.3,Wallet,7
ORD01552,CUST0672,2024-04-13,Pune,Electronics,Smart Watch,3999,1,0.05,3799.05,UPI,2
ORD01553,CUST0498,2024-01-12,Pune,Home & Kitchen,Water Bottle,499,4,0.1,1796.4,Cash on Delivery,7
ORD01554,CUST0619,2024-04-28,Ahmedabad,Electronics,Smart Watch,3999,4,0.05,15196.2,Wallet,3
ORD01555,CUST0115,2025-01-08,Bengaluru,Beauty,Perfume,1499,3,0.15,3822.45,Cash on Delivery,5
ORD01556,CUST0346,2024-01-08,Kolkata,Beauty,Perfume,1499,1,0.0,1499.0,Credit Card,5
ORD01557,CUST0476,2024-02-19,Kolkata,Sports,Dumbbell Set,2999,4,0.1,10796.4,UPI,1
ORD01558,CUST0703,2025-09-05,Hyderabad,Beauty,Hair Dryer,1999,3,0.0,5997.0,Debit Card,4
ORD01559,CUST0274,2025-07-09,Bengaluru,Home & Kitchen,Bedsheet Set,1299,3,0.0,3897.0,Debit Card,3
ORD01560,CUST0652,2024-10-31,Mumbai,Beauty,Face Serum,999,4,0.05,3796.2,Wallet,1
ORD01561,CUST0255,2025-02-09,Bengaluru,Home & Kitchen,Bedsheet Set,1299,1,0.15,1104.15,UPI,5
ORD01562,CUST0282,2025-03-17,Hyderabad,Electronics,Wireless Headphones,2499,2,0.1,4498.2,Cash on Delivery,6
ORD01563,CUST0335,2024-03-19,Hyderabad,Sports,Yoga Mat,899,4,0.0,3596.0,UPI,2
ORD01564,CUST0743,2025-06-08,Delhi,Sports,Dumbbell Set,2999,1,0.1,2699.1,Debit Card,6
ORD01565,CUST0765,2024-07-07,Kolkata,Home & Kitchen,Coffee Maker,3499,4,0.0,13996.0,UPI,7
ORD01566,CUST0311,2024-09-24,Chennai,Beauty,Face Serum,999,2,0.15,1698.3,UPI,3
ORD01567,CUST0765,2024-10-08,Bengaluru,Sports,Cricket Bat,1799,2,0.1,3238.2,Debit Card,5
ORD01568,CUST0280,2024-10-18,Mumbai,Electronics,Bluetooth Speaker,1799,4,0.0,7196.0,Cash on Delivery,2
ORD01569,CUST0474,2024-09-30,Hyderabad,Electronics,Smart Watch,3999,2,0.05,7598.1,UPI,2
ORD01570,CUST0627,2024-03-06,Kolkata,Fashion,Men's T-Shirt,799,3,0.0,2397.0,Wallet,7
ORD01571,CUST0555,2024-12-02,Pune,Beauty,Perfume,1499,4,0.15,5096.6,Cash on Delivery,5
ORD01572,CUST0456,2024-12-20,Bengaluru,Electronics,Smart Watch,3999,3,0.05,11397.15,Cash on Delivery,7
ORD01573,CUST0413,2024-09-18,Mumbai,Beauty,Face Serum,999,2,0.1,1798.2,Wallet,1
ORD01574,CUST0766,2024-07-31,Hyderabad,Beauty,Perfume,1499,3,0.0,4497.0,Debit Card,3
ORD01575,CUST0640,2024-06-08,Bengaluru,Home & Kitchen,Coffee Maker,3499,4,0.0,13996.0,Wallet,3
ORD01576,CUST0570,2024-10-17,Ahmedabad,Sports,Cricket Bat,1799,4,0.0,7196.0,Credit Card,4
ORD01577,CUST0100,2024-05-06,Pune,Sports,Yoga Mat,899,4,0.15,3056.6,Credit Card,2
ORD01578,CUST0786,2024-06-11,Pune,Electronics,Bluetooth Speaker,1799,3,0.0,5397.0,Wallet,4
ORD01579,CUST0328,2024-10-12,Hyderabad,Home & Kitchen,Water Bottle,499,4,0.15,1696.6,UPI,6
ORD01580,CUST0507,2025-02-17,Ahmedabad,Home & Kitchen,Bedsheet Set,1299,4,0.0,5196.0,Debit Card,7
ORD01581,CUST0004,2024-10-22,Hyderabad,Beauty,Face Serum,999,2,0.1,1798.2,Cash on Delivery,6
ORD01582,CUST0669,2025-08-17,Pune,Fashion,Running Shoes,2499,1,0.1,2249.1,Cash on Delivery,4
ORD01583,CUST0142,2024-08-17,Delhi,Fashion,Running Shoes,2499,1,0.15,2124.15,Wallet,5
ORD01584,CUST0171,2024-09-12,Ahmedabad,Beauty,Face Serum,999,3,0.15,2547.45,UPI,3
ORD01585,CUST0198,2025-06-07,Bengaluru,Electronics,Bluetooth Speaker,1799,4,0.15,6116.6,Cash on Delivery,3
ORD01586,CUST0136,2024-11-26,Kolkata,Fashion,Men's T-Shirt,799,4,0.0,3196.0,UPI,1
ORD01587,CUST0701,2024-09-07,Ahmedabad,Fashion,Running Shoes,2499,4,0.1,8996.4,Credit Card,7
ORD01588,CUST0164,2024-12-05,Chennai,Fashion,Women's Handbag,1899,1,0.15,1614.15,Cash on Delivery,6
ORD01589,CUST0482,2025-06-16,Pune,Electronics,Wireless Headphones,2499,1,0.1,2249.1,UPI,7
ORD01590,CUST0732,2025-06-30,Mumbai,Beauty,Hair Dryer,1999,1,0.15,1699.15,Cash on Delivery,4
ORD01591,CUST0410,2025-01-07,Ahmedabad,Electronics,Smart Watch,3999,4,0.0,15996.0,Cash on Delivery,7
ORD01592,CUST0772,2025-08-16,Delhi,Electronics,Wireless Headphones,2499,2,0.05,4748.1,Credit Card,3
ORD01593,CUST0495,2024-09-05,Chennai,Beauty,Perfume,1499,3,0.0,4497.0,Debit Card,1
ORD01594,CUST0771,2025-05-18,Chennai,Home & Kitchen,Bedsheet Set,1299,1,0.1,1169.1,Debit Card,3
ORD01595,CUST0717,2025-04-06,Kolkata,Home & Kitchen,Bedsheet Set,1299,4,0.05,4936.2,Wallet,3
ORD01596,CUST0296,2025-06-18,Mumbai,Sports,Yoga Mat,899,2,0.0,1798.0,Credit Card,3
ORD01597,CUST0582,2024-06-11,Kolkata,Sports,Cricket Bat,1799,3,0.05,5127.15,Cash on Delivery,6
ORD01598,CUST0151,2024-05-11,Kolkata,Beauty,Perfume,1499,3,0.0,4497.0,Cash on Delivery,3
ORD01599,CUST0152,2024-11-06,Mumbai,Fashion,Men's T-Shirt,799,2,0.15,1358.3,Debit Card,3
ORD01600,CUST0175,2025-09-25,Hyderabad,Sports,Dumbbell Set,2999,4,0.1,10796.4,Credit Card,5
ORD01601,CUST0664,2025-05-11,Bengaluru,Sports,Cricket Bat,1799,3,0.1,4857.3,Wallet,4
ORD01602,CUST0351,2024-03-07,Chennai,Fashion,Women's Handbag,1899,4,0.0,7596.0,Debit Card,2
ORD01603,CUST0666,2024-05-02,Chennai,Fashion,Men's T-Shirt,799,3,0.15,2037.45,Debit Card,4
ORD01604,CUST0760,2024-08-21,Chennai,Beauty,Perfume,1499,1,0.15,1274.15,Debit Card,6
ORD01605,CUST0069,2025-06-03,Kolkata,Electronics,Smart Watch,3999,1,0.05,3799.05,Wallet,5
ORD01606,CUST0536,2025-08-03,Chennai,Sports,Yoga Mat,899,1,0.1,809.1,Credit Card,3
ORD01607,CUST0182,2025-04-12,Mumbai,Fashion,Running Shoes,2499,2,0.0,4998.0,Wallet,3
ORD01608,CUST0136,2024-03-06,Kolkata,Sports,Cricket Bat,1799,1,0.0,1799.0,UPI,2
ORD01609,CUST0550,2024-04-10,Mumbai,Fashion,Men's T-Shirt,799,4,0.1,2876.4,Debit Card,7
ORD01610,CUST0086,2025-03-28,Ahmedabad,Electronics,Wireless Headphones,2499,4,0.0,9996.0,Credit Card,1
ORD01611,CUST0308,2025-05-13,Mumbai,Sports,Dumbbell Set,2999,2,0.15,5098.3,Wallet,4
ORD01612,CUST0651,2025-08-26,Ahmedabad,Electronics,Bluetooth Speaker,1799,4,0.0,7196.0,UPI,3
ORD01613,CUST0337,2024-06-29,Ahmedabad,Beauty,Perfume,1499,3,0.1,4047.3,Wallet,3
ORD01614,CUST0695,2024-10-08,Kolkata,Home & Kitchen,Coffee Maker,3499,2,0.05,6648.1,Cash on Delivery,1
ORD01615,CUST0482,2025-06-05,Ahmedabad,Fashion,Women's Handbag,1899,1,0.05,1804.05,Credit Card,2
ORD01616,CUST0351,2025-03-29,Bengaluru,Electronics,Smart Watch,3999,3,0.0,11997.0,Credit Card,7
ORD01617,CUST0313,2025-05-28,Hyderabad,Electronics,Wireless Headphones,2499,2,0.05,4748.1,Wallet,4
ORD01618,CUST0585,2024-08-03,Bengaluru,Electronics,Bluetooth Speaker,1799,3,0.15,4587.45,Debit Card,2
ORD01619,CUST0679,2025-09-16,Bengaluru,Fashion,Women's Handbag,1899,2,0.0,3798.0,Debit Card,5
ORD01620,CUST0270,2024-08-22,Ahmedabad,Beauty,Perfume,1499,4,0.05,5696.2,Debit Card,3
ORD01621,CUST0461,2024-11-18,Kolkata,Fashion,Women's Handbag,1899,3,0.05,5412.15,Cash on Delivery,5
ORD01622,CUST0419,2024-02-26,Hyderabad,Beauty,Hair Dryer,1999,1,0.1,1799.1,Credit Card,4
ORD01623,CUST0302,2024-09-19,Hyderabad,Home & Kitchen,Water Bottle,499,2,0.0,998.0,UPI,3
ORD01624,CUST0757,2025-07-27,Chennai,Beauty,Hair Dryer,1999,3,0.15,5097.45,Credit Card,5
ORD01625,CUST0249,2024-03-17,Bengaluru,Sports,Cricket Bat,1799,3,0.0,5397.0,Debit Card,6
ORD01626,CUST0705,2025-02-03,Ahmedabad,Beauty,Perfume,1499,4,0.0,5996.0,Credit Card,3
ORD01627,CUST0058,2024-04-13,Hyderabad,Sports,Dumbbell Set,2999,4,0.0,11996.0,Debit Card,5
ORD01628,CUST0138,2025-04-28,Delhi,Home & Kitchen,Coffee Maker,3499,3,0.0,10497.0,Debit Card,7
ORD01629,CUST0588,2024-11-02,Chennai,Beauty,Face Serum,999,2,0.15,1698.3,Wallet,1
ORD01630,CUST0782,2025-07-13,Kolkata,Beauty,Face Serum,999,3,0.15,2547.45,Wallet,5
ORD01631,CUST0717,2024-03-10,Hyderabad,Home & Kitchen,Bedsheet Set,1299,1,0.0,1299.0,Debit Card,7
ORD01632,CUST0480,2024-11-24,Chennai,Beauty,Perfume,1499,2,0.0,2998.0,Cash on Delivery,3
ORD01633,CUST0766,2025-09-10,Mumbai,Home & Kitchen,Water Bottle,499,3,0.05,1422.15,Credit Card,1
ORD01634,CUST0542,2024-02-19,Mumbai,Beauty,Hair Dryer,1999,4,0.1,7196.4,Wallet,3
ORD01635,CUST0335,2025-05-31,Ahmedabad,Electronics,Bluetooth Speaker,1799,4,0.0,7196.0,Debit Card,5
ORD01636,CUST0095,2025-08-01,Delhi,Home & Kitchen,Bedsheet Set,1299,1,0.0,1299.0,Wallet,2
ORD01637,CUST0770,2024-07-14,Delhi,Sports,Yoga Mat,899,4,0.15,3056.6,Cash on Delivery,7
ORD01638,CUST0075,2024-12-04,Bengaluru,Home & Kitchen,Coffee Maker,3499,4,0.0,13996.0,Wallet,3
ORD01639,CUST0589,2025-02-15,Kolkata,Beauty,Perfume,1499,4,0.0,5996.0,UPI,5
ORD01640,CUST0438,2024-11-26,Bengaluru,Beauty,Face Serum,999,1,0.0,999.0,Debit Card,7
ORD01641,CUST0670,2025-04-13,Chennai,Fashion,Running Shoes,2499,3,0.15,6372.45,Wallet,3
ORD01642,CUST0316,2024-07-30,Bengaluru,Sports,Yoga Mat,899,2,0.0,1798.0,UPI,1
ORD01643,CUST0357,2025-07-07,Delhi,Sports,Dumbbell Set,2999,1,0.0,2999.0,Debit Card,7
ORD01644,CUST0168,2024-11-06,Pune,Home & Kitchen,Water Bottle,499,2,0.0,998.0,Debit Card,2
ORD01645,CUST0127,2025-03-26,Pune,Fashion,Women's Handbag,1899,1,0.0,1899.0,UPI,4
ORD01646,CUST0409,2025-03-25,Chennai,Fashion,Women's Handbag,1899,1,0.1,1709.1,Credit Card,7
ORD01647,CUST0519,2024-06-28,Delhi,Beauty,Perfume,1499,1,0.0,1499.0,Credit Card,7
ORD01648,CUST0768,2025-01-01,Hyderabad,Fashion,Men's T-Shirt,799,4,0.15,2716.6,Cash on Delivery,2
ORD01649,CUST0521,2024-09-18,Delhi,Fashion,Men's T-Shirt,799,3,0.1,2157.3,Cash on Delivery,1
ORD01650,CUST0364,2024-04-12,Hyderabad,Electronics,Smart Watch,3999,4,0.1,14396.4,Debit Card,7
ORD01651,CUST0667,2024-03-27,Pune,Electronics,Smart Watch,3999,3,0.0,11997.0,Cash on Delivery,1
ORD01652,CUST0255,2024-05-24,Bengaluru,Home & Kitchen,Bedsheet Set,1299,3,0.0,3897.0,Wallet,1
ORD01653,CUST0781,2025-04-26,Mumbai,Fashion,Running Shoes,2499,2,0.0,4998.0,UPI,5
ORD01654,CUST0425,2025-09-24,Bengaluru,Fashion,Running Shoes,2499,3,0.05,7122.15,Cash on Delivery,2
ORD01655,CUST0113,2025-01-08,Bengaluru,Fashion,Running Shoes,2499,2,0.0,4998.0,UPI,4
ORD01656,CUST0637,2024-09-28,Hyderabad,Fashion,Women's Handbag,1899,4,0.05,7216.2,UPI,7
ORD01657,CUST0753,2024-02-05,Bengaluru,Electronics,Smart Watch,3999,1,0.1,3599.1,Cash on Delivery,1
ORD01658,CUST0016,2024-04-12,Hyderabad,Sports,Cricket Bat,1799,2,0.0,3598.0,Credit Card,1
ORD01659,CUST0426,2025-04-20,Ahmedabad,Beauty,Face Serum,999,1,0.1,899.1,Credit Card,7
ORD01660,CUST0481,2025-05-02,Kolkata,Sports,Dumbbell Set,2999,1,0.05,2849.05,Credit Card,3
ORD01661,CUST0767,2025-05-19,Chennai,Sports,Cricket Bat,1799,1,0.1,1619.1,Credit Card,2
ORD01662,CUST0762,2024-03-25,Delhi,Sports,Yoga Mat,899,2,0.0,1798.0,Cash on Delivery,3
ORD01663,CUST0190,2024-09-13,Kolkata,Sports,Yoga Mat,899,2,0.0,1798.0,Debit Card,6
ORD01664,CUST0433,2024-12-01,Hyderabad,Beauty,Perfume,1499,3,0.0,4497.0,Credit Card,5
ORD01665,CUST0187,2024-07-21,Mumbai,Electronics,Bluetooth Speaker,1799,4,0.0,7196.0,Credit Card,6
ORD01666,CUST0012,2024-11-26,Ahmedabad,Electronics,Wireless Headphones,2499,2,0.1,4498.2,Cash on Delivery,7
ORD01667,CUST0465,2024-08-07,Kolkata,Home & Kitchen,Water Bottle,499,4,0.1,1796.4,Wallet,4
ORD01668,CUST0346,2024-12-11,Bengaluru,Electronics,Bluetooth Speaker,1799,3,0.15,4587.45,Debit Card,3
ORD01669,CUST0782,2024-12-16,Kolkata,Beauty,Perfume,1499,4,0.0,5996.0,UPI,7
ORD01670,CUST0097,2024-05-09,Chennai,Home & Kitchen,Coffee Maker,3499,1,0.15,2974.15,Cash on Delivery,7
ORD01671,CUST0315,2024-12-21,Ahmedabad,Electronics,Wireless Headphones,2499,3,0.0,7497.0,Cash on Delivery,5
ORD01672,CUST0200,2025-06-07,Bengaluru,Electronics,Bluetooth Speaker,1799,2,0.1,3238.2,Credit Card,7
ORD01673,CUST0799,2025-09-07,Bengaluru,Electronics,Wireless Headphones,2499,3,0.15,6372.45,Wallet,7
ORD01674,CUST0553,2025-01-06,Chennai,Sports,Dumbbell Set,2999,1,0.15,2549.15,Wallet,2
ORD01675,CUST0232,2025-09-25,Bengaluru,Home & Kitchen,Water Bottle,499,1,0.0,499.0,Wallet,5
ORD01676,CUST0304,2025-02-14,Pune,Beauty,Face Serum,999,3,0.0,2997.0,Wallet,4
ORD01677,CUST0001,2024-11-03,Delhi,Beauty,Hair Dryer,1999,3,0.0,5997.0,Debit Card,6
ORD01678,CUST0609,2025-09-19,Delhi,Sports,Dumbbell Set,2999,3,0.0,8997.0,UPI,7
ORD01679,CUST0783,2024-06-13,Chennai,Beauty,Face Serum,999,2,0.1,1798.2,Cash on Delivery,7
ORD01680,CUST0199,2025-08-28,Chennai,Fashion,Running Shoes,2499,4,0.1,8996.4,Debit Card,1
ORD01681,CUST0744,2024-05-06,Bengaluru,Fashion,Women's Handbag,1899,2,0.1,3418.2,Credit Card,4
ORD01682,CUST0653,2024-01-12,Delhi,Fashion,Running Shoes,2499,3,0.05,7122.15,Wallet,3
ORD01683,CUST0306,2025-03-24,Delhi,Sports,Yoga Mat,899,4,0.0,3596.0,Wallet,6
ORD01684,CUST0279,2024-12-15,Mumbai,Sports,Cricket Bat,1799,2,0.0,3598.0,Cash on Delivery,7
ORD01685,CUST0173,2025-08-22,Ahmedabad,Home & Kitchen,Water Bottle,499,4,0.1,1796.4,Debit Card,2
ORD01686,CUST0372,2025-09-05,Chennai,Sports,Yoga Mat,899,1,0.15,764.15,Cash on Delivery,7
ORD01687,CUST0742,2024-10-13,Kolkata,Beauty,Hair Dryer,1999,1,0.0,1999.0,Debit Card,6
ORD01688,CUST0086,2024-12-31,Mumbai,Sports,Cricket Bat,1799,4,0.05,6836.2,UPI,6
ORD01689,CUST0445,2025-08-28,Kolkata,Beauty,Face Serum,999,4,0.0,3996.0,UPI,7
ORD01690,CUST0684,2025-06-15,Pune,Beauty,Perfume,1499,4,0.15,5096.6,UPI,5
ORD01691,CUST0121,2024-04-07,Chennai,Electronics,Bluetooth Speaker,1799,1,0.15,1529.15,Debit Card,5
ORD01692,CUST0663,2024-12-21,Ahmedabad,Sports,Cricket Bat,1799,4,0.0,7196.0,Cash on Delivery,5
ORD01693,CUST0222,2024-01-27,Bengaluru,Sports,Yoga Mat,899,4,0.1,3236.4,UPI,6
ORD01694,CUST0747,2024-01-30,Ahmedabad,Home & Kitchen,Water Bottle,499,3,0.1,1347.3,Debit Card,3
ORD01695,CUST0049,2025-04-01,Hyderabad,Home & Kitchen,Coffee Maker,3499,2,0.05,6648.1,Cash on Delivery,6
ORD01696,CUST0664,2025-07-14,Hyderabad,Home & Kitchen,Water Bottle,499,2,0.15,848.3,Cash on Delivery,7
ORD01697,CUST0361,2024-12-07,Chennai,Home & Kitchen,Water Bottle,499,4,0.0,1996.0,Debit Card,7
ORD01698,CUST0637,2024-11-16,Ahmedabad,Home & Kitchen,Water Bottle,499,1,0.1,449.1,Credit Card,7
ORD01699,CUST0346,2024-12-25,Ahmedabad,Beauty,Face Serum,999,3,0.1,2697.3,Debit Card,7
ORD01700,CUST0195,2024-04-24,Kolkata,Fashion,Men's T-Shirt,799,3,0.0,2397.0,Wallet,6
ORD01701,CUST0713,2025-09-25,Delhi,Sports,Cricket Bat,1799,2,0.1,3238.2,Credit Card,1
ORD01702,CUST0734,2024-05-29,Hyderabad,Electronics,Bluetooth Speaker,1799,4,0.05,6836.2,Wallet,3
ORD01703,CUST0629,2024-10-27,Delhi,Beauty,Face Serum,999,4,0.0,3996.0,Debit Card,2
ORD01704,CUST0684,2024-06-07,Kolkata,Beauty,Face Serum,999,2,0.15,1698.3,UPI,4
ORD01705,CUST0451,2024-08-19,Chennai,Fashion,Running Shoes,2499,2,0.0,4998.0,Credit Card,1
ORD01706,CUST0450,2025-05-09,Pune,Home & Kitchen,Water Bottle,499,1,0.15,424.15,Wallet,5
ORD01707,CUST0595,2025-06-15,Pune,Sports,Yoga Mat,899,4,0.0,3596.0,Wallet,4
ORD01708,CUST0380,2025-03-17,Hyderabad,Home & Kitchen,Bedsheet Set,1299,3,0.05,3702.15,Credit Card,3
ORD01709,CUST0720,2024-11-25,Chennai,Sports,Cricket Bat,1799,1,0.0,1799.0,Wallet,5
ORD01710,CUST0108,2024-11-17,Chennai,Fashion,Men's T-Shirt,799,4,0.15,2716.6,Debit Card,6
ORD01711,CUST0055,2025-08-11,Ahmedabad,Sports,Yoga Mat,899,4,0.05,3416.2,Wallet,4
ORD01712,CUST0023,2024-06-24,Ahmedabad,Beauty,Perfume,1499,4,0.0,5996.0,Wallet,6
ORD01713,CUST0699,2024-03-06,Hyderabad,Electronics,Smart Watch,3999,4,0.0,15996.0,UPI,6
ORD01714,CUST0503,2025-09-04,Pune,Home & Kitchen,Bedsheet Set,1299,3,0.0,3897.0,Credit Card,4
ORD01715,CUST0714,2025-07-05,Kolkata,Fashion,Running Shoes,2499,4,0.05,9496.2,Debit Card,2
ORD01716,CUST0698,2025-07-06,Hyderabad,Sports,Dumbbell Set,2999,4,0.0,11996.0,UPI,5
ORD01717,CUST0794,2024-05-02,Delhi,Electronics,Bluetooth Speaker,1799,3,0.15,4587.45,Wallet,1
ORD01718,CUST0616,2024-09-11,Bengaluru,Sports,Cricket Bat,1799,2,0.0,3598.0,Credit Card,1
ORD01719,CUST0097,2024-04-01,Pune,Beauty,Perfume,1499,1,0.05,1424.05,Wallet,6
ORD01720,CUST0352,2024-05-21,Bengaluru,Beauty,Hair Dryer,1999,4,0.1,7196.4,UPI,3
ORD01721,CUST0093,2025-05-26,Bengaluru,Home & Kitchen,Water Bottle,499,4,0.05,1896.2,Debit Card,4
ORD01722,CUST0463,2024-12-13,Delhi,Fashion,Men's T-Shirt,799,3,0.0,2397.0,Wallet,3
ORD01723,CUST0700,2024-03-01,Hyderabad,Electronics,Bluetooth Speaker,1799,1,0.15,1529.15,UPI,2
ORD01724,CUST0394,2024-11-30,Kolkata,Electronics,Bluetooth Speaker,1799,1,0.0,1799.0,UPI,7
ORD01725,CUST0194,2024-06-25,Ahmedabad,Sports,Dumbbell Set,2999,3,0.0,8997.0,Credit Card,5
ORD01726,CUST0384,2025-09-06,Bengaluru,Fashion,Women's Handbag,1899,1,0.0,1899.0,Cash on Delivery,6
ORD01727,CUST0638,2024-02-01,Mumbai,Fashion,Running Shoes,2499,2,0.1,4498.2,Wallet,7
ORD01728,CUST0700,2024-12-23,Bengaluru,Electronics,Smart Watch,3999,3,0.0,11997.0,Wallet,5
ORD01729,CUST0159,2025-09-09,Hyderabad,Fashion,Men's T-Shirt,799,4,0.0,3196.0,Cash on Delivery,6
ORD01730,CUST0068,2025-07-21,Hyderabad,Sports,Cricket Bat,1799,4,0.0,7196.0,Credit Card,3
ORD01731,CUST0043,2025-02-17,Hyderabad,Fashion,Men's T-Shirt,799,4,0.0,3196.0,UPI,4
ORD01732,CUST0577,2025-06-23,Pune,Sports,Yoga Mat,899,1,0.05,854.05,Wallet,6
ORD01733,CUST0782,2025-04-03,Chennai,Fashion,Women's Handbag,1899,3,0.0,5697.0,Debit Card,6
ORD01734,CUST0503,2024-03-25,Mumbai,Beauty,Hair Dryer,1999,4,0.1,7196.4,Cash on Delivery,1
ORD01735,CUST0314,2025-02-02,Ahmedabad,Home & Kitchen,Bedsheet Set,1299,4,0.15,4416.6,Debit Card,7
ORD01736,CUST0315,2024-04-01,Bengaluru,Electronics,Bluetooth Speaker,1799,1,0.0,1799.0,Debit Card,6
ORD01737,CUST0395,2024-11-06,Chennai,Electronics,Bluetooth Speaker,1799,1,0.0,1799.0,Debit Card,5
ORD01738,CUST0183,2025-06-20,Hyderabad,Electronics,Bluetooth Speaker,1799,4,0.15,6116.6,UPI,2
ORD01739,CUST0075,2024-11-23,Chennai,Electronics,Smart Watch,3999,2,0.0,7998.0,Cash on Delivery,2
ORD01740,CUST0211,2025-01-25,Delhi,Sports,Dumbbell Set,2999,1,0.0,2999.0,Debit Card,1
ORD01741,CUST0234,2025-02-03,Hyderabad,Fashion,Running Shoes,2499,3,0.0,7497.0,Cash on Delivery,1
ORD01742,CUST0433,2024-09-21,Kolkata,Fashion,Men's T-Shirt,799,2,0.15,1358.3,Credit Card,6
ORD01743,CUST0387,2025-02-27,Kolkata,Home & Kitchen,Coffee Maker,3499,1,0.1,3149.1,Credit Card,7
ORD01744,CUST0713,2024-02-12,Ahmedabad,Beauty,Hair Dryer,1999,1,0.1,1799.1,Credit Card,6
ORD01745,CUST0501,2024-06-11,Delhi,Fashion,Men's T-Shirt,799,1,0.0,799.0,Credit Card,5
ORD01746,CUST0550,2024-10-18,Kolkata,Home & Kitchen,Water Bottle,499,3,0.1,1347.3,Debit Card,7
ORD01747,CUST0207,2025-02-08,Delhi,Sports,Cricket Bat,1799,1,0.0,1799.0,Wallet,7
ORD01748,CUST0481,2024-02-06,Ahmedabad,Beauty,Face Serum,999,2,0.15,1698.3,UPI,1
ORD01749,CUST0781,2024-03-26,Delhi,Fashion,Men's T-Shirt,799,4,0.0,3196.0,Credit Card,4
ORD01750,CUST0612,2025-03-28,Mumbai,Sports,Cricket Bat,1799,4,0.0,7196.0,Wallet,7
ORD01751,CUST0015,2025-08-05,Bengaluru,Fashion,Men's T-Shirt,799,3,0.0,2397.0,Debit Card,7
ORD01752,CUST0660,2024-07-24,Mumbai,Home & Kitchen,Water Bottle,499,3,0.1,1347.3,Cash on Delivery,4
ORD01753,CUST0643,2024-07-07,Chennai,Fashion,Women's Handbag,1899,1,0.0,1899.0,Debit Card,6
ORD01754,CUST0617,2024-09-08,Kolkata,Beauty,Face Serum,999,4,0.0,3996.0,Wallet,2
ORD01755,CUST0702,2024-04-24,Delhi,Fashion,Running Shoes,2499,3,0.0,7497.0,Cash on Delivery,5
ORD01756,CUST0040,2025-01-14,Bengaluru,Sports,Yoga Mat,899,2,0.05,1708.1,UPI,6
ORD01757,CUST0060,2025-07-30,Pune,Fashion,Men's T-Shirt,799,4,0.0,3196.0,Wallet,1
ORD01758,CUST0076,2025-07-12,Mumbai,Fashion,Running Shoes,2499,1,0.15,2124.15,Cash on Delivery,5
ORD01759,CUST0700,2024-08-31,Ahmedabad,Beauty,Hair Dryer,1999,4,0.1,7196.4,Wallet,3
ORD01760,CUST0466,2024-06-05,Hyderabad,Home & Kitchen,Bedsheet Set,1299,4,0.1,4676.4,Credit Card,2
ORD01761,CUST0165,2024-09-20,Hyderabad,Home & Kitchen,Bedsheet Set,1299,2,0.1,2338.2,UPI,4
ORD01762,CUST0728,2025-02-24,Chennai,Home & Kitchen,Water Bottle,499,1,0.1,449.1,Cash on Delivery,2
ORD01763,CUST0472,2025-03-03,Ahmedabad,Home & Kitchen,Water Bottle,499,4,0.1,1796.4,Cash on Delivery,4
ORD01764,CUST0137,2025-02-12,Chennai,Beauty,Hair Dryer,1999,3,0.05,5697.15,Credit Card,2
ORD01765,CUST0475,2025-01-07,Pune,Fashion,Running Shoes,2499,2,0.15,4248.3,Debit Card,6
ORD01766,CUST0112,2025-04-26,Ahmedabad,Home & Kitchen,Water Bottle,499,4,0.0,1996.0,Debit Card,7
ORD01767,CUST0346,2024-08-10,Bengaluru,Sports,Cricket Bat,1799,1,0.0,1799.0,Cash on Delivery,5
ORD01768,CUST0396,2024-07-30,Bengaluru,Beauty,Face Serum,999,4,0.0,3996.0,Debit Card,6
ORD01769,CUST0155,2024-07-21,Pune,Sports,Yoga Mat,899,4,0.15,3056.6,Debit Card,4
ORD01770,CUST0626,2024-11-19,Mumbai,Fashion,Running Shoes,2499,2,0.1,4498.2,UPI,7
ORD01771,CUST0340,2024-02-24,Delhi,Electronics,Wireless Headphones,2499,1,0.0,2499.0,Debit Card,3
ORD01772,CUST0068,2024-11-10,Hyderabad,Fashion,Running Shoes,2499,2,0.0,4998.0,Wallet,3
ORD01773,CUST0297,2024-06-28,Kolkata,Sports,Cricket Bat,1799,4,0.05,6836.2,UPI,7
ORD01774,CUST0122,2025-03-01,Pune,Sports,Yoga Mat,899,2,0.0,1798.0,Credit Card,5
ORD01775,CUST0117,2024-09-12,Bengaluru,Sports,Dumbbell Set,2999,4,0.05,11396.2,Cash on Delivery,1
ORD01776,CUST0489,2025-01-23,Bengaluru,Electronics,Wireless Headphones,2499,4,0.1,8996.4,UPI,5
ORD01777,CUST0504,2024-01-21,Hyderabad,Home & Kitchen,Coffee Maker,3499,2,0.1,6298.2,Debit Card,1
ORD01778,CUST0694,2024-11-03,Pune,Home & Kitchen,Water Bottle,499,2,0.0,998.0,Credit Card,1
ORD01779,CUST0364,2024-03-26,Ahmedabad,Fashion,Running Shoes,2499,3,0.05,7122.15,UPI,5
ORD01780,CUST0197,2024-09-15,Kolkata,Sports,Cricket Bat,1799,2,0.05,3418.1,Wallet,1
ORD01781,CUST0718,2024-09-01,Kolkata,Beauty,Hair Dryer,1999,2,0.0,3998.0,Debit Card,4
ORD01782,CUST0676,2025-04-14,Delhi,Beauty,Hair Dryer,1999,1,0.05,1899.05,Debit Card,5
ORD01783,CUST0310,2024-01-20,Pune,Electronics,Wireless Headphones,2499,1,0.15,2124.15,Credit Card,4
ORD01784,CUST0344,2025-01-19,Hyderabad,Beauty,Hair Dryer,1999,1,0.05,1899.05,Wallet,7
ORD01785,CUST0737,2024-12-20,Kolkata,Beauty,Hair Dryer,1999,3,0.0,5997.0,Wallet,2
ORD01786,CUST0688,2025-04-05,Delhi,Beauty,Hair Dryer,1999,3,0.0,5997.0,Debit Card,7
ORD01787,CUST0249,2024-04-19,Delhi,Sports,Yoga Mat,899,1,0.0,899.0,Credit Card,3
ORD01788,CUST0010,2024-03-18,Mumbai,Electronics,Wireless Headphones,2499,2,0.0,4998.0,Debit Card,7
ORD01789,CUST0647,2025-04-16,Hyderabad,Sports,Yoga Mat,899,2,0.15,1528.3,UPI,5
ORD01790,CUST0191,2024-03-24,Delhi,Electronics,Wireless Headphones,2499,2,0.0,4998.0,UPI,1
ORD01791,CUST0735,2024-02-21,Delhi,Beauty,Perfume,1499,2,0.0,2998.0,Cash on Delivery,3
ORD01792,CUST0620,2025-05-22,Bengaluru,Sports,Yoga Mat,899,4,0.0,3596.0,Cash on Delivery,3
ORD01793,CUST0007,2025-06-03,Delhi,Sports,Yoga Mat,899,4,0.0,3596.0,Credit Card,2
ORD01794,CUST0193,2024-03-18,Bengaluru,Home & Kitchen,Water Bottle,499,2,0.0,998.0,Debit Card,7
ORD01795,CUST0616,2024-10-30,Pune,Fashion,Men's T-Shirt,799,4,0.15,2716.6,Wallet,6
ORD01796,CUST0754,2024-12-19,Chennai,Home & Kitchen,Water Bottle,499,4,0.05,1896.2,Wallet,1
ORD01797,CUST0065,2024-03-04,Ahmedabad,Home & Kitchen,Coffee Maker,3499,2,0.0,6998.0,Debit Card,6
ORD01798,CUST0013,2025-04-01,Delhi,Electronics,Bluetooth Speaker,1799,4,0.0,7196.0,Debit Card,5
ORD01799,CUST0745,2024-09-25,Hyderabad,Home & Kitchen,Bedsheet Set,1299,1,0.15,1104.15,Cash on Delivery,3
ORD01800,CUST0321,2025-05-15,Chennai,Beauty,Hair Dryer,1999,4,0.05,7596.2,Credit Card,5
ORD01801,CUST0473,2025-04-21,Hyderabad,Fashion,Men's T-Shirt,799,3,0.1,2157.3,Cash on Delivery,4
ORD01802,CUST0430,2025-01-29,Mumbai,Beauty,Hair Dryer,1999,2,0.0,3998.0,Credit Card,7
ORD01803,CUST0015,2025-01-09,Pune,Home & Kitchen,Coffee Maker,3499,2,0.1,6298.2,Credit Card,2
ORD01804,CUST0401,2024-01-17,Ahmedabad,Sports,Yoga Mat,899,2,0.0,1798.0,Credit Card,3
ORD01805,CUST0163,2025-02-05,Kolkata,Home & Kitchen,Water Bottle,499,1,0.1,449.1,Wallet,3
ORD01806,CUST0444,2025-05-26,Pune,Fashion,Men's T-Shirt,799,4,0.15,2716.6,Credit Card,4
ORD01807,CUST0723,2024-11-27,Ahmedabad,Electronics,Smart Watch,3999,1,0.0,3999.0,Wallet,3
ORD01808,CUST0503,2025-03-02,Mumbai,Fashion,Men's T-Shirt,799,4,0.0,3196.0,Debit Card,6
ORD01809,CUST0627,2025-03-15,Delhi,Fashion,Women's Handbag,1899,3,0.15,4842.45,Wallet,2
ORD01810,CUST0379,2024-05-11,Ahmedabad,Sports,Cricket Bat,1799,3,0.05,5127.15,UPI,1
ORD01811,CUST0335,2024-08-02,Chennai,Beauty,Hair Dryer,1999,4,0.0,7996.0,Debit Card,6
ORD01812,CUST0716,2024-12-05,Chennai,Beauty,Hair Dryer,1999,3,0.15,5097.45,Credit Card,3
ORD01813,CUST0577,2025-05-15,Ahmedabad,Sports,Yoga Mat,899,2,0.0,1798.0,UPI,3
ORD01814,CUST0084,2024-11-25,Ahmedabad,Sports,Yoga Mat,899,4,0.0,3596.0,Cash on Delivery,5
ORD01815,CUST0789,2024-07-16,Kolkata,Home & Kitchen,Water Bottle,499,4,0.1,1796.4,Credit Card,3
ORD01816,CUST0336,2024-01-04,Hyderabad,Electronics,Smart Watch,3999,2,0.0,7998.0,Wallet,4
ORD01817,CUST0322,2025-05-11,Chennai,Sports,Yoga Mat,899,3,0.05,2562.15,Credit Card,5
ORD01818,CUST0537,2024-07-18,Kolkata,Sports,Yoga Mat,899,3,0.0,2697.0,Credit Card,7
ORD01819,CUST0210,2024-09-24,Bengaluru,Beauty,Hair Dryer,1999,1,0.05,1899.05,Debit Card,1
ORD01820,CUST0477,2025-01-12,Bengaluru,Electronics,Bluetooth Speaker,1799,4,0.0,7196.0,Cash on Delivery,6
ORD01821,CUST0777,2025-03-30,Hyderabad,Beauty,Perfume,1499,2,0.15,2548.3,UPI,3
ORD01822,CUST0292,2025-04-09,Bengaluru,Beauty,Hair Dryer,1999,2,0.15,3398.3,Wallet,2
ORD01823,CUST0566,2024-11-30,Ahmedabad,Home & Kitchen,Water Bottle,499,1,0.0,499.0,Debit Card,2
ORD01824,CUST0644,2024-01-27,Pune,Home & Kitchen,Bedsheet Set,1299,4,0.15,4416.6,Debit Card,4
ORD01825,CUST0580,2024-11-27,Mumbai,Fashion,Women's Handbag,1899,1,0.05,1804.05,Wallet,1
ORD01826,CUST0156,2024-05-23,Delhi,Fashion,Women's Handbag,1899,1,0.0,1899.0,Wallet,2
ORD01827,CUST0084,2024-12-12,Pune,Fashion,Men's T-Shirt,799,3,0.05,2277.15,Debit Card,7
ORD01828,CUST0538,2024-03-04,Pune,Electronics,Smart Watch,3999,4,0.15,13596.6,Cash on Delivery,6
ORD01829,CUST0163,2025-04-04,Delhi,Fashion,Running Shoes,2499,1,0.0,2499.0,Debit Card,2
ORD01830,CUST0491,2024-08-18,Mumbai,Fashion,Men's T-Shirt,799,1,0.0,799.0,UPI,2
ORD01831,CUST0331,2024-11-23,Pune,Fashion,Men's T-Shirt,799,2,0.15,1358.3,Cash on Delivery,1
ORD01832,CUST0564,2025-02-28,Delhi,Sports,Cricket Bat,1799,4,0.0,7196.0,UPI,2
ORD01833,CUST0504,2025-08-19,Mumbai,Sports,Yoga Mat,899,2,0.0,1798.0,Debit Card,6
ORD01834,CUST0407,2024-06-17,Chennai,Electronics,Bluetooth Speaker,1799,3,0.15,4587.45,Credit Card,5
ORD01835,CUST0384,2025-07-23,Pune,Electronics,Bluetooth Speaker,1799,3,0.05,5127.15,Credit Card,7
ORD01836,CUST0335,2024-07-19,Kolkata,Fashion,Running Shoes,2499,3,0.05,7122.15,Cash on Delivery,1
ORD01837,CUST0668,2025-09-09,Pune,Home & Kitchen,Coffee Maker,3499,1,0.1,3149.1,Credit Card,2
ORD01838,CUST0205,2024-07-29,Kolkata,Electronics,Wireless Headphones,2499,4,0.0,9996.0,Credit Card,5
ORD01839,CUST0581,2024-08-23,Kolkata,Home & Kitchen,Coffee Maker,3499,4,0.0,13996.0,Credit Card,5
ORD01840,CUST0342,2024-07-04,Chennai,Electronics,Smart Watch,3999,1,0.0,3999.0,Cash on Delivery,6
ORD01841,CUST0617,2025-02-04,Bengaluru,Beauty,Perfume,1499,3,0.1,4047.3,Cash on Delivery,4
ORD01842,CUST0632,2024-03-20,Delhi,Sports,Dumbbell Set,2999,3,0.0,8997.0,UPI,7
ORD01843,CUST0001,2024-10-07,Kolkata,Electronics,Bluetooth Speaker,1799,1,0.0,1799.0,Cash on Delivery,4
ORD01844,CUST0221,2025-01-11,Chennai,Sports,Yoga Mat,899,1,0.0,899.0,Cash on Delivery,6
ORD01845,CUST0305,2024-01-23,Mumbai,Home & Kitchen,Water Bottle,499,3,0.1,1347.3,UPI,3
ORD01846,CUST0652,2024-05-03,Mumbai,Fashion,Women's Handbag,1899,4,0.0,7596.0,Cash on Delivery,2
ORD01847,CUST0594,2025-04-11,Kolkata,Electronics,Wireless Headphones,2499,1,0.0,2499.0,Debit Card,1
ORD01848,CUST0067,2024-08-08,Pune,Sports,Cricket Bat,1799,1,0.0,1799.0,Cash on Delivery,1
ORD01849,CUST0180,2025-02-26,Mumbai,Electronics,Smart Watch,3999,4,0.1,14396.4,Wallet,1
ORD01850,CUST0274,2024-07-26,Mumbai,Electronics,Smart Watch,3999,3,0.1,10797.3,Debit Card,7
ORD01851,CUST0577,2024-02-15,Pune,Fashion,Men's T-Shirt,799,4,0.0,3196.0,Wallet,6
ORD01852,CUST0091,2025-01-07,Hyderabad,Beauty,Face Serum,999,1,0.05,949.05,Cash on Delivery,7
ORD01853,CUST0744,2025-01-15,Bengaluru,Beauty,Perfume,1499,2,0.05,2848.1,Debit Card,6
ORD01854,CUST0382,2025-02-15,Ahmedabad,Home & Kitchen,Coffee Maker,3499,2,0.15,5948.3,Debit Card,7
ORD01855,CUST0369,2025-02-21,Pune,Home & Kitchen,Water Bottle,499,4,0.15,1696.6,UPI,5
ORD01856,CUST0462,2025-04-22,Bengaluru,Home & Kitchen,Water Bottle,499,3,0.05,1422.15,UPI,3
ORD01857,CUST0554,2024-12-15,Bengaluru,Sports,Dumbbell Set,2999,2,0.15,5098.3,Wallet,2
ORD01858,CUST0115,2025-03-05,Mumbai,Fashion,Running Shoes,2499,4,0.0,9996.0,Wallet,1
ORD01859,CUST0758,2024-06-17,Chennai,Sports,Yoga Mat,899,3,0.15,2292.45,Debit Card,4
ORD01860,CUST0536,2025-02-08,Pune,Electronics,Smart Watch,3999,3,0.15,10197.45,Credit Card,5
ORD01861,CUST0656,2024-08-19,Ahmedabad,Home & Kitchen,Bedsheet Set,1299,4,0.0,5196.0,Credit Card,7
ORD01862,CUST0508,2024-04-20,Bengaluru,Fashion,Running Shoes,2499,1,0.15,2124.15,UPI,6
ORD01863,CUST0555,2024-08-02,Delhi,Home & Kitchen,Water Bottle,499,4,0.05,1896.2,Credit Card,1
ORD01864,CUST0191,2024-07-31,Delhi,Electronics,Wireless Headphones,2499,3,0.0,7497.0,UPI,3
ORD01865,CUST0011,2025-02-16,Kolkata,Beauty,Face Serum,999,4,0.05,3796.2,Debit Card,4
ORD01866,CUST0604,2025-09-26,Ahmedabad,Home & Kitchen,Water Bottle,499,3,0.1,1347.3,Wallet,5
ORD01867,CUST0328,2025-05-26,Hyderabad,Electronics,Bluetooth Speaker,1799,4,0.0,7196.0,UPI,3
ORD01868,CUST0636,2025-08-24,Hyderabad,Beauty,Hair Dryer,1999,1,0.1,1799.1,Cash on Delivery,1
ORD01869,CUST0259,2025-05-01,Delhi,Beauty,Face Serum,999,4,0.0,3996.0,UPI,2
ORD01870,CUST0619,2024-09-04,Ahmedabad,Electronics,Smart Watch,3999,4,0.05,15196.2,UPI,3
ORD01871,CUST0421,2025-09-20,Delhi,Home & Kitchen,Bedsheet Set,1299,4,0.0,5196.0,UPI,6
ORD01872,CUST0071,2025-03-31,Bengaluru,Fashion,Running Shoes,2499,1,0.15,2124.15,Cash on Delivery,3
ORD01873,CUST0121,2025-08-22,Ahmedabad,Sports,Cricket Bat,1799,1,0.05,1709.05,Credit Card,4
ORD01874,CUST0340,2025-09-07,Pune,Home & Kitchen,Water Bottle,499,1,0.05,474.05,UPI,6
ORD01875,CUST0256,2025-05-12,Mumbai,Fashion,Men's T-Shirt,799,2,0.1,1438.2,Cash on Delivery,7
ORD01876,CUST0229,2024-07-06,Hyderabad,Fashion,Women's Handbag,1899,1,0.05,1804.05,Wallet,7
ORD01877,CUST0169,2024-04-13,Bengaluru,Beauty,Face Serum,999,4,0.0,3996.0,Credit Card,6
ORD01878,CUST0376,2025-05-23,Pune,Sports,Dumbbell Set,2999,1,0.1,2699.1,UPI,6
ORD01879,CUST0429,2024-04-18,Ahmedabad,Sports,Dumbbell Set,2999,3,0.15,7647.45,UPI,3
ORD01880,CUST0090,2024-03-07,Kolkata,Beauty,Perfume,1499,4,0.0,5996.0,Debit Card,4
ORD01881,CUST0025,2024-05-03,Bengaluru,Beauty,Perfume,1499,2,0.0,2998.0,UPI,5
ORD01882,CUST0383,2025-07-13,Kolkata,Fashion,Running Shoes,2499,2,0.1,4498.2,Cash on Delivery,1
ORD01883,CUST0041,2025-07-27,Chennai,Fashion,Running Shoes,2499,4,0.0,9996.0,Credit Card,2
ORD01884,CUST0062,2025-01-15,Mumbai,Home & Kitchen,Water Bottle,499,4,0.0,1996.0,UPI,5
ORD01885,CUST0328,2024-05-20,Chennai,Home & Kitchen,Bedsheet Set,1299,1,0.05,1234.05,Cash on Delivery,7
ORD01886,CUST0220,2025-05-05,Delhi,Fashion,Men's T-Shirt,799,4,0.1,2876.4,Credit Card,4
ORD01887,CUST0523,2024-05-10,Bengaluru,Sports,Dumbbell Set,2999,1,0.0,2999.0,UPI,4
ORD01888,CUST0641,2025-02-27,Hyderabad,Sports,Yoga Mat,899,2,0.0,1798.0,Credit Card,7
ORD01889,CUST0329,2024-02-13,Pune,Home & Kitchen,Coffee Maker,3499,1,0.1,3149.1,UPI,2
ORD01890,CUST0767,2024-08-18,Bengaluru,Home & Kitchen,Coffee Maker,3499,4,0.15,11896.6,Cash on Delivery,5
ORD01891,CUST0534,2025-09-05,Kolkata,Sports,Cricket Bat,1799,2,0.0,3598.0,Cash on Delivery,7
ORD01892,CUST0576,2024-03-08,Delhi,Electronics,Smart Watch,3999,1,0.1,3599.1,Credit Card,7
ORD01893,CUST0476,2024-10-14,Hyderabad,Electronics,Smart Watch,3999,3,0.1,10797.3,Debit Card,7
ORD01894,CUST0524,2025-04-26,Ahmedabad,Sports,Dumbbell Set,2999,3,0.05,8547.15,Cash on Delivery,7
ORD01895,CUST0094,2024-12-11,Ahmedabad,Sports,Dumbbell Set,2999,2,0.1,5398.2,Debit Card,5
ORD01896,CUST0278,2024-10-01,Kolkata,Sports,Dumbbell Set,2999,1,0.05,2849.05,Wallet,5
ORD01897,CUST0196,2025-08-02,Hyderabad,Fashion,Women's Handbag,1899,3,0.0,5697.0,Debit Card,2
ORD01898,CUST0613,2024-09-27,Pune,Home & Kitchen,Bedsheet Set,1299,4,0.05,4936.2,Credit Card,7
ORD01899,CUST0730,2025-01-05,Hyderabad,Sports,Yoga Mat,899,3,0.0,2697.0,Credit Card,7
ORD01900,CUST0654,2024-10-25,Chennai,Beauty,Perfume,1499,2,0.0,2998.0,Credit Card,5
ORD01901,CUST0402,2024-09-08,Ahmedabad,Home & Kitchen,Water Bottle,499,4,0.05,1896.2,Debit Card,5
ORD01902,CUST0621,2024-09-17,Delhi,Beauty,Perfume,1499,3,0.0,4497.0,Debit Card,1
ORD01903,CUST0194,2024-03-09,Kolkata,Beauty,Perfume,1499,4,0.0,5996.0,Cash on Delivery,4
ORD01904,CUST0431,2025-08-04,Chennai,Sports,Dumbbell Set,2999,3,0.15,7647.45,Debit Card,1
ORD01905,CUST0488,2024-04-20,Pune,Beauty,Perfume,1499,4,0.15,5096.6,Cash on Delivery,3
ORD01906,CUST0779,2025-01-05,Mumbai,Electronics,Wireless Headphones,2499,2,0.0,4998.0,UPI,7
ORD01907,CUST0275,2025-07-02,Bengaluru,Electronics,Smart Watch,3999,1,0.15,3399.15,UPI,6
ORD01908,CUST0011,2024-03-02,Delhi,Beauty,Face Serum,999,1,0.15,849.15,Debit Card,5
ORD01909,CUST0226,2024-08-24,Kolkata,Home & Kitchen,Coffee Maker,3499,4,0.0,13996.0,Wallet,3
ORD01910,CUST0325,2025-08-21,Chennai,Fashion,Men's T-Shirt,799,1,0.15,679.15,Credit Card,7
ORD01911,CUST0585,2024-04-03,Kolkata,Beauty,Face Serum,999,1,0.0,999.0,Cash on Delivery,1
ORD01912,CUST0471,2024-09-04,Bengaluru,Electronics,Wireless Headphones,2499,4,0.0,9996.0,Credit Card,2
ORD01913,CUST0446,2024-11-11,Pune,Home & Kitchen,Water Bottle,499,1,0.0,499.0,Cash on Delivery,2
ORD01914,CUST0454,2025-03-30,Bengaluru,Fashion,Men's T-Shirt,799,1,0.1,719.1,Cash on Delivery,7
ORD01915,CUST0211,2024-10-05,Ahmedabad,Sports,Cricket Bat,1799,1,0.15,1529.15,Cash on Delivery,7
ORD01916,CUST0520,2025-05-26,Pune,Sports,Cricket Bat,1799,3,0.0,5397.0,Cash on Delivery,5
ORD01917,CUST0716,2025-09-07,Pune,Fashion,Women's Handbag,1899,2,0.0,3798.0,Credit Card,7
ORD01918,CUST0415,2024-12-27,Kolkata,Beauty,Face Serum,999,2,0.05,1898.1,Credit Card,6
ORD01919,CUST0025,2025-04-25,Chennai,Home & Kitchen,Water Bottle,499,4,0.15,1696.6,UPI,4
ORD01920,CUST0021,2025-01-25,Ahmedabad,Electronics,Smart Watch,3999,3,0.05,11397.15,Cash on Delivery,6
ORD01921,CUST0357,2024-09-18,Chennai,Beauty,Hair Dryer,1999,1,0.1,1799.1,Debit Card,3
ORD01922,CUST0600,2024-08-12,Chennai,Home & Kitchen,Coffee Maker,3499,2,0.0,6998.0,UPI,4
ORD01923,CUST0095,2024-06-11,Mumbai,Home & Kitchen,Water Bottle,499,2,0.0,998.0,Debit Card,1
ORD01924,CUST0146,2024-10-27,Pune,Sports,Cricket Bat,1799,4,0.0,7196.0,Debit Card,7
ORD01925,CUST0534,2024-06-19,Delhi,Fashion,Men's T-Shirt,799,4,0.05,3036.2,Credit Card,7
ORD01926,CUST0296,2024-06-29,Ahmedabad,Electronics,Bluetooth Speaker,1799,1,0.15,1529.15,Cash on Delivery,2
ORD01927,CUST0069,2024-03-19,Delhi,Fashion,Men's T-Shirt,799,2,0.15,1358.3,Debit Card,7
ORD01928,CUST0780,2025-07-20,Hyderabad,Fashion,Running Shoes,2499,1,0.1,2249.1,Credit Card,2
ORD01929,CUST0176,2024-11-29,Kolkata,Sports,Yoga Mat,899,2,0.0,1798.0,Wallet,7
ORD01930,CUST0172,2024-05-18,Mumbai,Electronics,Bluetooth Speaker,1799,1,0.1,1619.1,Cash on Delivery,2
ORD01931,CUST0474,2024-10-12,Chennai,Fashion,Men's T-Shirt,799,3,0.15,2037.45,Cash on Delivery,2
ORD01932,CUST0773,2025-09-12,Mumbai,Electronics,Bluetooth Speaker,1799,2,0.0,3598.0,UPI,4
ORD01933,CUST0502,2025-06-25,Pune,Fashion,Men's T-Shirt,799,3,0.1,2157.3,Wallet,5
ORD01934,CUST0621,2024-12-28,Pune,Beauty,Perfume,1499,4,0.15,5096.6,Debit Card,5
ORD01935,CUST0212,2024-02-07,Delhi,Beauty,Face Serum,999,4,0.0,3996.0,Wallet,3
ORD01936,CUST0307,2025-01-19,Hyderabad,Home & Kitchen,Water Bottle,499,4,0.1,1796.4,UPI,3
ORD01937,CUST0794,2025-03-21,Bengaluru,Beauty,Face Serum,999,1,0.0,999.0,Cash on Delivery,7
ORD01938,CUST0251,2025-02-09,Bengaluru,Sports,Dumbbell Set,2999,2,0.05,5698.1,UPI,2
ORD01939,CUST0730,2025-04-22,Ahmedabad,Beauty,Hair Dryer,1999,4,0.1,7196.4,Debit Card,2
ORD01940,CUST0150,2024-09-08,Delhi,Beauty,Face Serum,999,4,0.0,3996.0,Debit Card,3
ORD01941,CUST0080,2025-03-19,Kolkata,Electronics,Smart Watch,3999,4,0.1,14396.4,Debit Card,7
ORD01942,CUST0070,2025-05-05,Hyderabad,Sports,Dumbbell Set,2999,4,0.0,11996.0,Debit Card,2
ORD01943,CUST0150,2024-04-13,Kolkata,Home & Kitchen,Bedsheet Set,1299,2,0.0,2598.0,UPI,1
ORD01944,CUST0414,2025-04-04,Hyderabad,Sports,Yoga Mat,899,3,0.0,2697.0,Wallet,4
ORD01945,CUST0053,2025-01-11,Delhi,Home & Kitchen,Bedsheet Set,1299,3,0.05,3702.15,Cash on Delivery,7
ORD01946,CUST0519,2025-08-02,Delhi,Beauty,Hair Dryer,1999,1,0.15,1699.15,Credit Card,7
ORD01947,CUST0146,2024-05-27,Chennai,Beauty,Hair Dryer,1999,4,0.05,7596.2,UPI,5
ORD01948,CUST0046,2024-02-12,Kolkata,Beauty,Hair Dryer,1999,4,0.0,7996.0,UPI,2
ORD01949,CUST0438,2024-06-04,Kolkata,Fashion,Women's Handbag,1899,2,0.1,3418.2,Credit Card,1
ORD01950,CUST0068,2025-05-09,Chennai,Electronics,Wireless Headphones,2499,1,0.05,2374.05,Cash on Delivery,2
ORD01951,CUST0632,2024-12-16,Hyderabad,Beauty,Face Serum,999,1,0.1,899.1,Cash on Delivery,3
ORD01952,CUST0160,2025-06-23,Kolkata,Sports,Dumbbell Set,2999,3,0.05,8547.15,Wallet,7
ORD01953,CUST0279,2025-05-09,Hyderabad,Fashion,Men's T-Shirt,799,1,0.1,719.1,Wallet,3
ORD01954,CUST0308,2025-08-28,Kolkata,Beauty,Perfume,1499,4,0.0,5996.0,UPI,7
ORD01955,CUST0476,2024-09-11,Bengaluru,Fashion,Running Shoes,2499,2,0.0,4998.0,UPI,6
ORD01956,CUST0430,2025-02-13,Hyderabad,Sports,Dumbbell Set,2999,3,0.1,8097.3,Debit Card,1
ORD01957,CUST0059,2024-11-17,Pune,Fashion,Men's T-Shirt,799,4,0.0,3196.0,Cash on Delivery,7
ORD01958,CUST0342,2024-02-01,Hyderabad,Beauty,Face Serum,999,4,0.1,3596.4,UPI,3
ORD01959,CUST0220,2025-08-25,Pune,Fashion,Women's Handbag,1899,4,0.1,6836.4,Cash on Delivery,7
ORD01960,CUST0345,2024-06-17,Bengaluru,Fashion,Women's Handbag,1899,2,0.15,3228.3,Wallet,3
ORD01961,CUST0085,2024-03-25,Mumbai,Sports,Cricket Bat,1799,1,0.0,1799.0,Credit Card,5
ORD01962,CUST0003,2024-02-22,Ahmedabad,Beauty,Hair Dryer,1999,1,0.0,1999.0,Credit Card,1
ORD01963,CUST0090,2025-08-08,Mumbai,Fashion,Women's Handbag,1899,3,0.05,5412.15,Credit Card,3
ORD01964,CUST0041,2024-03-25,Mumbai,Home & Kitchen,Water Bottle,499,1,0.15,424.15,Credit Card,7
ORD01965,CUST0608,2024-09-30,Kolkata,Fashion,Women's Handbag,1899,4,0.0,7596.0,Wallet,7
ORD01966,CUST0474,2024-03-07,Kolkata,Sports,Yoga Mat,899,3,0.0,2697.0,Credit Card,6
ORD01967,CUST0706,2024-08-17,Kolkata,Sports,Yoga Mat,899,4,0.15,3056.6,UPI,4
ORD01968,CUST0368,2025-04-08,Kolkata,Home & Kitchen,Bedsheet Set,1299,2,0.1,2338.2,Debit Card,6
ORD01969,CUST0216,2024-11-30,Chennai,Beauty,Hair Dryer,1999,2,0.05,3798.1,Cash on Delivery,2
ORD01970,CUST0121,2025-08-24,Bengaluru,Fashion,Men's T-Shirt,799,1,0.0,799.0,UPI,4
ORD01971,CUST0705,2024-12-06,Hyderabad,Fashion,Men's T-Shirt,799,1,0.05,759.05,Wallet,2
ORD01972,CUST0747,2025-07-19,Kolkata,Beauty,Hair Dryer,1999,4,0.0,7996.0,Credit Card,4
ORD01973,CUST0354,2024-07-15,Delhi,Electronics,Smart Watch,3999,2,0.1,7198.2,UPI,1
ORD01974,CUST0675,2025-04-19,Pune,Home & Kitchen,Coffee Maker,3499,2,0.1,6298.2,Debit Card,4
ORD01975,CUST0717,2025-08-03,Bengaluru,Fashion,Women's Handbag,1899,4,0.05,7216.2,UPI,7
ORD01976,CUST0343,2025-05-13,Bengaluru,Fashion,Women's Handbag,1899,4,0.0,7596.0,UPI,2
ORD01977,CUST0739,2024-07-26,Bengaluru,Fashion,Running Shoes,2499,4,0.05,9496.2,Cash on Delivery,1
ORD01978,CUST0382,2025-09-21,Hyderabad,Electronics,Bluetooth Speaker,1799,3,0.05,5127.15,UPI,1
ORD01979,CUST0341,2024-05-31,Kolkata,Beauty,Perfume,1499,2,0.0,2998.0,Wallet,4
ORD01980,CUST0466,2024-02-10,Kolkata,Sports,Dumbbell Set,2999,2,0.1,5398.2,Wallet,7
ORD01981,CUST0418,2024-01-19,Delhi,Beauty,Face Serum,999,3,0.05,2847.15,Cash on Delivery,7
ORD01982,CUST0229,2025-08-28,Ahmedabad,Beauty,Hair Dryer,1999,2,0.05,3798.1,Debit Card,3
ORD01983,CUST0005,2024-09-28,Chennai,Electronics,Wireless Headphones,2499,3,0.1,6747.3,UPI,2
ORD01984,CUST0049,2025-03-16,Delhi,Beauty,Face Serum,999,4,0.0,3996.0,Debit Card,5
ORD01985,CUST0788,2024-11-09,Mumbai,Sports,Cricket Bat,1799,1,0.15,1529.15,Cash on Delivery,5
ORD01986,CUST0399,2024-08-28,Hyderabad,Fashion,Running Shoes,2499,3,0.0,7497.0,Credit Card,5
ORD01987,CUST0663,2024-12-02,Chennai,Fashion,Men's T-Shirt,799,4,0.0,3196.0,Cash on Delivery,1
ORD01988,CUST0688,2024-10-26,Kolkata,Electronics,Wireless Headphones,2499,3,0.0,7497.0,Cash on Delivery,2
ORD01989,CUST0784,2024-04-09,Kolkata,Beauty,Face Serum,999,2,0.05,1898.1,Debit Card,5
ORD01990,CUST0125,2024-06-08,Mumbai,Sports,Dumbbell Set,2999,1,0.0,2999.0,Credit Card,1
ORD01991,CUST0125,2024-12-11,Ahmedabad,Home & Kitchen,Water Bottle,499,1,0.1,449.1,Wallet,1
ORD01992,CUST0095,2024-12-30,Hyderabad,Beauty,Perfume,1499,3,0.0,4497.0,Credit Card,4
ORD01993,CUST0785,2025-09-27,Delhi,Fashion,Running Shoes,2499,3,0.0,7497.0,UPI,2
ORD01994,CUST0199,2025-07-01,Ahmedabad,Fashion,Women's Handbag,1899,2,0.15,3228.3,Debit Card,1
ORD01995,CUST0795,2025-06-08,Pune,Home & Kitchen,Coffee Maker,3499,4,0.0,13996.0,Credit Card,2
ORD01996,CUST0763,2024-03-09,Chennai,Fashion,Running Shoes,2499,4,0.15,8496.6,Cash on Delivery,5
ORD01997,CUST0043,2024-07-22,Mumbai,Beauty,Hair Dryer,1999,3,0.05,5697.15,Cash on Delivery,2
ORD01998,CUST0665,2025-01-16,Hyderabad,Electronics,Bluetooth Speaker,1799,3,0.0,5397.0,Cash on Delivery,6
ORD01999,CUST0099,2024-05-17,Delhi,Electronics,Smart Watch,3999,4,0.0,15996.0,Wallet,2
ORD02000,CUST0654,2024-02-03,Hyderabad,Beauty,Hair Dryer,1999,3,0.0,5997.0,Credit Card,3
ORD02001,CUST0057,2024-04-19,Kolkata,Sports,Cricket Bat,1799,3,0.0,5397.0,Credit Card,6
ORD02002,CUST0422,2024-12-14,Delhi,Home & Kitchen,Coffee Maker,3499,2,0.05,6648.1,Wallet,3
ORD02003,CUST0024,2025-02-20,Mumbai,Electronics,Smart Watch,3999,3,0.05,11397.15,Debit Card,3
ORD02004,CUST0618,2025-06-21,Delhi,Fashion,Running Shoes,2499,1,0.0,2499.0,Debit Card,1
ORD02005,CUST0188,2024-05-06,Chennai,Electronics,Smart Watch,3999,3,0.05,11397.15,Wallet,7
ORD02006,CUST0779,2024-11-14,Delhi,Electronics,Wireless Headphones,2499,1,0.05,2374.05,Wallet,5
ORD02007,CUST0771,2025-02-17,Mumbai,Sports,Cricket Bat,1799,3,0.0,5397.0,Debit Card,4
ORD02008,CUST0141,2024-02-23,Delhi,Electronics,Bluetooth Speaker,1799,3,0.05,5127.15,UPI,5
ORD02009,CUST0370,2025-04-25,Pune,Electronics,Wireless Headphones,2499,4,0.0,9996.0,Wallet,1
ORD02010,CUST0173,2024-12-08,Bengaluru,Home & Kitchen,Water Bottle,499,2,0.0,998.0,Wallet,6
ORD02011,CUST0747,2024-08-11,Bengaluru,Electronics,Bluetooth Speaker,1799,1,0.1,1619.1,Credit Card,6
ORD02012,CUST0280,2025-06-19,Chennai,Sports,Yoga Mat,899,4,0.0,3596.0,Cash on Delivery,5
ORD02013,CUST0683,2025-09-19,Pune,Fashion,Men's T-Shirt,799,4,0.0,3196.0,Credit Card,7
ORD02014,CUST0605,2025-02-18,Pune,Sports,Cricket Bat,1799,3,0.0,5397.0,Wallet,3
ORD02015,CUST0664,2024-09-18,Ahmedabad,Home & Kitchen,Water Bottle,499,1,0.1,449.1,UPI,1
ORD02016,CUST0591,2024-05-11,Bengaluru,Beauty,Perfume,1499,2,0.05,2848.1,Wallet,1
ORD02017,CUST0763,2024-09-12,Mumbai,Fashion,Men's T-Shirt,799,1,0.0,799.0,UPI,6
ORD02018,CUST0589,2024-04-25,Mumbai,Beauty,Face Serum,999,2,0.05,1898.1,Credit Card,6
ORD02019,CUST0350,2024-04-19,Chennai,Electronics,Bluetooth Speaker,1799,1,0.1,1619.1,Cash on Delivery,2
ORD02020,CUST0421,2024-11-28,Pune,Fashion,Running Shoes,2499,1,0.05,2374.05,Wallet,6
ORD02021,CUST0399,2024-07-30,Hyderabad,Home & Kitchen,Coffee Maker,3499,2,0.0,6998.0,Credit Card,7
ORD02022,CUST0051,2025-03-23,Kolkata,Fashion,Women's Handbag,1899,4,0.05,7216.2,UPI,4
ORD02023,CUST0537,2025-04-14,Kolkata,Beauty,Face Serum,999,1,0.0,999.0,Credit Card,4
ORD02024,CUST0182,2024-10-13,Pune,Electronics,Smart Watch,3999,2,0.05,7598.1,UPI,4
ORD02025,CUST0660,2024-11-06,Chennai,Sports,Yoga Mat,899,4,0.05,3416.2,Cash on Delivery,2
ORD02026,CUST0492,2024-06-13,Chennai,Home & Kitchen,Coffee Maker,3499,4,0.05,13296.2,Cash on Delivery,2
ORD02027,CUST0565,2024-08-12,Bengaluru,Electronics,Wireless Headphones,2499,4,0.1,8996.4,UPI,3
ORD02028,CUST0675,2024-10-05,Kolkata,Home & Kitchen,Bedsheet Set,1299,3,0.0,3897.0,Cash on Delivery,1
ORD02029,CUST0259,2024-10-16,Chennai,Electronics,Bluetooth Speaker,1799,1,0.0,1799.0,Wallet,7
ORD02030,CUST0004,2025-06-25,Bengaluru,Sports,Dumbbell Set,2999,2,0.1,5398.2,UPI,3
ORD02031,CUST0199,2025-05-07,Bengaluru,Sports,Cricket Bat,1799,3,0.0,5397.0,UPI,6
ORD02032,CUST0601,2024-10-05,Chennai,Home & Kitchen,Bedsheet Set,1299,4,0.05,4936.2,Cash on Delivery,6
ORD02033,CUST0484,2025-01-24,Chennai,Sports,Dumbbell Set,2999,3,0.0,8997.0,Credit Card,3
ORD02034,CUST0546,2024-09-03,Hyderabad,Electronics,Smart Watch,3999,3,0.1,10797.3,Cash on Delivery,2
ORD02035,CUST0579,2024-04-15,Bengaluru,Beauty,Perfume,1499,1,0.0,1499.0,Credit Card,4
ORD02036,CUST0757,2025-07-01,Delhi,Electronics,Wireless Headphones,2499,4,0.1,8996.4,UPI,6
ORD02037,CUST0224,2024-08-07,Hyderabad,Sports,Cricket Bat,1799,2,0.0,3598.0,UPI,1
ORD02038,CUST0659,2024-10-14,Ahmedabad,Home & Kitchen,Water Bottle,499,4,0.0,1996.0,Credit Card,1
ORD02039,CUST0613,2024-09-13,Chennai,Home & Kitchen,Water Bottle,499,1,0.0,499.0,UPI,4
ORD02040,CUST0222,2025-05-16,Pune,Home & Kitchen,Bedsheet Set,1299,2,0.0,2598.0,Debit Card,1
ORD02041,CUST0001,2024-10-11,Pune,Electronics,Bluetooth Speaker,1799,2,0.15,3058.3,Debit Card,3
ORD02042,CUST0643,2024-04-09,Mumbai,Beauty,Perfume,1499,2,0.0,2998.0,Debit Card,2
ORD02043,CUST0201,2024-07-02,Chennai,Fashion,Men's T-Shirt,799,2,0.0,1598.0,Credit Card,2
ORD02044,CUST0634,2024-08-19,Bengaluru,Home & Kitchen,Coffee Maker,3499,1,0.1,3149.1,UPI,1
ORD02045,CUST0705,2024-06-06,Delhi,Fashion,Women's Handbag,1899,3,0.1,5127.3,Credit Card,4
ORD02046,CUST0546,2024-02-05,Bengaluru,Beauty,Face Serum,999,2,0.05,1898.1,Cash on Delivery,1
ORD02047,CUST0426,2024-06-06,Delhi,Electronics,Wireless Headphones,2499,2,0.0,4998.0,Cash on Delivery,2
ORD02048,CUST0609,2024-06-10,Chennai,Fashion,Women's Handbag,1899,3,0.1,5127.3,Cash on Delivery,4
ORD02049,CUST0267,2024-11-19,Chennai,Fashion,Running Shoes,2499,4,0.05,9496.2,UPI,2
ORD02050,CUST0094,2025-04-21,Delhi,Beauty,Hair Dryer,1999,4,0.15,6796.6,Credit Card,1
ORD02051,CUST0405,2025-05-05,Bengaluru,Fashion,Running Shoes,2499,1,0.15,2124.15,UPI,5
ORD02052,CUST0052,2024-09-03,Delhi,Fashion,Running Shoes,2499,2,0.0,4998.0,Credit Card,5
ORD02053,CUST0096,2025-07-04,Kolkata,Sports,Yoga Mat,899,3,0.15,2292.45,Debit Card,3
ORD02054,CUST0503,2025-03-13,Chennai,Sports,Yoga Mat,899,2,0.0,1798.0,Credit Card,7
ORD02055,CUST0640,2024-05-31,Ahmedabad,Fashion,Running Shoes,2499,1,0.15,2124.15,UPI,4
ORD02056,CUST0698,2024-06-17,Kolkata,Sports,Yoga Mat,899,3,0.1,2427.3,Debit Card,1
ORD02057,CUST0086,2024-02-01,Hyderabad,Electronics,Wireless Headphones,2499,1,0.0,2499.0,Credit Card,7
ORD02058,CUST0101,2025-05-07,Ahmedabad,Sports,Yoga Mat,899,1,0.0,899.0,Wallet,6
ORD02059,CUST0321,2024-12-27,Pune,Home & Kitchen,Water Bottle,499,1,0.0,499.0,UPI,7
ORD02060,CUST0164,2024-09-24,Delhi,Sports,Dumbbell Set,2999,3,0.05,8547.15,Wallet,7
ORD02061,CUST0535,2025-05-17,Delhi,Fashion,Running Shoes,2499,4,0.05,9496.2,Credit Card,2
ORD02062,CUST0481,2025-01-23,Mumbai,Home & Kitchen,Bedsheet Set,1299,1,0.05,1234.05,Wallet,4
ORD02063,CUST0003,2024-02-20,Kolkata,Beauty,Face Serum,999,1,0.15,849.15,Credit Card,4
ORD02064,CUST0742,2025-01-05,Kolkata,Home & Kitchen,Bedsheet Set,1299,3,0.0,3897.0,Wallet,2
ORD02065,CUST0153,2025-02-26,Kolkata,Beauty,Hair Dryer,1999,1,0.0,1999.0,Wallet,2
ORD02066,CUST0175,2024-11-13,Pune,Home & Kitchen,Coffee Maker,3499,1,0.05,3324.05,UPI,5
ORD02067,CUST0213,2025-02-20,Chennai,Electronics,Bluetooth Speaker,1799,4,0.0,7196.0,Cash on Delivery,5
ORD02068,CUST0018,2024-12-29,Bengaluru,Sports,Dumbbell Set,2999,4,0.15,10196.6,Credit Card,1
ORD02069,CUST0259,2025-02-05,Delhi,Electronics,Smart Watch,3999,1,0.0,3999.0,Wallet,5
ORD02070,CUST0486,2025-07-14,Ahmedabad,Electronics,Smart Watch,3999,3,0.0,11997.0,Credit Card,5
ORD02071,CUST0410,2024-03-06,Kolkata,Fashion,Women's Handbag,1899,2,0.15,3228.3,Credit Card,2
ORD02072,CUST0744,2024-10-29,Bengaluru,Electronics,Wireless Headphones,2499,4,0.15,8496.6,Wallet,5
ORD02073,CUST0249,2024-01-22,Pune,Home & Kitchen,Coffee Maker,3499,3,0.0,10497.0,Credit Card,3
ORD02074,CUST0797,2024-11-13,Kolkata,Sports,Cricket Bat,1799,2,0.0,3598.0,UPI,4
ORD02075,CUST0364,2024-06-09,Hyderabad,Electronics,Smart Watch,3999,3,0.1,10797.3,Debit Card,7
ORD02076,CUST0349,2025-01-12,Bengaluru,Electronics,Wireless Headphones,2499,4,0.0,9996.0,Debit Card,2
ORD02077,CUST0316,2025-01-21,Pune,Electronics,Bluetooth Speaker,1799,1,0.1,1619.1,Debit Card,7
ORD02078,CUST0378,2024-04-21,Chennai,Home & Kitchen,Bedsheet Set,1299,1,0.0,1299.0,Wallet,6
ORD02079,CUST0743,2024-12-05,Bengaluru,Sports,Dumbbell Set,2999,2,0.05,5698.1,Cash on Delivery,5
ORD02080,CUST0704,2024-10-23,Mumbai,Electronics,Bluetooth Speaker,1799,3,0.0,5397.0,Debit Card,2
ORD02081,CUST0539,2024-07-17,Kolkata,Fashion,Men's T-Shirt,799,2,0.05,1518.1,Wallet,3
ORD02082,CUST0093,2024-04-14,Delhi,Electronics,Smart Watch,3999,2,0.0,7998.0,Wallet,4
ORD02083,CUST0622,2024-02-19,Chennai,Sports,Cricket Bat,1799,1,0.15,1529.15,Credit Card,5
ORD02084,CUST0138,2024-08-09,Pune,Electronics,Bluetooth Speaker,1799,2,0.1,3238.2,Debit Card,2
ORD02085,CUST0769,2024-03-26,Ahmedabad,Electronics,Smart Watch,3999,1,0.0,3999.0,Debit Card,4
ORD02086,CUST0009,2025-06-21,Mumbai,Electronics,Smart Watch,3999,4,0.15,13596.6,Credit Card,2
ORD02087,CUST0115,2025-02-28,Bengaluru,Electronics,Wireless Headphones,2499,1,0.05,2374.05,Wallet,5
ORD02088,CUST0653,2025-04-28,Ahmedabad,Electronics,Wireless Headphones,2499,4,0.05,9496.2,Debit Card,6
ORD02089,CUST0636,2024-01-04,Chennai,Home & Kitchen,Bedsheet Set,1299,1,0.1,1169.1,Cash on Delivery,3
ORD02090,CUST0319,2024-03-19,Delhi,Sports,Cricket Bat,1799,2,0.0,3598.0,UPI,7
ORD02091,CUST0300,2025-07-06,Chennai,Sports,Dumbbell Set,2999,3,0.0,8997.0,Credit Card,4
ORD02092,CUST0143,2025-08-23,Pune,Sports,Cricket Bat,1799,3,0.0,5397.0,Credit Card,2
ORD02093,CUST0463,2024-09-02,Kolkata,Fashion,Men's T-Shirt,799,2,0.0,1598.0,Debit Card,3
ORD02094,CUST0713,2024-02-07,Kolkata,Beauty,Face Serum,999,1,0.05,949.05,Credit Card,5
ORD02095,CUST0797,2024-01-22,Hyderabad,Sports,Cricket Bat,1799,1,0.05,1709.05,Credit Card,4
ORD02096,CUST0711,2025-06-15,Delhi,Beauty,Hair Dryer,1999,4,0.0,7996.0,UPI,6
ORD02097,CUST0057,2024-07-16,Chennai,Fashion,Women's Handbag,1899,1,0.0,1899.0,Debit Card,4
ORD02098,CUST0158,2025-01-30,Ahmedabad,Beauty,Perfume,1499,1,0.0,1499.0,UPI,3
ORD02099,CUST0349,2024-09-17,Hyderabad,Fashion,Men's T-Shirt,799,2,0.0,1598.0,UPI,7
ORD02100,CUST0112,2025-08-08,Ahmedabad,Beauty,Perfume,1499,2,0.1,2698.2,Cash on Delivery,4
ORD02101,CUST0538,2024-08-03,Kolkata,Sports,Dumbbell Set,2999,2,0.15,5098.3,Debit Card,6
ORD02102,CUST0006,2025-07-21,Ahmedabad,Electronics,Wireless Headphones,2499,2,0.05,4748.1,Credit Card,3
ORD02103,CUST0140,2025-06-25,Pune,Home & Kitchen,Water Bottle,499,4,0.15,1696.6,UPI,2
ORD02104,CUST0055,2024-05-07,Delhi,Fashion,Running Shoes,2499,3,0.15,6372.45,Debit Card,4
ORD02105,CUST0579,2025-01-12,Delhi,Electronics,Bluetooth Speaker,1799,1,0.15,1529.15,Debit Card,3
ORD02106,CUST0597,2024-09-18,Bengaluru,Sports,Yoga Mat,899,1,0.1,809.1,Cash on Delivery,7
ORD02107,CUST0385,2025-08-09,Kolkata,Sports,Dumbbell Set,2999,4,0.15,10196.6,Wallet,6
ORD02108,CUST0303,2025-06-18,Bengaluru,Sports,Dumbbell Set,2999,4,0.0,11996.0,Wallet,7
ORD02109,CUST0151,2024-09-11,Hyderabad,Home & Kitchen,Bedsheet Set,1299,4,0.15,4416.6,Wallet,1
ORD02110,CUST0200,2025-09-25,Bengaluru,Home & Kitchen,Water Bottle,499,3,0.15,1272.45,Credit Card,1
ORD02111,CUST0414,2025-03-16,Mumbai,Fashion,Men's T-Shirt,799,3,0.0,2397.0,Cash on Delivery,5
ORD02112,CUST0656,2025-02-11,Delhi,Electronics,Bluetooth Speaker,1799,4,0.0,7196.0,Cash on Delivery,7
ORD02113,CUST0317,2024-08-09,Chennai,Beauty,Face Serum,999,4,0.0,3996.0,Wallet,5
ORD02114,CUST0142,2025-06-16,Mumbai,Fashion,Women's Handbag,1899,3,0.0,5697.0,Debit Card,7
ORD02115,CUST0712,2024-05-25,Pune,Electronics,Smart Watch,3999,4,0.0,15996.0,Debit Card,1
ORD02116,CUST0558,2025-01-02,Bengaluru,Sports,Yoga Mat,899,4,0.15,3056.6,Cash on Delivery,6
ORD02117,CUST0353,2025-01-22,Pune,Home & Kitchen,Water Bottle,499,4,0.15,1696.6,UPI,7
ORD02118,CUST0689,2024-04-10,Bengaluru,Fashion,Men's T-Shirt,799,4,0.1,2876.4,Credit Card,7
ORD02119,CUST0197,2024-09-14,Kolkata,Sports,Cricket Bat,1799,3,0.0,5397.0,Cash on Delivery,5
ORD02120,CUST0642,2024-10-05,Mumbai,Fashion,Men's T-Shirt,799,3,0.15,2037.45,UPI,7
ORD02121,CUST0684,2024-01-07,Pune,Fashion,Women's Handbag,1899,2,0.0,3798.0,Wallet,4
ORD02122,CUST0516,2025-01-31,Chennai,Beauty,Face Serum,999,1,0.0,999.0,UPI,1
ORD02123,CUST0068,2024-02-19,Pune,Fashion,Running Shoes,2499,3,0.0,7497.0,Wallet,1
ORD02124,CUST0645,2024-10-27,Delhi,Sports,Dumbbell Set,2999,3,0.0,8997.0,Debit Card,1
ORD02125,CUST0597,2024-07-19,Ahmedabad,Beauty,Hair Dryer,1999,2,0.15,3398.3,Cash on Delivery,6
ORD02126,CUST0277,2024-10-13,Mumbai,Fashion,Men's T-Shirt,799,3,0.0,2397.0,Cash on Delivery,4
ORD02127,CUST0060,2024-06-15,Ahmedabad,Beauty,Perfume,1499,3,0.1,4047.3,Credit Card,6
ORD02128,CUST0353,2024-05-20,Mumbai,Beauty,Hair Dryer,1999,2,0.15,3398.3,Wallet,7
ORD02129,CUST0049,2025-01-28,Bengaluru,Electronics,Bluetooth Speaker,1799,4,0.1,6476.4,Wallet,6
ORD02130,CUST0537,2025-02-10,Kolkata,Sports,Yoga Mat,899,3,0.0,2697.0,UPI,2
ORD02131,CUST0136,2024-04-01,Hyderabad,Fashion,Men's T-Shirt,799,4,0.0,3196.0,Debit Card,6
ORD02132,CUST0479,2024-04-21,Delhi,Fashion,Men's T-Shirt,799,3,0.1,2157.3,Cash on Delivery,1
ORD02133,CUST0168,2025-09-09,Mumbai,Fashion,Men's T-Shirt,799,1,0.0,799.0,Cash on Delivery,1
ORD02134,CUST0136,2024-11-21,Ahmedabad,Fashion,Women's Handbag,1899,2,0.15,3228.3,Cash on Delivery,5
ORD02135,CUST0224,2024-07-13,Ahmedabad,Sports,Cricket Bat,1799,4,0.0,7196.0,UPI,6
ORD02136,CUST0051,2025-08-29,Bengaluru,Sports,Cricket Bat,1799,3,0.05,5127.15,Wallet,3
ORD02137,CUST0045,2025-06-06,Delhi,Electronics,Wireless Headphones,2499,4,0.05,9496.2,Cash on Delivery,3
ORD02138,CUST0699,2024-07-28,Kolkata,Home & Kitchen,Water Bottle,499,2,0.1,898.2,UPI,4
ORD02139,CUST0759,2025-04-19,Ahmedabad,Beauty,Perfume,1499,1,0.0,1499.0,Wallet,2
ORD02140,CUST0504,2024-04-04,Bengaluru,Fashion,Men's T-Shirt,799,1,0.0,799.0,UPI,6
ORD02141,CUST0560,2025-08-09,Hyderabad,Fashion,Women's Handbag,1899,4,0.0,7596.0,Cash on Delivery,7
ORD02142,CUST0553,2024-08-25,Chennai,Sports,Cricket Bat,1799,2,0.1,3238.2,UPI,7
ORD02143,CUST0347,2024-01-30,Chennai,Sports,Yoga Mat,899,3,0.1,2427.3,Wallet,7
ORD02144,CUST0558,2025-08-25,Pune,Beauty,Perfume,1499,1,0.1,1349.1,Cash on Delivery,6
ORD02145,CUST0509,2025-02-16,Chennai,Electronics,Smart Watch,3999,4,0.0,15996.0,Cash on Delivery,5
ORD02146,CUST0554,2025-01-20,Bengaluru,Fashion,Men's T-Shirt,799,3,0.0,2397.0,UPI,6
ORD02147,CUST0691,2024-12-01,Bengaluru,Fashion,Men's T-Shirt,799,2,0.05,1518.1,UPI,4
ORD02148,CUST0108,2025-04-03,Kolkata,Home & Kitchen,Water Bottle,499,3,0.15,1272.45,Cash on Delivery,5
ORD02149,CUST0075,2024-06-27,Bengaluru,Fashion,Running Shoes,2499,1,0.15,2124.15,Debit Card,5
ORD02150,CUST0548,2025-08-27,Kolkata,Beauty,Hair Dryer,1999,1,0.15,1699.15,Credit Card,4
ORD02151,CUST0163,2024-01-17,Bengaluru,Sports,Dumbbell Set,2999,3,0.15,7647.45,UPI,7
ORD02152,CUST0737,2025-03-19,Kolkata,Home & Kitchen,Water Bottle,499,2,0.15,848.3,Wallet,3
ORD02153,CUST0567,2025-06-08,Delhi,Fashion,Women's Handbag,1899,3,0.15,4842.45,UPI,3
ORD02154,CUST0094,2025-03-27,Hyderabad,Home & Kitchen,Coffee Maker,3499,4,0.0,13996.0,Credit Card,2
ORD02155,CUST0201,2025-05-04,Bengaluru,Sports,Cricket Bat,1799,4,0.1,6476.4,UPI,5
ORD02156,CUST0066,2025-09-20,Ahmedabad,Beauty,Hair Dryer,1999,4,0.0,7996.0,Cash on Delivery,5
ORD02157,CUST0639,2024-06-02,Pune,Sports,Cricket Bat,1799,4,0.15,6116.6,Wallet,4
ORD02158,CUST0201,2025-08-13,Ahmedabad,Fashion,Men's T-Shirt,799,3,0.15,2037.45,UPI,7
ORD02159,CUST0699,2024-07-09,Chennai,Sports,Cricket Bat,1799,1,0.1,1619.1,Debit Card,1
ORD02160,CUST0746,2025-01-25,Hyderabad,Home & Kitchen,Water Bottle,499,3,0.1,1347.3,Cash on Delivery,5
ORD02161,CUST0555,2024-10-13,Bengaluru,Electronics,Wireless Headphones,2499,1,0.0,2499.0,Debit Card,7
ORD02162,CUST0403,2025-06-20,Ahmedabad,Home & Kitchen,Coffee Maker,3499,3,0.0,10497.0,Wallet,4
ORD02163,CUST0191,2024-10-28,Chennai,Fashion,Men's T-Shirt,799,3,0.15,2037.45,Credit Card,6
ORD02164,CUST0200,2024-08-15,Delhi,Sports,Dumbbell Set,2999,3,0.1,8097.3,Debit Card,4
ORD02165,CUST0546,2024-07-10,Hyderabad,Fashion,Women's Handbag,1899,1,0.05,1804.05,Cash on Delivery,2
ORD02166,CUST0414,2024-06-24,Chennai,Home & Kitchen,Coffee Maker,3499,2,0.15,5948.3,Credit Card,3
ORD02167,CUST0517,2024-08-16,Delhi,Sports,Dumbbell Set,2999,3,0.0,8997.0,Wallet,6
ORD02168,CUST0532,2025-05-16,Kolkata,Beauty,Hair Dryer,1999,3,0.0,5997.0,Cash on Delivery,7
ORD02169,CUST0775,2024-11-24,Ahmedabad,Sports,Cricket Bat,1799,1,0.15,1529.15,Debit Card,7
ORD02170,CUST0644,2024-11-09,Delhi,Home & Kitchen,Water Bottle,499,1,0.0,499.0,Wallet,7
ORD02171,CUST0496,2025-09-05,Bengaluru,Sports,Yoga Mat,899,1,0.1,809.1,UPI,2
ORD02172,CUST0276,2024-08-29,Mumbai,Sports,Dumbbell Set,2999,3,0.15,7647.45,UPI,7
ORD02173,CUST0334,2024-03-31,Kolkata,Home & Kitchen,Water Bottle,499,4,0.05,1896.2,Cash on Delivery,1
ORD02174,CUST0747,2024-08-09,Bengaluru,Home & Kitchen,Coffee Maker,3499,2,0.0,6998.0,Debit Card,5
ORD02175,CUST0244,2024-04-09,Pune,Fashion,Women's Handbag,1899,4,0.15,6456.6,Cash on Delivery,7
ORD02176,CUST0154,2024-09-29,Delhi,Home & Kitchen,Water Bottle,499,1,0.15,424.15,Debit Card,7
ORD02177,CUST0393,2025-04-12,Delhi,Electronics,Wireless Headphones,2499,3,0.0,7497.0,Wallet,5
ORD02178,CUST0776,2024-05-14,Ahmedabad,Beauty,Perfume,1499,1,0.15,1274.15,UPI,3
ORD02179,CUST0572,2025-06-23,Hyderabad,Home & Kitchen,Water Bottle,499,2,0.15,848.3,Cash on Delivery,2
ORD02180,CUST0333,2024-02-29,Pune,Fashion,Women's Handbag,1899,4,0.1,6836.4,Cash on Delivery,5
ORD02181,CUST0505,2024-05-21,Hyderabad,Beauty,Hair Dryer,1999,3,0.0,5997.0,Wallet,3
ORD02182,CUST0373,2025-03-08,Hyderabad,Home & Kitchen,Bedsheet Set,1299,3,0.15,3312.45,Wallet,3
ORD02183,CUST0122,2025-09-21,Delhi,Fashion,Running Shoes,2499,2,0.05,4748.1,Cash on Delivery,3
ORD02184,CUST0160,2024-02-13,Kolkata,Electronics,Wireless Headphones,2499,1,0.0,2499.0,Debit Card,6
ORD02185,CUST0135,2024-08-30,Delhi,Fashion,Running Shoes,2499,2,0.0,4998.0,Debit Card,7
ORD02186,CUST0349,2024-11-27,Ahmedabad,Home & Kitchen,Water Bottle,499,2,0.0,998.0,UPI,5
ORD02187,CUST0699,2024-07-05,Delhi,Fashion,Running Shoes,2499,4,0.15,8496.6,Debit Card,3
ORD02188,CUST0635,2025-08-23,Ahmedabad,Home & Kitchen,Bedsheet Set,1299,4,0.1,4676.4,Credit Card,4
ORD02189,CUST0659,2024-10-26,Pune,Fashion,Women's Handbag,1899,4,0.1,6836.4,Credit Card,6
ORD02190,CUST0378,2024-06-20,Kolkata,Electronics,Wireless Headphones,2499,3,0.15,6372.45,Credit Card,1
ORD02191,CUST0755,2024-04-18,Bengaluru,Sports,Yoga Mat,899,2,0.15,1528.3,Credit Card,7
ORD02192,CUST0661,2024-05-26,Mumbai,Electronics,Wireless Headphones,2499,2,0.15,4248.3,Debit Card,5
ORD02193,CUST0533,2024-04-02,Chennai,Electronics,Wireless Headphones,2499,4,0.0,9996.0,Cash on Delivery,3
ORD02194,CUST0354,2025-04-19,Mumbai,Beauty,Face Serum,999,2,0.15,1698.3,Wallet,2
ORD02195,CUST0186,2024-06-30,Hyderabad,Beauty,Hair Dryer,1999,1,0.1,1799.1,Cash on Delivery,4
ORD02196,CUST0496,2024-09-29,Bengaluru,Home & Kitchen,Coffee Maker,3499,3,0.15,8922.45,Cash on Delivery,2
ORD02197,CUST0093,2025-09-25,Ahmedabad,Sports,Yoga Mat,899,3,0.0,2697.0,Cash on Delivery,6
ORD02198,CUST0563,2024-02-24,Bengaluru,Sports,Yoga Mat,899,1,0.1,809.1,Cash on Delivery,1
ORD02199,CUST0204,2024-08-08,Ahmedabad,Beauty,Face Serum,999,1,0.1,899.1,Credit Card,5
ORD02200,CUST0177,2024-07-05,Bengaluru,Sports,Yoga Mat,899,1,0.05,854.05,Wallet,5
ORD02201,CUST0751,2024-04-13,Pune,Sports,Yoga Mat,899,4,0.0,3596.0,Debit Card,6
ORD02202,CUST0564,2025-07-20,Bengaluru,Sports,Yoga Mat,899,3,0.0,2697.0,Credit Card,2
ORD02203,CUST0554,2025-08-14,Chennai,Home & Kitchen,Bedsheet Set,1299,3,0.0,3897.0,Debit Card,5
ORD02204,CUST0743,2025-05-15,Ahmedabad,Home & Kitchen,Coffee Maker,3499,4,0.0,13996.0,Cash on Delivery,2
ORD02205,CUST0585,2024-01-21,Hyderabad,Fashion,Women's Handbag,1899,3,0.0,5697.0,Debit Card,7
ORD02206,CUST0185,2024-04-29,Ahmedabad,Home & Kitchen,Bedsheet Set,1299,4,0.15,4416.6,Wallet,7
ORD02207,CUST0179,2025-08-07,Ahmedabad,Sports,Cricket Bat,1799,1,0.0,1799.0,UPI,2
ORD02208,CUST0778,2025-04-24,Ahmedabad,Electronics,Smart Watch,3999,2,0.15,6798.3,UPI,2
ORD02209,CUST0572,2025-08-16,Chennai,Beauty,Perfume,1499,3,0.0,4497.0,Credit Card,2
ORD02210,CUST0407,2025-01-08,Mumbai,Electronics,Bluetooth Speaker,1799,1,0.0,1799.0,Wallet,2
ORD02211,CUST0501,2025-07-21,Ahmedabad,Fashion,Men's T-Shirt,799,1,0.05,759.05,Wallet,5
ORD02212,CUST0710,2024-08-03,Hyderabad,Sports,Dumbbell Set,2999,4,0.05,11396.2,Wallet,3
ORD02213,CUST0207,2024-02-11,Mumbai,Fashion,Men's T-Shirt,799,4,0.0,3196.0,Debit Card,3
ORD02214,CUST0329,2025-08-10,Delhi,Fashion,Women's Handbag,1899,1,0.15,1614.15,Cash on Delivery,1
ORD02215,CUST0024,2024-04-05,Bengaluru,Home & Kitchen,Water Bottle,499,2,0.15,848.3,Wallet,2
ORD02216,CUST0311,2024-04-04,Chennai,Sports,Dumbbell Set,2999,3,0.0,8997.0,Cash on Delivery,3
ORD02217,CUST0006,2024-07-20,Pune,Sports,Yoga Mat,899,1,0.15,764.15,Cash on Delivery,1
ORD02218,CUST0118,2025-09-15,Bengaluru,Fashion,Running Shoes,2499,4,0.0,9996.0,Cash on Delivery,1
ORD02219,CUST0162,2024-07-31,Delhi,Fashion,Running Shoes,2499,2,0.0,4998.0,Cash on Delivery,4
ORD02220,CUST0621,2024-04-27,Delhi,Beauty,Perfume,1499,2,0.0,2998.0,UPI,1
ORD02221,CUST0043,2024-07-04,Delhi,Beauty,Hair Dryer,1999,1,0.0,1999.0,Wallet,6
ORD02222,CUST0779,2025-06-25,Ahmedabad,Electronics,Smart Watch,3999,2,0.05,7598.1,Credit Card,2
ORD02223,CUST0586,2024-10-27,Chennai,Sports,Dumbbell Set,2999,2,0.0,5998.0,Cash on Delivery,4
ORD02224,CUST0667,2025-04-11,Kolkata,Home & Kitchen,Water Bottle,499,1,0.0,499.0,Wallet,1
ORD02225,CUST0292,2024-04-02,Mumbai,Fashion,Women's Handbag,1899,2,0.0,3798.0,Wallet,6
ORD02226,CUST0591,2024-01-09,Hyderabad,Beauty,Perfume,1499,2,0.05,2848.1,Credit Card,2
ORD02227,CUST0606,2024-01-18,Chennai,Sports,Cricket Bat,1799,4,0.0,7196.0,Debit Card,3
ORD02228,CUST0611,2025-08-05,Hyderabad,Beauty,Face Serum,999,1,0.0,999.0,Credit Card,7
ORD02229,CUST0465,2024-08-22,Delhi,Sports,Cricket Bat,1799,1,0.0,1799.0,Credit Card,3
ORD02230,CUST0553,2024-11-30,Hyderabad,Fashion,Women's Handbag,1899,3,0.15,4842.45,Cash on Delivery,3
ORD02231,CUST0761,2024-03-17,Bengaluru,Fashion,Men's T-Shirt,799,1,0.05,759.05,UPI,2
ORD02232,CUST0629,2025-01-05,Bengaluru,Beauty,Face Serum,999,4,0.0,3996.0,Cash on Delivery,2
ORD02233,CUST0614,2024-06-19,Mumbai,Sports,Cricket Bat,1799,3,0.0,5397.0,Cash on Delivery,6
ORD02234,CUST0423,2024-01-23,Chennai,Electronics,Smart Watch,3999,4,0.15,13596.6,Credit Card,2
ORD02235,CUST0268,2024-11-23,Bengaluru,Home & Kitchen,Bedsheet Set,1299,1,0.05,1234.05,UPI,2
ORD02236,CUST0018,2024-05-07,Hyderabad,Home & Kitchen,Water Bottle,499,2,0.0,998.0,Cash on Delivery,4
ORD02237,CUST0316,2025-03-09,Delhi,Sports,Dumbbell Set,2999,4,0.05,11396.2,Debit Card,4
ORD02238,CUST0436,2024-10-18,Bengaluru,Sports,Dumbbell Set,2999,3,0.05,8547.15,Credit Card,3
ORD02239,CUST0445,2025-04-17,Mumbai,Beauty,Face Serum,999,2,0.05,1898.1,UPI,1
ORD02240,CUST0040,2024-05-05,Chennai,Sports,Yoga Mat,899,1,0.15,764.15,UPI,7
ORD02241,CUST0409,2025-04-05,Kolkata,Beauty,Perfume,1499,2,0.0,2998.0,UPI,4
ORD02242,CUST0530,2024-01-14,Delhi,Fashion,Women's Handbag,1899,1,0.15,1614.15,Debit Card,4
ORD02243,CUST0722,2024-12-16,Mumbai,Electronics,Wireless Headphones,2499,1,0.0,2499.0,Cash on Delivery,1
ORD02244,CUST0105,2025-04-08,Chennai,Fashion,Running Shoes,2499,1,0.1,2249.1,UPI,4
ORD02245,CUST0370,2024-10-21,Kolkata,Fashion,Women's Handbag,1899,1,0.0,1899.0,Cash on Delivery,3
ORD02246,CUST0026,2024-07-20,Mumbai,Fashion,Women's Handbag,1899,2,0.0,3798.0,Wallet,4
ORD02247,CUST0721,2025-03-12,Pune,Fashion,Women's Handbag,1899,3,0.1,5127.3,Wallet,3
ORD02248,CUST0006,2025-07-28,Hyderabad,Beauty,Face Serum,999,2,0.0,1998.0,Credit Card,6
ORD02249,CUST0261,2025-03-26,Pune,Fashion,Running Shoes,2499,4,0.0,9996.0,Cash on Delivery,4
ORD02250,CUST0538,2024-03-06,Chennai,Fashion,Men's T-Shirt,799,3,0.15,2037.45,Credit Card,6
ORD02251,CUST0413,2024-09-29,Pune,Beauty,Face Serum,999,1,0.0,999.0,Cash on Delivery,1
ORD02252,CUST0052,2024-04-29,Ahmedabad,Home & Kitchen,Coffee Maker,3499,1,0.0,3499.0,Wallet,4
ORD02253,CUST0767,2024-01-21,Kolkata,Beauty,Face Serum,999,3,0.0,2997.0,Wallet,2
ORD02254,CUST0588,2024-10-03,Mumbai,Sports,Dumbbell Set,2999,1,0.15,2549.15,Debit Card,2
ORD02255,CUST0626,2024-09-18,Mumbai,Electronics,Smart Watch,3999,2,0.0,7998.0,Wallet,3
ORD02256,CUST0505,2025-06-25,Chennai,Sports,Cricket Bat,1799,4,0.15,6116.6,UPI,2
ORD02257,CUST0392,2025-02-28,Kolkata,Beauty,Perfume,1499,4,0.0,5996.0,UPI,4
ORD02258,CUST0294,2025-05-11,Mumbai,Beauty,Face Serum,999,2,0.0,1998.0,Cash on Delivery,4
ORD02259,CUST0781,2024-06-27,Hyderabad,Sports,Cricket Bat,1799,2,0.0,3598.0,Cash on Delivery,2
ORD02260,CUST0117,2025-08-05,Ahmedabad,Fashion,Running Shoes,2499,3,0.15,6372.45,UPI,1
ORD02261,CUST0220,2024-01-27,Ahmedabad,Home & Kitchen,Water Bottle,499,4,0.0,1996.0,UPI,5
ORD02262,CUST0421,2024-04-01,Mumbai,Beauty,Perfume,1499,2,0.0,2998.0,Credit Card,6
ORD02263,CUST0086,2025-07-12,Chennai,Electronics,Bluetooth Speaker,1799,3,0.0,5397.0,Debit Card,6
ORD02264,CUST0086,2024-04-24,Ahmedabad,Sports,Dumbbell Set,2999,4,0.0,11996.0,UPI,6
ORD02265,CUST0073,2024-02-01,Pune,Sports,Dumbbell Set,2999,3,0.15,7647.45,Debit Card,3
ORD02266,CUST0365,2025-04-07,Chennai,Sports,Yoga Mat,899,2,0.0,1798.0,Wallet,4
ORD02267,CUST0177,2025-07-06,Mumbai,Sports,Cricket Bat,1799,4,0.0,7196.0,UPI,3
ORD02268,CUST0485,2024-11-23,Delhi,Sports,Yoga Mat,899,4,0.1,3236.4,Credit Card,7
ORD02269,CUST0413,2025-09-01,Delhi,Fashion,Women's Handbag,1899,1,0.05,1804.05,UPI,2
ORD02270,CUST0687,2025-09-06,Pune,Sports,Cricket Bat,1799,3,0.0,5397.0,Wallet,5
ORD02271,CUST0681,2025-05-03,Mumbai,Fashion,Women's Handbag,1899,4,0.15,6456.6,Debit Card,1
ORD02272,CUST0091,2024-09-21,Pune,Sports,Cricket Bat,1799,2,0.0,3598.0,UPI,3
ORD02273,CUST0182,2024-09-11,Ahmedabad,Beauty,Face Serum,999,4,0.15,3396.6,Debit Card,6
ORD02274,CUST0363,2025-01-21,Delhi,Sports,Dumbbell Set,2999,2,0.05,5698.1,Cash on Delivery,5
ORD02275,CUST0432,2025-09-11,Kolkata,Beauty,Face Serum,999,3,0.0,2997.0,Wallet,4
ORD02276,CUST0440,2025-09-18,Mumbai,Beauty,Perfume,1499,2,0.05,2848.1,Debit Card,4
ORD02277,CUST0012,2025-03-30,Bengaluru,Sports,Cricket Bat,1799,2,0.0,3598.0,Wallet,3
ORD02278,CUST0594,2024-12-30,Chennai,Electronics,Smart Watch,3999,2,0.0,7998.0,Cash on Delivery,3
ORD02279,CUST0588,2025-05-29,Chennai,Sports,Dumbbell Set,2999,2,0.0,5998.0,Debit Card,5
ORD02280,CUST0447,2024-02-12,Bengaluru,Beauty,Perfume,1499,2,0.15,2548.3,Debit Card,4
ORD02281,CUST0070,2025-08-12,Pune,Beauty,Face Serum,999,4,0.15,3396.6,UPI,5
ORD02282,CUST0116,2024-08-07,Chennai,Electronics,Wireless Headphones,2499,3,0.0,7497.0,Debit Card,6
ORD02283,CUST0111,2025-02-21,Chennai,Sports,Dumbbell Set,2999,2,0.0,5998.0,Credit Card,4
ORD02284,CUST0045,2024-09-11,Kolkata,Beauty,Face Serum,999,3,0.0,2997.0,Debit Card,5
ORD02285,CUST0170,2024-01-23,Hyderabad,Sports,Yoga Mat,899,4,0.05,3416.2,Debit Card,7
ORD02286,CUST0632,2024-05-07,Delhi,Home & Kitchen,Coffee Maker,3499,2,0.05,6648.1,Cash on Delivery,3
ORD02287,CUST0581,2024-01-29,Pune,Electronics,Wireless Headphones,2499,3,0.05,7122.15,Cash on Delivery,7
ORD02288,CUST0130,2025-06-12,Kolkata,Electronics,Smart Watch,3999,4,0.0,15996.0,Wallet,5
ORD02289,CUST0747,2025-07-08,Mumbai,Sports,Dumbbell Set,2999,1,0.15,2549.15,Cash on Delivery,4
ORD02290,CUST0454,2024-03-22,Kolkata,Sports,Yoga Mat,899,1,0.05,854.05,Cash on Delivery,5
ORD02291,CUST0404,2024-07-08,Pune,Electronics,Wireless Headphones,2499,3,0.15,6372.45,Debit Card,5
ORD02292,CUST0714,2025-02-09,Ahmedabad,Beauty,Perfume,1499,2,0.15,2548.3,Debit Card,5
ORD02293,CUST0349,2024-12-01,Kolkata,Beauty,Perfume,1499,3,0.0,4497.0,Debit Card,7
ORD02294,CUST0740,2024-05-18,Bengaluru,Electronics,Wireless Headphones,2499,1,0.15,2124.15,UPI,7
ORD02295,CUST0360,2024-02-15,Delhi,Beauty,Hair Dryer,1999,2,0.1,3598.2,UPI,4
ORD02296,CUST0551,2025-09-02,Pune,Electronics,Smart Watch,3999,1,0.0,3999.0,Credit Card,4
ORD02297,CUST0528,2024-04-12,Kolkata,Home & Kitchen,Water Bottle,499,4,0.0,1996.0,Debit Card,3
ORD02298,CUST0051,2024-01-08,Mumbai,Sports,Yoga Mat,899,4,0.1,3236.4,Wallet,6
ORD02299,CUST0595,2025-06-27,Kolkata,Sports,Cricket Bat,1799,2,0.05,3418.1,Credit Card,1
ORD02300,CUST0629,2025-07-24,Pune,Home & Kitchen,Coffee Maker,3499,4,0.05,13296.2,Cash on Delivery,4
ORD02301,CUST0166,2024-09-25,Mumbai,Beauty,Face Serum,999,3,0.1,2697.3,Debit Card,3
ORD02302,CUST0551,2024-12-14,Mumbai,Beauty,Hair Dryer,1999,4,0.1,7196.4,Wallet,4
ORD02303,CUST0624,2025-06-02,Mumbai,Home & Kitchen,Coffee Maker,3499,2,0.0,6998.0,Cash on Delivery,2
ORD02304,CUST0134,2025-01-25,Bengaluru,Fashion,Women's Handbag,1899,3,0.1,5127.3,Cash on Delivery,3
ORD02305,CUST0619,2024-12-08,Hyderabad,Home & Kitchen,Water Bottle,499,1,0.1,449.1,Credit Card,1
ORD02306,CUST0122,2024-07-10,Bengaluru,Electronics,Bluetooth Speaker,1799,4,0.0,7196.0,Credit Card,3
ORD02307,CUST0319,2025-04-30,Pune,Fashion,Women's Handbag,1899,4,0.1,6836.4,Credit Card,7
ORD02308,CUST0107,2024-01-29,Delhi,Home & Kitchen,Bedsheet Set,1299,1,0.1,1169.1,Credit Card,3
ORD02309,CUST0547,2024-09-14,Pune,Electronics,Wireless Headphones,2499,3,0.15,6372.45,UPI,1
ORD02310,CUST0529,2025-08-25,Pune,Sports,Yoga Mat,899,1,0.1,809.1,Cash on Delivery,6
ORD02311,CUST0178,2024-03-22,Hyderabad,Beauty,Perfume,1499,2,0.0,2998.0,Cash on Delivery,7
ORD02312,CUST0270,2025-02-22,Bengaluru,Electronics,Smart Watch,3999,4,0.0,15996.0,Cash on Delivery,1
ORD02313,CUST0209,2024-02-24,Kolkata,Fashion,Running Shoes,2499,1,0.0,2499.0,Credit Card,6
ORD02314,CUST0714,2024-12-20,Pune,Beauty,Hair Dryer,1999,2,0.1,3598.2,Wallet,1
ORD02315,CUST0272,2025-01-12,Bengaluru,Beauty,Perfume,1499,3,0.0,4497.0,Debit Card,2
ORD02316,CUST0260,2024-11-28,Hyderabad,Electronics,Bluetooth Speaker,1799,2,0.15,3058.3,Debit Card,1
ORD02317,CUST0669,2024-11-08,Hyderabad,Electronics,Bluetooth Speaker,1799,4,0.05,6836.2,Debit Card,6
ORD02318,CUST0115,2024-03-19,Bengaluru,Beauty,Hair Dryer,1999,2,0.0,3998.0,Credit Card,2
ORD02319,CUST0462,2024-03-27,Ahmedabad,Beauty,Hair Dryer,1999,4,0.15,6796.6,Cash on Delivery,7
ORD02320,CUST0174,2025-05-16,Mumbai,Fashion,Men's T-Shirt,799,3,0.0,2397.0,Credit Card,7
ORD02321,CUST0487,2024-03-15,Hyderabad,Sports,Dumbbell Set,2999,4,0.0,11996.0,UPI,6
ORD02322,CUST0253,2025-01-31,Mumbai,Sports,Yoga Mat,899,1,0.15,764.15,Debit Card,3
ORD02323,CUST0333,2024-08-23,Bengaluru,Fashion,Men's T-Shirt,799,4,0.15,2716.6,Debit Card,5
ORD02324,CUST0037,2024-01-13,Delhi,Fashion,Women's Handbag,1899,2,0.05,3608.1,Wallet,1
ORD02325,CUST0527,2024-10-20,Delhi,Beauty,Hair Dryer,1999,4,0.15,6796.6,Cash on Delivery,3
ORD02326,CUST0268,2025-01-03,Kolkata,Fashion,Women's Handbag,1899,3,0.05,5412.15,Cash on Delivery,1
ORD02327,CUST0618,2025-05-01,Chennai,Sports,Yoga Mat,899,3,0.0,2697.0,Cash on Delivery,6
ORD02328,CUST0660,2024-09-03,Delhi,Sports,Yoga Mat,899,1,0.05,854.05,Credit Card,5
ORD02329,CUST0638,2025-01-30,Pune,Beauty,Perfume,1499,3,0.15,3822.45,Wallet,5
ORD02330,CUST0493,2024-11-18,Bengaluru,Sports,Yoga Mat,899,1,0.05,854.05,Cash on Delivery,1
ORD02331,CUST0239,2025-01-20,Mumbai,Home & Kitchen,Coffee Maker,3499,2,0.05,6648.1,UPI,7
ORD02332,CUST0275,2024-06-28,Bengaluru,Sports,Dumbbell Set,2999,4,0.05,11396.2,Credit Card,7
ORD02333,CUST0167,2025-04-05,Chennai,Sports,Dumbbell Set,2999,2,0.15,5098.3,Credit Card,5
ORD02334,CUST0031,2025-05-26,Pune,Electronics,Wireless Headphones,2499,1,0.15,2124.15,Credit Card,5
ORD02335,CUST0218,2025-07-24,Bengaluru,Fashion,Men's T-Shirt,799,1,0.15,679.15,Credit Card,1
ORD02336,CUST0180,2024-08-23,Mumbai,Electronics,Wireless Headphones,2499,1,0.0,2499.0,UPI,1
ORD02337,CUST0118,2025-01-23,Mumbai,Sports,Cricket Bat,1799,4,0.1,6476.4,UPI,5
ORD02338,CUST0012,2024-05-04,Delhi,Sports,Dumbbell Set,2999,4,0.1,10796.4,Debit Card,2
ORD02339,CUST0742,2024-03-04,Chennai,Home & Kitchen,Coffee Maker,3499,1,0.05,3324.05,Wallet,3
ORD02340,CUST0523,2025-08-26,Mumbai,Home & Kitchen,Bedsheet Set,1299,2,0.0,2598.0,Cash on Delivery,3
ORD02341,CUST0317,2024-11-18,Pune,Beauty,Perfume,1499,2,0.0,2998.0,Wallet,3
ORD02342,CUST0469,2024-01-18,Pune,Electronics,Wireless Headphones,2499,1,0.0,2499.0,Credit Card,1
ORD02343,CUST0449,2025-01-23,Delhi,Home & Kitchen,Coffee Maker,3499,3,0.15,8922.45,Debit Card,1
ORD02344,CUST0276,2025-03-08,Delhi,Electronics,Smart Watch,3999,4,0.1,14396.4,UPI,1
ORD02345,CUST0721,2024-04-02,Chennai,Beauty,Hair Dryer,1999,3,0.0,5997.0,Debit Card,1
ORD02346,CUST0629,2025-02-12,Kolkata,Beauty,Perfume,1499,3,0.0,4497.0,Wallet,4
ORD02347,CUST0779,2025-07-29,Chennai,Electronics,Bluetooth Speaker,1799,1,0.05,1709.05,Cash on Delivery,4
ORD02348,CUST0387,2024-05-24,Pune,Sports,Yoga Mat,899,3,0.15,2292.45,Credit Card,4
ORD02349,CUST0553,2024-08-27,Pune,Sports,Cricket Bat,1799,1,0.15,1529.15,Wallet,5
ORD02350,CUST0699,2025-06-25,Ahmedabad,Sports,Dumbbell Set,2999,1,0.1,2699.1,Wallet,1
ORD02351,CUST0185,2025-03-15,Hyderabad,Home & Kitchen,Water Bottle,499,3,0.15,1272.45,Cash on Delivery,7
ORD02352,CUST0710,2024-01-24,Chennai,Electronics,Bluetooth Speaker,1799,4,0.1,6476.4,Credit Card,1
ORD02353,CUST0647,2025-04-10,Bengaluru,Electronics,Wireless Headphones,2499,4,0.05,9496.2,Cash on Delivery,1
ORD02354,CUST0143,2025-01-12,Delhi,Home & Kitchen,Water Bottle,499,1,0.15,424.15,Cash on Delivery,3
ORD02355,CUST0499,2025-04-16,Ahmedabad,Home & Kitchen,Bedsheet Set,1299,3,0.0,3897.0,Debit Card,6
ORD02356,CUST0395,2024-10-30,Bengaluru,Electronics,Bluetooth Speaker,1799,2,0.1,3238.2,UPI,1
ORD02357,CUST0624,2024-04-04,Pune,Sports,Dumbbell Set,2999,2,0.05,5698.1,Credit Card,4
ORD02358,CUST0489,2025-09-09,Hyderabad,Home & Kitchen,Water Bottle,499,2,0.0,998.0,Wallet,5
ORD02359,CUST0273,2025-01-10,Bengaluru,Electronics,Smart Watch,3999,1,0.05,3799.05,UPI,7
ORD02360,CUST0047,2025-05-12,Hyderabad,Sports,Cricket Bat,1799,3,0.05,5127.15,Cash on Delivery,7
ORD02361,CUST0130,2024-05-24,Hyderabad,Sports,Yoga Mat,899,1,0.15,764.15,Cash on Delivery,7
ORD02362,CUST0648,2024-03-05,Pune,Electronics,Bluetooth Speaker,1799,1,0.0,1799.0,Credit Card,6
ORD02363,CUST0176,2025-04-15,Chennai,Home & Kitchen,Coffee Maker,3499,3,0.0,10497.0,Credit Card,3
ORD02364,CUST0336,2025-09-17,Kolkata,Beauty,Face Serum,999,2,0.15,1698.3,UPI,1
ORD02365,CUST0735,2024-09-25,Ahmedabad,Electronics,Smart Watch,3999,2,0.0,7998.0,Credit Card,1
ORD02366,CUST0791,2025-07-09,Hyderabad,Fashion,Women's Handbag,1899,1,0.1,1709.1,UPI,4
ORD02367,CUST0094,2024-03-01,Delhi,Electronics,Wireless Headphones,2499,3,0.15,6372.45,Wallet,3
ORD02368,CUST0673,2024-04-21,Delhi,Electronics,Bluetooth Speaker,1799,2,0.1,3238.2,Debit Card,2
ORD02369,CUST0452,2024-08-20,Mumbai,Beauty,Face Serum,999,1,0.05,949.05,Wallet,2
ORD02370,CUST0441,2024-03-13,Hyderabad,Fashion,Men's T-Shirt,799,1,0.1,719.1,UPI,1
ORD02371,CUST0320,2025-08-10,Hyderabad,Beauty,Hair Dryer,1999,1,0.15,1699.15,Debit Card,2
ORD02372,CUST0569,2025-08-30,Chennai,Fashion,Running Shoes,2499,4,0.1,8996.4,Cash on Delivery,3
ORD02373,CUST0785,2025-04-28,Delhi,Fashion,Running Shoes,2499,3,0.05,7122.15,Cash on Delivery,7
ORD02374,CUST0319,2024-07-26,Delhi,Electronics,Bluetooth Speaker,1799,2,0.1,3238.2,Credit Card,7
ORD02375,CUST0158,2024-02-16,Hyderabad,Electronics,Wireless Headphones,2499,3,0.05,7122.15,Wallet,6
ORD02376,CUST0480,2024-03-11,Kolkata,Sports,Cricket Bat,1799,2,0.0,3598.0,Credit Card,7
ORD02377,CUST0346,2024-09-04,Bengaluru,Home & Kitchen,Coffee Maker,3499,3,0.15,8922.45,Cash on Delivery,5
ORD02378,CUST0040,2025-03-21,Pune,Electronics,Smart Watch,3999,3,0.15,10197.45,Cash on Delivery,2
ORD02379,CUST0555,2024-11-02,Chennai,Sports,Dumbbell Set,2999,2,0.05,5698.1,Wallet,3
ORD02380,CUST0416,2024-11-01,Bengaluru,Fashion,Women's Handbag,1899,2,0.1,3418.2,Wallet,1
ORD02381,CUST0284,2025-03-30,Mumbai,Home & Kitchen,Coffee Maker,3499,1,0.1,3149.1,Cash on Delivery,3
ORD02382,CUST0373,2024-03-22,Pune,Beauty,Perfume,1499,3,0.05,4272.15,Credit Card,2
ORD02383,CUST0554,2024-02-04,Hyderabad,Sports,Yoga Mat,899,1,0.15,764.15,Debit Card,1
ORD02384,CUST0105,2025-09-06,Chennai,Electronics,Smart Watch,3999,3,0.0,11997.0,UPI,1
ORD02385,CUST0704,2025-09-07,Mumbai,Electronics,Smart Watch,3999,4,0.0,15996.0,Credit Card,3
ORD02386,CUST0704,2024-02-25,Bengaluru,Home & Kitchen,Bedsheet Set,1299,4,0.1,4676.4,Credit Card,6
ORD02387,CUST0275,2024-11-18,Delhi,Electronics,Smart Watch,3999,3,0.0,11997.0,Credit Card,1
ORD02388,CUST0322,2025-03-24,Hyderabad,Electronics,Bluetooth Speaker,1799,2,0.0,3598.0,UPI,1
ORD02389,CUST0114,2024-11-23,Hyderabad,Fashion,Women's Handbag,1899,1,0.0,1899.0,Credit Card,7
ORD02390,CUST0348,2025-09-24,Mumbai,Fashion,Women's Handbag,1899,3,0.1,5127.3,Cash on Delivery,3
ORD02391,CUST0133,2024-07-14,Ahmedabad,Electronics,Smart Watch,3999,1,0.1,3599.1,Wallet,5
ORD02392,CUST0683,2024-08-24,Delhi,Electronics,Smart Watch,3999,3,0.0,11997.0,UPI,1
ORD02393,CUST0209,2024-01-13,Delhi,Beauty,Hair Dryer,1999,2,0.05,3798.1,UPI,3
ORD02394,CUST0047,2025-03-14,Kolkata,Home & Kitchen,Water Bottle,499,1,0.0,499.0,UPI,1
ORD02395,CUST0631,2024-12-10,Bengaluru,Sports,Cricket Bat,1799,1,0.0,1799.0,Wallet,3
ORD02396,CUST0151,2024-12-14,Mumbai,Home & Kitchen,Water Bottle,499,3,0.15,1272.45,Debit Card,4
ORD02397,CUST0584,2025-05-13,Mumbai,Electronics,Wireless Headphones,2499,1,0.1,2249.1,UPI,4
ORD02398,CUST0397,2025-07-13,Ahmedabad,Sports,Cricket Bat,1799,1,0.0,1799.0,Cash on Delivery,3
ORD02399,CUST0274,2025-05-27,Bengaluru,Electronics,Bluetooth Speaker,1799,2,0.1,3238.2,Credit Card,6
ORD02400,CUST0716,2025-08-17,Hyderabad,Fashion,Running Shoes,2499,3,0.05,7122.15,Credit Card,1
ORD02401,CUST0777,2025-01-21,Bengaluru,Electronics,Smart Watch,3999,4,0.1,14396.4,Debit Card,3
ORD02402,CUST0075,2024-01-12,Ahmedabad,Electronics,Wireless Headphones,2499,2,0.05,4748.1,Credit Card,4
ORD02403,CUST0293,2024-07-07,Delhi,Home & Kitchen,Coffee Maker,3499,2,0.1,6298.2,Cash on Delivery,5
ORD02404,CUST0720,2025-08-09,Bengaluru,Home & Kitchen,Water Bottle,499,1,0.0,499.0,Credit Card,7
ORD02405,CUST0016,2024-03-12,Mumbai,Fashion,Women's Handbag,1899,3,0.0,5697.0,Wallet,1
ORD02406,CUST0006,2024-09-07,Pune,Beauty,Perfume,1499,1,0.05,1424.05,Wallet,3
ORD02407,CUST0394,2024-03-31,Pune,Fashion,Men's T-Shirt,799,2,0.0,1598.0,Cash on Delivery,2
ORD02408,CUST0468,2024-12-08,Hyderabad,Fashion,Running Shoes,2499,1,0.05,2374.05,Wallet,5
ORD02409,CUST0090,2024-07-09,Bengaluru,Sports,Cricket Bat,1799,3,0.15,4587.45,Wallet,6
ORD02410,CUST0048,2025-02-08,Chennai,Sports,Cricket Bat,1799,3,0.0,5397.0,Credit Card,4
ORD02411,CUST0363,2025-01-13,Bengaluru,Fashion,Men's T-Shirt,799,2,0.1,1438.2,UPI,3
ORD02412,CUST0002,2024-05-09,Ahmedabad,Beauty,Hair Dryer,1999,1,0.15,1699.15,UPI,1
ORD02413,CUST0186,2024-01-07,Chennai,Home & Kitchen,Water Bottle,499,2,0.15,848.3,Cash on Delivery,6
ORD02414,CUST0538,2024-12-27,Delhi,Fashion,Men's T-Shirt,799,2,0.0,1598.0,Wallet,5
ORD02415,CUST0097,2025-08-02,Pune,Beauty,Perfume,1499,1,0.05,1424.05,UPI,7
ORD02416,CUST0381,2025-07-02,Hyderabad,Electronics,Bluetooth Speaker,1799,4,0.0,7196.0,Wallet,5
ORD02417,CUST0707,2025-04-19,Ahmedabad,Electronics,Bluetooth Speaker,1799,3,0.15,4587.45,Credit Card,6
ORD02418,CUST0243,2024-12-13,Ahmedabad,Electronics,Smart Watch,3999,1,0.0,3999.0,Wallet,7
ORD02419,CUST0624,2025-01-19,Bengaluru,Sports,Yoga Mat,899,1,0.15,764.15,Wallet,5
ORD02420,CUST0055,2024-11-14,Delhi,Beauty,Face Serum,999,3,0.05,2847.15,Wallet,2
ORD02421,CUST0056,2024-01-02,Bengaluru,Fashion,Running Shoes,2499,4,0.0,9996.0,Wallet,2
ORD02422,CUST0679,2024-05-18,Bengaluru,Sports,Cricket Bat,1799,2,0.0,3598.0,UPI,3
ORD02423,CUST0671,2024-10-12,Chennai,Electronics,Smart Watch,3999,3,0.1,10797.3,Credit Card,6
ORD02424,CUST0369,2025-03-07,Chennai,Sports,Dumbbell Set,2999,1,0.0,2999.0,UPI,6
ORD02425,CUST0650,2024-02-06,Chennai,Fashion,Running Shoes,2499,1,0.0,2499.0,UPI,3
ORD02426,CUST0510,2025-03-25,Hyderabad,Fashion,Men's T-Shirt,799,2,0.0,1598.0,Credit Card,6
ORD02427,CUST0796,2024-02-12,Bengaluru,Electronics,Wireless Headphones,2499,3,0.0,7497.0,Wallet,1
ORD02428,CUST0406,2024-09-16,Chennai,Beauty,Hair Dryer,1999,1,0.1,1799.1,UPI,6
ORD02429,CUST0471,2025-04-12,Hyderabad,Electronics,Smart Watch,3999,2,0.1,7198.2,Cash on Delivery,5
ORD02430,CUST0701,2024-03-13,Mumbai,Electronics,Bluetooth Speaker,1799,2,0.0,3598.0,Credit Card,5
ORD02431,CUST0388,2024-11-01,Mumbai,Electronics,Smart Watch,3999,1,0.1,3599.1,Credit Card,5
ORD02432,CUST0254,2024-09-26,Kolkata,Sports,Yoga Mat,899,1,0.0,899.0,UPI,5
ORD02433,CUST0084,2025-08-04,Chennai,Beauty,Hair Dryer,1999,2,0.0,3998.0,UPI,4
ORD02434,CUST0571,2025-02-19,Hyderabad,Beauty,Face Serum,999,1,0.05,949.05,Cash on Delivery,7
ORD02435,CUST0718,2024-08-27,Pune,Beauty,Hair Dryer,1999,1,0.1,1799.1,Credit Card,1
ORD02436,CUST0062,2025-01-05,Kolkata,Sports,Dumbbell Set,2999,4,0.05,11396.2,Wallet,3
ORD02437,CUST0401,2025-03-17,Chennai,Home & Kitchen,Coffee Maker,3499,1,0.1,3149.1,Debit Card,5
ORD02438,CUST0353,2025-03-02,Mumbai,Fashion,Running Shoes,2499,2,0.15,4248.3,Debit Card,6
ORD02439,CUST0133,2024-07-13,Bengaluru,Sports,Cricket Bat,1799,2,0.1,3238.2,Cash on Delivery,2
ORD02440,CUST0262,2024-05-30,Chennai,Beauty,Face Serum,999,1,0.05,949.05,Cash on Delivery,6
ORD02441,CUST0273,2024-11-24,Bengaluru,Fashion,Running Shoes,2499,3,0.15,6372.45,UPI,6
ORD02442,CUST0609,2025-05-19,Delhi,Sports,Dumbbell Set,2999,1,0.15,2549.15,Wallet,4
ORD02443,CUST0674,2024-03-27,Pune,Fashion,Running Shoes,2499,2,0.05,4748.1,Debit Card,2
ORD02444,CUST0738,2024-05-17,Kolkata,Fashion,Running Shoes,2499,3,0.0,7497.0,Cash on Delivery,2
ORD02445,CUST0242,2025-06-28,Chennai,Home & Kitchen,Bedsheet Set,1299,1,0.05,1234.05,Credit Card,3
ORD02446,CUST0724,2024-03-21,Hyderabad,Fashion,Men's T-Shirt,799,2,0.0,1598.0,Wallet,4
ORD02447,CUST0479,2025-01-13,Pune,Beauty,Face Serum,999,3,0.05,2847.15,Wallet,6
ORD02448,CUST0601,2025-02-15,Kolkata,Home & Kitchen,Coffee Maker,3499,3,0.1,9447.3,Debit Card,2
ORD02449,CUST0484,2025-07-31,Kolkata,Home & Kitchen,Water Bottle,499,4,0.05,1896.2,Cash on Delivery,4
ORD02450,CUST0214,2025-03-17,Kolkata,Sports,Dumbbell Set,2999,4,0.0,11996.0,Credit Card,1
ORD02451,CUST0549,2024-01-23,Mumbai,Fashion,Women's Handbag,1899,3,0.05,5412.15,Wallet,3
ORD02452,CUST0779,2024-07-08,Pune,Sports,Cricket Bat,1799,1,0.05,1709.05,Wallet,2
ORD02453,CUST0458,2024-11-05,Bengaluru,Home & Kitchen,Coffee Maker,3499,4,0.1,12596.4,UPI,7
ORD02454,CUST0246,2024-05-19,Hyderabad,Fashion,Men's T-Shirt,799,4,0.05,3036.2,Wallet,1
ORD02455,CUST0054,2024-10-19,Kolkata,Home & Kitchen,Water Bottle,499,4,0.0,1996.0,Wallet,5
ORD02456,CUST0309,2024-04-29,Hyderabad,Fashion,Men's T-Shirt,799,2,0.1,1438.2,Debit Card,2
ORD02457,CUST0232,2025-04-13,Delhi,Electronics,Smart Watch,3999,4,0.0,15996.0,UPI,1
ORD02458,CUST0365,2025-06-27,Bengaluru,Sports,Dumbbell Set,2999,1,0.1,2699.1,Credit Card,1
ORD02459,CUST0288,2025-07-24,Hyderabad,Electronics,Smart Watch,3999,4,0.0,15996.0,Credit Card,2
ORD02460,CUST0518,2025-03-19,Ahmedabad,Home & Kitchen,Bedsheet Set,1299,3,0.0,3897.0,Debit Card,3
ORD02461,CUST0659,2024-07-17,Bengaluru,Beauty,Face Serum,999,1,0.1,899.1,UPI,6
ORD02462,CUST0456,2024-08-15,Ahmedabad,Sports,Cricket Bat,1799,3,0.0,5397.0,Cash on Delivery,2
ORD02463,CUST0193,2025-02-20,Chennai,Sports,Cricket Bat,1799,4,0.05,6836.2,Cash on Delivery,1
ORD02464,CUST0157,2024-12-31,Ahmedabad,Electronics,Smart Watch,3999,1,0.0,3999.0,Wallet,1
ORD02465,CUST0038,2024-02-16,Mumbai,Electronics,Smart Watch,3999,3,0.15,10197.45,Credit Card,4
ORD02466,CUST0191,2024-11-12,Hyderabad,Fashion,Running Shoes,2499,2,0.0,4998.0,Cash on Delivery,6
ORD02467,CUST0309,2025-09-10,Chennai,Fashion,Men's T-Shirt,799,4,0.0,3196.0,Wallet,6
ORD02468,CUST0507,2024-03-29,Bengaluru,Electronics,Wireless Headphones,2499,4,0.15,8496.6,UPI,2
ORD02469,CUST0360,2024-12-20,Bengaluru,Electronics,Wireless Headphones,2499,4,0.15,8496.6,Wallet,7
ORD02470,CUST0590,2024-07-09,Ahmedabad,Beauty,Face Serum,999,1,0.15,849.15,Credit Card,3
ORD02471,CUST0676,2024-12-26,Chennai,Fashion,Running Shoes,2499,3,0.15,6372.45,Credit Card,2
ORD02472,CUST0195,2025-09-22,Bengaluru,Fashion,Men's T-Shirt,799,4,0.0,3196.0,UPI,3
ORD02473,CUST0133,2024-08-18,Chennai,Home & Kitchen,Coffee Maker,3499,2,0.05,6648.1,Cash on Delivery,4
ORD02474,CUST0407,2025-04-25,Delhi,Electronics,Bluetooth Speaker,1799,3,0.0,5397.0,UPI,5
ORD02475,CUST0510,2025-09-13,Delhi,Beauty,Face Serum,999,2,0.1,1798.2,Wallet,7
ORD02476,CUST0015,2024-04-11,Ahmedabad,Fashion,Men's T-Shirt,799,4,0.0,3196.0,UPI,2
ORD02477,CUST0572,2024-08-15,Bengaluru,Beauty,Face Serum,999,3,0.15,2547.45,UPI,7
ORD02478,CUST0265,2025-06-30,Pune,Beauty,Perfume,1499,4,0.05,5696.2,Cash on Delivery,2
ORD02479,CUST0215,2024-05-28,Chennai,Home & Kitchen,Coffee Maker,3499,3,0.0,10497.0,Credit Card,2
ORD02480,CUST0300,2025-09-14,Kolkata,Fashion,Running Shoes,2499,1,0.0,2499.0,Credit Card,3
ORD02481,CUST0752,2024-07-01,Hyderabad,Sports,Dumbbell Set,2999,2,0.0,5998.0,Cash on Delivery,1
ORD02482,CUST0672,2025-01-15,Mumbai,Beauty,Face Serum,999,3,0.0,2997.0,Cash on Delivery,2
ORD02483,CUST0057,2025-06-28,Kolkata,Beauty,Face Serum,999,1,0.0,999.0,Cash on Delivery,6
ORD02484,CUST0498,2024-01-07,Hyderabad,Beauty,Hair Dryer,1999,1,0.0,1999.0,Credit Card,7
ORD02485,CUST0153,2024-11-27,Mumbai,Sports,Cricket Bat,1799,1,0.15,1529.15,UPI,2
ORD02486,CUST0294,2025-06-04,Pune,Beauty,Face Serum,999,4,0.0,3996.0,Credit Card,5
ORD02487,CUST0322,2024-03-05,Kolkata,Beauty,Perfume,1499,3,0.1,4047.3,Cash on Delivery,1
ORD02488,CUST0179,2024-03-15,Delhi,Home & Kitchen,Coffee Maker,3499,3,0.15,8922.45,Debit Card,1
ORD02489,CUST0580,2024-03-20,Hyderabad,Beauty,Perfume,1499,3,0.0,4497.0,Debit Card,4
ORD02490,CUST0607,2025-01-19,Chennai,Home & Kitchen,Water Bottle,499,1,0.15,424.15,Wallet,3
ORD02491,CUST0062,2024-07-08,Ahmedabad,Beauty,Perfume,1499,4,0.05,5696.2,UPI,7
ORD02492,CUST0163,2025-03-21,Mumbai,Fashion,Men's T-Shirt,799,3,0.0,2397.0,UPI,5
ORD02493,CUST0315,2024-06-02,Delhi,Beauty,Face Serum,999,2,0.0,1998.0,Credit Card,5
ORD02494,CUST0474,2025-02-17,Ahmedabad,Fashion,Running Shoes,2499,4,0.15,8496.6,Cash on Delivery,1
ORD02495,CUST0169,2024-03-16,Pune,Sports,Dumbbell Set,2999,4,0.0,11996.0,Cash on Delivery,4
ORD02496,CUST0668,2025-03-24,Pune,Fashion,Men's T-Shirt,799,2,0.0,1598.0,UPI,4
ORD02497,CUST0361,2025-03-06,Chennai,Home & Kitchen,Bedsheet Set,1299,4,0.15,4416.6,Credit Card,6
ORD02498,CUST0618,2024-04-28,Delhi,Sports,Dumbbell Set,2999,3,0.0,8997.0,Cash on Delivery,3
ORD02499,CUST0653,2025-08-15,Hyderabad,Home & Kitchen,Water Bottle,499,1,0.15,424.15,Credit Card,2
ORD02500,CUST0601,2024-05-03,Delhi,Electronics,Wireless Headphones,2499,1,0.0,2499.0,Debit Card,7
ORD02501,CUST0290,2024-10-05,Ahmedabad,Electronics,Smart Watch,3999,4,0.1,14396.4,Debit Card,4
ORD02502,CUST0431,2024-05-23,Ahmedabad,Electronics,Bluetooth Speaker,1799,1,0.0,1799.0,Cash on Delivery,3
ORD02503,CUST0305,2025-02-14,Ahmedabad,Home & Kitchen,Bedsheet Set,1299,4,0.1,4676.4,Wallet,4
ORD02504,CUST0356,2025-01-29,Pune,Home & Kitchen,Water Bottle,499,4,0.0,1996.0,UPI,3
ORD02505,CUST0362,2024-09-07,Hyderabad,Home & Kitchen,Water Bottle,499,1,0.1,449.1,Credit Card,4
ORD02506,CUST0437,2025-08-01,Bengaluru,Fashion,Men's T-Shirt,799,4,0.05,3036.2,Cash on Delivery,4
ORD02507,CUST0713,2025-08-05,Pune,Electronics,Wireless Headphones,2499,3,0.0,7497.0,Credit Card,3
ORD02508,CUST0737,2025-04-22,Mumbai,Fashion,Men's T-Shirt,799,3,0.15,2037.45,Credit Card,3
ORD02509,CUST0474,2024-06-13,Pune,Home & Kitchen,Water Bottle,499,2,0.15,848.3,Credit Card,4
ORD02510,CUST0297,2025-09-20,Hyderabad,Home & Kitchen,Water Bottle,499,1,0.05,474.05,Wallet,4
ORD02511,CUST0306,2024-09-10,Hyderabad,Home & Kitchen,Coffee Maker,3499,4,0.1,12596.4,Debit Card,7
ORD02512,CUST0075,2024-09-20,Kolkata,Home & Kitchen,Bedsheet Set,1299,2,0.05,2468.1,Wallet,1
ORD02513,CUST0723,2024-09-05,Kolkata,Beauty,Perfume,1499,2,0.15,2548.3,Debit Card,5
ORD02514,CUST0420,2024-10-03,Kolkata,Beauty,Hair Dryer,1999,2,0.15,3398.3,UPI,5
ORD02515,CUST0608,2024-02-18,Hyderabad,Sports,Yoga Mat,899,2,0.0,1798.0,Wallet,4
ORD02516,CUST0686,2025-08-12,Kolkata,Fashion,Running Shoes,2499,4,0.0,9996.0,UPI,2
ORD02517,CUST0133,2025-04-01,Mumbai,Fashion,Men's T-Shirt,799,1,0.15,679.15,Credit Card,1
ORD02518,CUST0532,2024-11-04,Hyderabad,Beauty,Face Serum,999,4,0.05,3796.2,Credit Card,3
ORD02519,CUST0136,2025-08-22,Bengaluru,Beauty,Hair Dryer,1999,3,0.1,5397.3,UPI,2
ORD02520,CUST0444,2025-08-03,Kolkata,Electronics,Wireless Headphones,2499,3,0.05,7122.15,Cash on Delivery,1
ORD02521,CUST0029,2024-02-25,Bengaluru,Fashion,Running Shoes,2499,2,0.15,4248.3,Debit Card,1
ORD02522,CUST0403,2024-12-07,Hyderabad,Fashion,Men's T-Shirt,799,2,0.1,1438.2,Wallet,6
ORD02523,CUST0346,2025-08-19,Ahmedabad,Sports,Cricket Bat,1799,2,0.05,3418.1,UPI,5
ORD02524,CUST0723,2024-09-24,Hyderabad,Beauty,Face Serum,999,2,0.0,1998.0,Wallet,3
ORD02525,CUST0227,2025-02-01,Delhi,Fashion,Women's Handbag,1899,3,0.1,5127.3,UPI,2
ORD02526,CUST0304,2024-07-28,Bengaluru,Sports,Dumbbell Set,2999,3,0.0,8997.0,Credit Card,7
ORD02527,CUST0200,2024-09-11,Kolkata,Beauty,Face Serum,999,2,0.0,1998.0,Cash on Delivery,3
ORD02528,CUST0020,2024-04-20,Kolkata,Fashion,Women's Handbag,1899,4,0.0,7596.0,Credit Card,6
ORD02529,CUST0554,2025-02-09,Mumbai,Beauty,Perfume,1499,4,0.15,5096.6,UPI,5
ORD02530,CUST0391,2024-10-14,Mumbai,Home & Kitchen,Bedsheet Set,1299,2,0.15,2208.3,Credit Card,7
ORD02531,CUST0066,2024-10-19,Ahmedabad,Electronics,Bluetooth Speaker,1799,4,0.1,6476.4,Debit Card,2
ORD02532,CUST0159,2024-02-29,Chennai,Electronics,Smart Watch,3999,2,0.05,7598.1,Wallet,7
ORD02533,CUST0625,2025-07-26,Kolkata,Home & Kitchen,Water Bottle,499,2,0.0,998.0,Cash on Delivery,4
ORD02534,CUST0204,2024-06-12,Chennai,Home & Kitchen,Water Bottle,499,4,0.05,1896.2,Credit Card,5
ORD02535,CUST0017,2024-05-19,Bengaluru,Fashion,Running Shoes,2499,2,0.0,4998.0,Debit Card,4
ORD02536,CUST0236,2024-01-11,Mumbai,Sports,Yoga Mat,899,2,0.0,1798.0,Credit Card,2
ORD02537,CUST0752,2024-03-10,Delhi,Home & Kitchen,Coffee Maker,3499,4,0.1,12596.4,Cash on Delivery,7
ORD02538,CUST0146,2025-03-13,Ahmedabad,Beauty,Hair Dryer,1999,1,0.1,1799.1,Wallet,5
ORD02539,CUST0285,2024-06-26,Hyderabad,Home & Kitchen,Coffee Maker,3499,2,0.0,6998.0,Credit Card,1
ORD02540,CUST0789,2025-07-23,Kolkata,Electronics,Wireless Headphones,2499,2,0.15,4248.3,Cash on Delivery,2
ORD02541,CUST0048,2024-05-14,Bengaluru,Fashion,Men's T-Shirt,799,2,0.05,1518.1,Wallet,3
ORD02542,CUST0735,2025-04-10,Bengaluru,Beauty,Face Serum,999,1,0.0,999.0,Credit Card,6
ORD02543,CUST0450,2024-02-29,Pune,Fashion,Women's Handbag,1899,1,0.05,1804.05,Debit Card,6
ORD02544,CUST0329,2025-05-22,Kolkata,Sports,Cricket Bat,1799,1,0.1,1619.1,Cash on Delivery,1
ORD02545,CUST0396,2024-02-21,Hyderabad,Sports,Dumbbell Set,2999,2,0.05,5698.1,Wallet,2
ORD02546,CUST0348,2024-05-31,Delhi,Sports,Cricket Bat,1799,2,0.1,3238.2,Credit Card,2
ORD02547,CUST0395,2024-12-17,Pune,Home & Kitchen,Bedsheet Set,1299,1,0.15,1104.15,Wallet,3
ORD02548,CUST0256,2025-05-12,Chennai,Home & Kitchen,Bedsheet Set,1299,2,0.0,2598.0,Cash on Delivery,5
ORD02549,CUST0089,2024-03-27,Mumbai,Electronics,Wireless Headphones,2499,1,0.0,2499.0,UPI,5
ORD02550,CUST0705,2024-12-20,Pune,Beauty,Perfume,1499,1,0.0,1499.0,Wallet,1
ORD02551,CUST0711,2024-10-25,Mumbai,Electronics,Smart Watch,3999,1,0.1,3599.1,Credit Card,5
ORD02552,CUST0633,2025-09-26,Kolkata,Fashion,Women's Handbag,1899,1,0.15,1614.15,Debit Card,2
ORD02553,CUST0177,2024-04-14,Bengaluru,Sports,Cricket Bat,1799,1,0.1,1619.1,Credit Card,4
ORD02554,CUST0571,2024-08-13,Ahmedabad,Beauty,Perfume,1499,3,0.0,4497.0,Credit Card,2
ORD02555,CUST0116,2024-05-27,Pune,Electronics,Smart Watch,3999,3,0.0,11997.0,Credit Card,4
ORD02556,CUST0197,2025-01-26,Chennai,Home & Kitchen,Bedsheet Set,1299,3,0.15,3312.45,UPI,6
ORD02557,CUST0310,2024-10-28,Ahmedabad,Sports,Yoga Mat,899,2,0.05,1708.1,UPI,3
ORD02558,CUST0595,2025-09-05,Hyderabad,Sports,Dumbbell Set,2999,4,0.15,10196.6,UPI,3
ORD02559,CUST0629,2025-01-18,Pune,Beauty,Face Serum,999,2,0.0,1998.0,Wallet,6
ORD02560,CUST0509,2025-04-03,Kolkata,Home & Kitchen,Water Bottle,499,3,0.0,1497.0,Wallet,6
ORD02561,CUST0613,2024-06-12,Hyderabad,Fashion,Women's Handbag,1899,4,0.0,7596.0,Cash on Delivery,2
ORD02562,CUST0327,2025-04-30,Bengaluru,Home & Kitchen,Water Bottle,499,4,0.1,1796.4,Credit Card,3
ORD02563,CUST0409,2024-03-23,Hyderabad,Sports,Yoga Mat,899,1,0.1,809.1,Wallet,1
ORD02564,CUST0587,2025-01-12,Bengaluru,Fashion,Running Shoes,2499,2,0.0,4998.0,Credit Card,5
ORD02565,CUST0224,2025-02-24,Mumbai,Home & Kitchen,Water Bottle,499,1,0.05,474.05,Credit Card,5
ORD02566,CUST0251,2025-03-22,Ahmedabad,Home & Kitchen,Coffee Maker,3499,4,0.0,13996.0,Credit Card,6
ORD02567,CUST0442,2024-02-13,Pune,Beauty,Face Serum,999,3,0.0,2997.0,UPI,3
ORD02568,CUST0100,2024-12-13,Chennai,Home & Kitchen,Bedsheet Set,1299,1,0.15,1104.15,Credit Card,6
ORD02569,CUST0588,2024-10-06,Chennai,Electronics,Wireless Headphones,2499,1,0.0,2499.0,Credit Card,1
ORD02570,CUST0079,2024-06-26,Hyderabad,Electronics,Wireless Headphones,2499,2,0.0,4998.0,Debit Card,5
ORD02571,CUST0446,2024-06-06,Pune,Electronics,Bluetooth Speaker,1799,3,0.15,4587.45,Wallet,4
ORD02572,CUST0113,2025-08-19,Hyderabad,Beauty,Hair Dryer,1999,1,0.0,1999.0,Debit Card,5
ORD02573,CUST0769,2024-11-08,Bengaluru,Sports,Yoga Mat,899,4,0.05,3416.2,UPI,1
ORD02574,CUST0492,2025-06-21,Chennai,Beauty,Face Serum,999,4,0.1,3596.4,Debit Card,5
ORD02575,CUST0409,2024-10-15,Kolkata,Home & Kitchen,Bedsheet Set,1299,4,0.1,4676.4,UPI,5
ORD02576,CUST0675,2024-10-30,Bengaluru,Beauty,Perfume,1499,2,0.0,2998.0,UPI,5
ORD02577,CUST0077,2024-07-02,Chennai,Fashion,Running Shoes,2499,4,0.0,9996.0,Credit Card,1
ORD02578,CUST0168,2024-10-18,Kolkata,Home & Kitchen,Bedsheet Set,1299,1,0.0,1299.0,Wallet,2
ORD02579,CUST0792,2025-08-04,Delhi,Electronics,Smart Watch,3999,4,0.15,13596.6,UPI,4
ORD02580,CUST0625,2025-08-25,Kolkata,Sports,Cricket Bat,1799,2,0.1,3238.2,Wallet,6
ORD02581,CUST0114,2024-07-22,Mumbai,Sports,Yoga Mat,899,2,0.15,1528.3,UPI,2
ORD02582,CUST0724,2024-06-21,Mumbai,Beauty,Hair Dryer,1999,4,0.0,7996.0,UPI,1
ORD02583,CUST0199,2024-12-10,Pune,Home & Kitchen,Water Bottle,499,2,0.15,848.3,Credit Card,7
ORD02584,CUST0184,2024-11-30,Kolkata,Electronics,Wireless Headphones,2499,3,0.0,7497.0,Credit Card,5
ORD02585,CUST0706,2025-07-20,Bengaluru,Fashion,Running Shoes,2499,1,0.05,2374.05,Cash on Delivery,7
ORD02586,CUST0408,2025-04-06,Pune,Sports,Yoga Mat,899,1,0.0,899.0,Credit Card,7
ORD02587,CUST0570,2024-06-30,Chennai,Beauty,Hair Dryer,1999,2,0.0,3998.0,Wallet,5
ORD02588,CUST0418,2025-05-10,Delhi,Beauty,Perfume,1499,2,0.0,2998.0,Wallet,3
ORD02589,CUST0466,2025-02-11,Delhi,Electronics,Bluetooth Speaker,1799,4,0.0,7196.0,Credit Card,4
ORD02590,CUST0195,2024-03-17,Bengaluru,Sports,Cricket Bat,1799,1,0.0,1799.0,Wallet,7
ORD02591,CUST0102,2024-06-05,Chennai,Fashion,Men's T-Shirt,799,2,0.15,1358.3,Debit Card,2
ORD02592,CUST0334,2025-05-03,Mumbai,Beauty,Perfume,1499,1,0.15,1274.15,Cash on Delivery,4
ORD02593,CUST0774,2025-03-08,Hyderabad,Beauty,Hair Dryer,1999,1,0.0,1999.0,Wallet,2
ORD02594,CUST0789,2024-09-10,Delhi,Electronics,Bluetooth Speaker,1799,1,0.05,1709.05,Wallet,2
ORD02595,CUST0472,2024-04-29,Delhi,Beauty,Perfume,1499,4,0.1,5396.4,Debit Card,5
ORD02596,CUST0359,2024-11-02,Ahmedabad,Beauty,Perfume,1499,2,0.15,2548.3,Credit Card,6
ORD02597,CUST0378,2025-01-20,Pune,Electronics,Bluetooth Speaker,1799,2,0.1,3238.2,Wallet,4
ORD02598,CUST0142,2024-04-06,Hyderabad,Fashion,Running Shoes,2499,3,0.15,6372.45,Cash on Delivery,2
ORD02599,CUST0229,2024-11-29,Kolkata,Home & Kitchen,Bedsheet Set,1299,2,0.05,2468.1,Cash on Delivery,6
ORD02600,CUST0623,2025-08-16,Mumbai,Electronics,Smart Watch,3999,3,0.0,11997.0,Cash on Delivery,3
ORD02601,CUST0312,2025-08-27,Delhi,Beauty,Face Serum,999,4,0.1,3596.4,Cash on Delivery,5
ORD02602,CUST0004,2025-07-29,Ahmedabad,Sports,Cricket Bat,1799,4,0.0,7196.0,Debit Card,6
ORD02603,CUST0292,2025-08-07,Pune,Beauty,Hair Dryer,1999,3,0.15,5097.45,Debit Card,1
ORD02604,CUST0474,2025-02-24,Chennai,Sports,Yoga Mat,899,3,0.0,2697.0,Debit Card,7
ORD02605,CUST0751,2025-02-12,Delhi,Beauty,Perfume,1499,3,0.0,4497.0,Cash on Delivery,3
ORD02606,CUST0324,2024-10-23,Mumbai,Sports,Dumbbell Set,2999,1,0.05,2849.05,Wallet,2
ORD02607,CUST0122,2024-06-24,Mumbai,Sports,Cricket Bat,1799,1,0.05,1709.05,Credit Card,4
ORD02608,CUST0297,2025-02-13,Mumbai,Fashion,Women's Handbag,1899,1,0.1,1709.1,UPI,7
ORD02609,CUST0368,2024-09-15,Delhi,Sports,Yoga Mat,899,3,0.15,2292.45,Credit Card,1
ORD02610,CUST0495,2024-12-03,Kolkata,Sports,Dumbbell Set,2999,2,0.0,5998.0,Wallet,5
ORD02611,CUST0567,2024-04-18,Hyderabad,Fashion,Running Shoes,2499,4,0.05,9496.2,Cash on Delivery,7
ORD02612,CUST0014,2025-01-14,Mumbai,Fashion,Men's T-Shirt,799,2,0.1,1438.2,UPI,2
ORD02613,CUST0105,2025-02-16,Hyderabad,Electronics,Bluetooth Speaker,1799,3,0.1,4857.3,Credit Card,1
ORD02614,CUST0268,2025-07-25,Chennai,Home & Kitchen,Coffee Maker,3499,3,0.0,10497.0,Cash on Delivery,5
ORD02615,CUST0515,2024-02-23,Ahmedabad,Home & Kitchen,Coffee Maker,3499,4,0.15,11896.6,UPI,6
ORD02616,CUST0659,2025-02-28,Mumbai,Electronics,Bluetooth Speaker,1799,4,0.0,7196.0,UPI,1
ORD02617,CUST0237,2024-02-18,Kolkata,Fashion,Women's Handbag,1899,3,0.0,5697.0,Debit Card,3
ORD02618,CUST0281,2025-05-10,Hyderabad,Home & Kitchen,Water Bottle,499,1,0.1,449.1,Cash on Delivery,5
ORD02619,CUST0387,2024-02-09,Bengaluru,Beauty,Hair Dryer,1999,2,0.05,3798.1,Credit Card,1
ORD02620,CUST0323,2024-05-20,Pune,Home & Kitchen,Coffee Maker,3499,4,0.1,12596.4,Credit Card,2
ORD02621,CUST0221,2024-08-29,Kolkata,Fashion,Men's T-Shirt,799,1,0.05,759.05,Cash on Delivery,7
ORD02622,CUST0399,2025-05-06,Kolkata,Electronics,Smart Watch,3999,4,0.05,15196.2,Wallet,3
ORD02623,CUST0335,2025-03-23,Bengaluru,Home & Kitchen,Coffee Maker,3499,2,0.15,5948.3,UPI,7
ORD02624,CUST0501,2024-01-07,Delhi,Fashion,Running Shoes,2499,2,0.05,4748.1,Credit Card,3
ORD02625,CUST0171,2024-04-14,Mumbai,Home & Kitchen,Bedsheet Set,1299,3,0.0,3897.0,UPI,6
ORD02626,CUST0070,2024-04-03,Ahmedabad,Fashion,Women's Handbag,1899,2,0.0,3798.0,Credit Card,7
ORD02627,CUST0436,2024-06-09,Kolkata,Fashion,Running Shoes,2499,4,0.1,8996.4,Wallet,6
ORD02628,CUST0570,2024-12-20,Hyderabad,Sports,Dumbbell Set,2999,2,0.15,5098.3,Debit Card,5
ORD02629,CUST0175,2024-11-08,Hyderabad,Home & Kitchen,Water Bottle,499,2,0.15,848.3,Credit Card,6
ORD02630,CUST0336,2025-05-29,Ahmedabad,Home & Kitchen,Water Bottle,499,4,0.0,1996.0,Debit Card,5
ORD02631,CUST0054,2024-12-10,Mumbai,Electronics,Smart Watch,3999,1,0.0,3999.0,Debit Card,3
ORD02632,CUST0315,2025-04-10,Kolkata,Sports,Yoga Mat,899,3,0.1,2427.3,Cash on Delivery,2
ORD02633,CUST0305,2024-05-24,Ahmedabad,Home & Kitchen,Bedsheet Set,1299,2,0.05,2468.1,Wallet,6
ORD02634,CUST0595,2024-12-30,Kolkata,Home & Kitchen,Water Bottle,499,4,0.0,1996.0,Wallet,4
ORD02635,CUST0038,2024-07-27,Hyderabad,Fashion,Women's Handbag,1899,3,0.15,4842.45,Credit Card,4
ORD02636,CUST0128,2024-07-18,Chennai,Sports,Dumbbell Set,2999,1,0.0,2999.0,Cash on Delivery,1
ORD02637,CUST0616,2025-06-17,Bengaluru,Electronics,Bluetooth Speaker,1799,2,0.0,3598.0,Cash on Delivery,1
ORD02638,CUST0362,2024-03-10,Bengaluru,Sports,Cricket Bat,1799,2,0.15,3058.3,Cash on Delivery,5
ORD02639,CUST0446,2025-07-22,Bengaluru,Beauty,Face Serum,999,1,0.05,949.05,Debit Card,6
ORD02640,CUST0709,2025-03-31,Kolkata,Electronics,Smart Watch,3999,2,0.0,7998.0,Cash on Delivery,3
ORD02641,CUST0052,2025-06-08,Delhi,Fashion,Women's Handbag,1899,2,0.1,3418.2,Wallet,5
ORD02642,CUST0300,2024-07-11,Kolkata,Electronics,Smart Watch,3999,4,0.1,14396.4,Cash on Delivery,4
ORD02643,CUST0167,2025-01-22,Pune,Electronics,Bluetooth Speaker,1799,4,0.1,6476.4,Wallet,1
ORD02644,CUST0602,2024-05-19,Kolkata,Home & Kitchen,Water Bottle,499,2,0.1,898.2,Cash on Delivery,6
ORD02645,CUST0602,2025-09-16,Mumbai,Beauty,Hair Dryer,1999,3,0.0,5997.0,UPI,1
ORD02646,CUST0592,2024-08-21,Mumbai,Electronics,Bluetooth Speaker,1799,3,0.1,4857.3,Wallet,2
ORD02647,CUST0609,2025-07-07,Pune,Home & Kitchen,Water Bottle,499,1,0.0,499.0,Wallet,3
ORD02648,CUST0754,2024-10-10,Kolkata,Home & Kitchen,Water Bottle,499,3,0.1,1347.3,Wallet,7
ORD02649,CUST0449,2025-01-14,Bengaluru,Sports,Dumbbell Set,2999,4,0.15,10196.6,Wallet,3
ORD02650,CUST0531,2024-05-09,Delhi,Beauty,Hair Dryer,1999,3,0.15,5097.45,Wallet,1
ORD02651,CUST0474,2025-08-20,Delhi,Fashion,Men's T-Shirt,799,1,0.1,719.1,Credit Card,3
ORD02652,CUST0084,2025-04-07,Ahmedabad,Sports,Dumbbell Set,2999,2,0.15,5098.3,UPI,3
ORD02653,CUST0102,2024-12-02,Kolkata,Sports,Dumbbell Set,2999,3,0.05,8547.15,Credit Card,4
ORD02654,CUST0085,2024-04-17,Bengaluru,Beauty,Face Serum,999,4,0.15,3396.6,Credit Card,6
ORD02655,CUST0117,2025-07-03,Delhi,Electronics,Wireless Headphones,2499,3,0.1,6747.3,Wallet,2
ORD02656,CUST0591,2024-12-10,Mumbai,Sports,Cricket Bat,1799,1,0.05,1709.05,UPI,6
ORD02657,CUST0480,2025-03-31,Mumbai,Sports,Dumbbell Set,2999,2,0.0,5998.0,Debit Card,3
ORD02658,CUST0213,2025-08-22,Chennai,Fashion,Running Shoes,2499,4,0.1,8996.4,Debit Card,1
ORD02659,CUST0788,2024-01-13,Hyderabad,Home & Kitchen,Bedsheet Set,1299,1,0.1,1169.1,Credit Card,2
ORD02660,CUST0247,2025-08-12,Delhi,Beauty,Face Serum,999,1,0.0,999.0,UPI,2
ORD02661,CUST0662,2024-05-17,Hyderabad,Sports,Yoga Mat,899,4,0.05,3416.2,Debit Card,1
ORD02662,CUST0061,2025-08-10,Hyderabad,Fashion,Running Shoes,2499,4,0.0,9996.0,Wallet,7
ORD02663,CUST0336,2024-10-17,Mumbai,Electronics,Bluetooth Speaker,1799,1,0.0,1799.0,Credit Card,3
ORD02664,CUST0072,2025-02-14,Hyderabad,Fashion,Running Shoes,2499,4,0.0,9996.0,Wallet,4
ORD02665,CUST0081,2025-03-26,Chennai,Fashion,Women's Handbag,1899,4,0.0,7596.0,Debit Card,5
ORD02666,CUST0248,2024-12-27,Mumbai,Sports,Cricket Bat,1799,2,0.0,3598.0,UPI,6
ORD02667,CUST0376,2024-04-02,Kolkata,Home & Kitchen,Bedsheet Set,1299,3,0.1,3507.3,Cash on Delivery,6
ORD02668,CUST0246,2025-01-19,Ahmedabad,Fashion,Men's T-Shirt,799,3,0.1,2157.3,Wallet,2
ORD02669,CUST0298,2025-01-23,Chennai,Home & Kitchen,Coffee Maker,3499,1,0.0,3499.0,Cash on Delivery,6
ORD02670,CUST0483,2024-09-02,Ahmedabad,Sports,Yoga Mat,899,2,0.15,1528.3,Credit Card,4
ORD02671,CUST0005,2025-02-23,Hyderabad,Electronics,Wireless Headphones,2499,4,0.1,8996.4,Credit Card,3
ORD02672,CUST0263,2024-09-18,Delhi,Fashion,Running Shoes,2499,1,0.1,2249.1,Cash on Delivery,1
ORD02673,CUST0343,2024-07-28,Kolkata,Electronics,Wireless Headphones,2499,4,0.05,9496.2,Cash on Delivery,7
ORD02674,CUST0194,2024-02-08,Mumbai,Home & Kitchen,Water Bottle,499,3,0.0,1497.0,Credit Card,4
ORD02675,CUST0430,2025-05-13,Chennai,Fashion,Men's T-Shirt,799,3,0.0,2397.0,Cash on Delivery,2
ORD02676,CUST0465,2024-10-04,Delhi,Sports,Yoga Mat,899,3,0.05,2562.15,Wallet,7
ORD02677,CUST0590,2024-01-23,Pune,Sports,Yoga Mat,899,3,0.0,2697.0,Wallet,7
ORD02678,CUST0712,2024-09-23,Mumbai,Electronics,Smart Watch,3999,4,0.1,14396.4,Wallet,2
ORD02679,CUST0466,2025-06-05,Kolkata,Fashion,Running Shoes,2499,3,0.15,6372.45,Debit Card,7
ORD02680,CUST0767,2025-07-04,Ahmedabad,Home & Kitchen,Water Bottle,499,2,0.05,948.1,Credit Card,7
ORD02681,CUST0022,2024-07-20,Pune,Beauty,Face Serum,999,4,0.05,3796.2,Wallet,5
ORD02682,CUST0208,2024-02-05,Kolkata,Electronics,Wireless Headphones,2499,4,0.05,9496.2,Credit Card,5
ORD02683,CUST0211,2025-05-20,Ahmedabad,Sports,Dumbbell Set,2999,1,0.15,2549.15,Cash on Delivery,6
ORD02684,CUST0415,2024-08-07,Kolkata,Home & Kitchen,Bedsheet Set,1299,2,0.0,2598.0,Cash on Delivery,4
ORD02685,CUST0620,2024-01-09,Mumbai,Electronics,Smart Watch,3999,1,0.0,3999.0,Wallet,1
ORD02686,CUST0559,2024-07-09,Bengaluru,Home & Kitchen,Water Bottle,499,4,0.0,1996.0,Cash on Delivery,2
ORD02687,CUST0070,2024-09-25,Bengaluru,Home & Kitchen,Coffee Maker,3499,2,0.0,6998.0,Credit Card,1
ORD02688,CUST0138,2025-04-17,Mumbai,Sports,Yoga Mat,899,3,0.1,2427.3,Debit Card,7
ORD02689,CUST0707,2025-05-21,Kolkata,Home & Kitchen,Water Bottle,499,1,0.0,499.0,UPI,5
ORD02690,CUST0565,2024-09-02,Delhi,Fashion,Men's T-Shirt,799,3,0.05,2277.15,UPI,5
ORD02691,CUST0148,2024-05-27,Kolkata,Beauty,Perfume,1499,3,0.0,4497.0,Wallet,4
ORD02692,CUST0262,2025-02-03,Pune,Electronics,Bluetooth Speaker,1799,4,0.0,7196.0,Credit Card,2
ORD02693,CUST0148,2024-11-01,Bengaluru,Fashion,Women's Handbag,1899,1,0.1,1709.1,Debit Card,1
ORD02694,CUST0103,2025-03-05,Delhi,Home & Kitchen,Bedsheet Set,1299,2,0.0,2598.0,Wallet,7
ORD02695,CUST0392,2024-11-08,Pune,Sports,Yoga Mat,899,1,0.0,899.0,UPI,6
ORD02696,CUST0153,2024-01-13,Pune,Beauty,Face Serum,999,1,0.1,899.1,Cash on Delivery,6
ORD02697,CUST0609,2024-02-02,Hyderabad,Fashion,Men's T-Shirt,799,2,0.0,1598.0,Credit Card,4
ORD02698,CUST0370,2025-08-07,Chennai,Beauty,Perfume,1499,2,0.0,2998.0,Cash on Delivery,5
ORD02699,CUST0488,2025-04-21,Hyderabad,Sports,Yoga Mat,899,1,0.05,854.05,UPI,1
ORD02700,CUST0577,2024-12-07,Mumbai,Electronics,Smart Watch,3999,2,0.0,7998.0,UPI,7
ORD02701,CUST0771,2024-07-13,Mumbai,Beauty,Face Serum,999,4,0.0,3996.0,Cash on Delivery,2
ORD02702,CUST0390,2025-07-07,Mumbai,Fashion,Men's T-Shirt,799,1,0.0,799.0,Wallet,4
ORD02703,CUST0191,2024-05-25,Delhi,Electronics,Bluetooth Speaker,1799,4,0.1,6476.4,UPI,7
ORD02704,CUST0508,2024-04-24,Delhi,Home & Kitchen,Coffee Maker,3499,3,0.1,9447.3,Wallet,2
ORD02705,CUST0263,2025-04-10,Kolkata,Sports,Yoga Mat,899,4,0.0,3596.0,Credit Card,4
ORD02706,CUST0135,2024-10-27,Bengaluru,Electronics,Wireless Headphones,2499,2,0.05,4748.1,Debit Card,2
ORD02707,CUST0351,2024-05-27,Bengaluru,Electronics,Bluetooth Speaker,1799,4,0.0,7196.0,Credit Card,5
ORD02708,CUST0279,2025-08-20,Kolkata,Home & Kitchen,Water Bottle,499,2,0.0,998.0,Cash on Delivery,7
ORD02709,CUST0214,2024-01-24,Bengaluru,Beauty,Face Serum,999,4,0.15,3396.6,Cash on Delivery,6
ORD02710,CUST0482,2024-05-13,Pune,Home & Kitchen,Coffee Maker,3499,1,0.0,3499.0,UPI,6
ORD02711,CUST0694,2024-01-25,Bengaluru,Beauty,Perfume,1499,3,0.15,3822.45,Debit Card,3
ORD02712,CUST0038,2025-01-26,Bengaluru,Home & Kitchen,Bedsheet Set,1299,3,0.0,3897.0,UPI,1
ORD02713,CUST0596,2025-07-03,Delhi,Sports,Dumbbell Set,2999,1,0.05,2849.05,Credit Card,7
ORD02714,CUST0549,2025-09-13,Pune,Beauty,Perfume,1499,4,0.05,5696.2,Debit Card,4
ORD02715,CUST0475,2024-08-07,Pune,Sports,Cricket Bat,1799,4,0.0,7196.0,UPI,1
ORD02716,CUST0266,2025-04-12,Mumbai,Sports,Dumbbell Set,2999,3,0.05,8547.15,Wallet,6
ORD02717,CUST0586,2024-04-22,Mumbai,Fashion,Women's Handbag,1899,1,0.15,1614.15,Cash on Delivery,3
ORD02718,CUST0308,2025-03-23,Mumbai,Sports,Dumbbell Set,2999,2,0.0,5998.0,UPI,4
ORD02719,CUST0748,2025-09-14,Bengaluru,Sports,Dumbbell Set,2999,2,0.1,5398.2,Credit Card,7
ORD02720,CUST0523,2024-10-02,Pune,Home & Kitchen,Water Bottle,499,3,0.15,1272.45,Debit Card,4
ORD02721,CUST0588,2024-08-17,Pune,Electronics,Bluetooth Speaker,1799,2,0.0,3598.0,Debit Card,3
ORD02722,CUST0068,2024-06-21,Bengaluru,Beauty,Face Serum,999,2,0.0,1998.0,Credit Card,6
ORD02723,CUST0337,2025-01-02,Mumbai,Beauty,Perfume,1499,2,0.0,2998.0,Credit Card,7
ORD02724,CUST0562,2024-01-19,Pune,Fashion,Men's T-Shirt,799,1,0.0,799.0,Credit Card,7
ORD02725,CUST0608,2024-09-02,Delhi,Home & Kitchen,Bedsheet Set,1299,4,0.1,4676.4,Wallet,1
ORD02726,CUST0122,2024-09-15,Pune,Electronics,Bluetooth Speaker,1799,1,0.0,1799.0,UPI,1
ORD02727,CUST0241,2024-06-04,Bengaluru,Sports,Yoga Mat,899,4,0.15,3056.6,Cash on Delivery,2
ORD02728,CUST0398,2024-02-15,Mumbai,Beauty,Perfume,1499,4,0.15,5096.6,Wallet,7
ORD02729,CUST0492,2025-03-11,Kolkata,Home & Kitchen,Coffee Maker,3499,1,0.15,2974.15,Cash on Delivery,2
ORD02730,CUST0528,2025-08-26,Kolkata,Electronics,Wireless Headphones,2499,1,0.15,2124.15,Credit Card,2
ORD02731,CUST0085,2025-04-01,Delhi,Beauty,Face Serum,999,1,0.0,999.0,Wallet,1
ORD02732,CUST0514,2024-12-03,Bengaluru,Home & Kitchen,Water Bottle,499,3,0.05,1422.15,Wallet,7
ORD02733,CUST0681,2024-09-23,Mumbai,Home & Kitchen,Water Bottle,499,1,0.0,499.0,UPI,3
ORD02734,CUST0421,2025-02-26,Mumbai,Fashion,Women's Handbag,1899,2,0.05,3608.1,Cash on Delivery,3
ORD02735,CUST0721,2025-08-18,Kolkata,Beauty,Perfume,1499,3,0.05,4272.15,Cash on Delivery,4
ORD02736,CUST0564,2024-02-29,Bengaluru,Beauty,Face Serum,999,1,0.0,999.0,Debit Card,6
ORD02737,CUST0142,2024-06-04,Chennai,Electronics,Wireless Headphones,2499,1,0.15,2124.15,Wallet,4
ORD02738,CUST0145,2025-02-04,Mumbai,Sports,Cricket Bat,1799,1,0.0,1799.0,Wallet,3
ORD02739,CUST0140,2024-11-28,Ahmedabad,Sports,Yoga Mat,899,4,0.05,3416.2,Credit Card,7
ORD02740,CUST0164,2024-11-15,Chennai,Home & Kitchen,Bedsheet Set,1299,2,0.1,2338.2,Debit Card,4
ORD02741,CUST0635,2024-06-12,Delhi,Electronics,Wireless Headphones,2499,3,0.0,7497.0,Wallet,2
ORD02742,CUST0119,2025-07-16,Pune,Sports,Dumbbell Set,2999,3,0.0,8997.0,UPI,6
ORD02743,CUST0019,2025-08-01,Kolkata,Fashion,Running Shoes,2499,3,0.05,7122.15,Cash on Delivery,1
ORD02744,CUST0225,2024-06-26,Mumbai,Electronics,Wireless Headphones,2499,4,0.15,8496.6,Debit Card,4
ORD02745,CUST0576,2024-05-10,Chennai,Beauty,Face Serum,999,1,0.0,999.0,Wallet,2
ORD02746,CUST0206,2024-06-28,Bengaluru,Beauty,Face Serum,999,1,0.0,999.0,Wallet,6
ORD02747,CUST0031,2024-05-08,Kolkata,Beauty,Face Serum,999,3,0.0,2997.0,Wallet,6
ORD02748,CUST0770,2025-03-21,Hyderabad,Home & Kitchen,Water Bottle,499,4,0.1,1796.4,Credit Card,7
ORD02749,CUST0671,2024-11-08,Bengaluru,Home & Kitchen,Coffee Maker,3499,4,0.0,13996.0,Credit Card,4
ORD02750,CUST0110,2024-01-26,Delhi,Beauty,Face Serum,999,3,0.1,2697.3,Debit Card,2
ORD02751,CUST0504,2024-11-12,Bengaluru,Electronics,Smart Watch,3999,4,0.0,15996.0,Debit Card,2
ORD02752,CUST0420,2025-05-17,Bengaluru,Home & Kitchen,Bedsheet Set,1299,4,0.0,5196.0,Credit Card,3
ORD02753,CUST0404,2024-07-06,Ahmedabad,Electronics,Bluetooth Speaker,1799,2,0.1,3238.2,UPI,5
ORD02754,CUST0157,2025-02-13,Bengaluru,Beauty,Hair Dryer,1999,4,0.05,7596.2,Debit Card,1
ORD02755,CUST0523,2025-03-28,Kolkata,Sports,Cricket Bat,1799,4,0.15,6116.6,Wallet,3
ORD02756,CUST0062,2025-08-15,Chennai,Beauty,Hair Dryer,1999,1,0.0,1999.0,Debit Card,1
ORD02757,CUST0513,2024-11-06,Ahmedabad,Electronics,Smart Watch,3999,1,0.15,3399.15,Debit Card,2
ORD02758,CUST0315,2024-08-02,Mumbai,Fashion,Men's T-Shirt,799,3,0.05,2277.15,Debit Card,6
ORD02759,CUST0114,2024-06-05,Bengaluru,Beauty,Perfume,1499,4,0.15,5096.6,UPI,3
ORD02760,CUST0263,2024-12-31,Bengaluru,Beauty,Hair Dryer,1999,3,0.0,5997.0,UPI,4
ORD02761,CUST0687,2024-04-13,Ahmedabad,Home & Kitchen,Coffee Maker,3499,1,0.0,3499.0,Credit Card,5
ORD02762,CUST0003,2024-09-12,Pune,Sports,Yoga Mat,899,2,0.1,1618.2,Credit Card,3
ORD02763,CUST0184,2025-05-29,Delhi,Fashion,Women's Handbag,1899,3,0.15,4842.45,Wallet,5
ORD02764,CUST0415,2024-01-24,Pune,Home & Kitchen,Bedsheet Set,1299,4,0.15,4416.6,Debit Card,7
ORD02765,CUST0187,2024-02-14,Delhi,Electronics,Smart Watch,3999,1,0.0,3999.0,Credit Card,7
ORD02766,CUST0744,2024-03-25,Bengaluru,Home & Kitchen,Coffee Maker,3499,2,0.05,6648.1,Credit Card,7
ORD02767,CUST0626,2024-11-14,Pune,Electronics,Wireless Headphones,2499,4,0.0,9996.0,UPI,7
ORD02768,CUST0395,2025-06-01,Mumbai,Fashion,Women's Handbag,1899,2,0.0,3798.0,UPI,2
ORD02769,CUST0458,2025-08-31,Mumbai,Fashion,Men's T-Shirt,799,2,0.0,1598.0,UPI,1
ORD02770,CUST0487,2024-10-31,Delhi,Home & Kitchen,Water Bottle,499,1,0.0,499.0,Credit Card,1
ORD02771,CUST0781,2025-04-22,Pune,Beauty,Perfume,1499,1,0.15,1274.15,UPI,7
ORD02772,CUST0701,2024-12-29,Mumbai,Electronics,Bluetooth Speaker,1799,4,0.0,7196.0,Wallet,3
ORD02773,CUST0337,2025-06-20,Hyderabad,Electronics,Bluetooth Speaker,1799,3,0.1,4857.3,UPI,6
ORD02774,CUST0229,2024-12-14,Hyderabad,Electronics,Wireless Headphones,2499,2,0.1,4498.2,Wallet,2
ORD02775,CUST0542,2025-07-25,Ahmedabad,Electronics,Wireless Headphones,2499,4,0.0,9996.0,Wallet,6
ORD02776,CUST0779,2025-09-05,Mumbai,Electronics,Smart Watch,3999,2,0.1,7198.2,Credit Card,4
ORD02777,CUST0566,2024-01-29,Delhi,Electronics,Smart Watch,3999,1,0.1,3599.1,Wallet,4
ORD02778,CUST0649,2025-08-25,Pune,Fashion,Men's T-Shirt,799,2,0.15,1358.3,Debit Card,4
ORD02779,CUST0233,2024-12-12,Mumbai,Beauty,Face Serum,999,2,0.1,1798.2,Cash on Delivery,4
ORD02780,CUST0561,2024-10-20,Mumbai,Sports,Yoga Mat,899,1,0.0,899.0,Wallet,3
ORD02781,CUST0667,2024-06-22,Kolkata,Home & Kitchen,Coffee Maker,3499,1,0.0,3499.0,Debit Card,2
ORD02782,CUST0125,2024-06-15,Pune,Fashion,Men's T-Shirt,799,4,0.0,3196.0,Wallet,1
ORD02783,CUST0467,2024-12-26,Kolkata,Beauty,Perfume,1499,4,0.15,5096.6,Cash on Delivery,6
ORD02784,CUST0068,2024-12-31,Pune,Beauty,Face Serum,999,4,0.1,3596.4,Wallet,6
ORD02785,CUST0330,2024-04-01,Mumbai,Electronics,Wireless Headphones,2499,3,0.0,7497.0,UPI,7
ORD02786,CUST0005,2024-03-15,Ahmedabad,Beauty,Hair Dryer,1999,2,0.1,3598.2,UPI,2
ORD02787,CUST0161,2024-09-21,Kolkata,Fashion,Women's Handbag,1899,1,0.15,1614.15,Credit Card,6
ORD02788,CUST0296,2024-05-20,Kolkata,Electronics,Bluetooth Speaker,1799,2,0.15,3058.3,Wallet,1
ORD02789,CUST0757,2024-04-19,Pune,Fashion,Men's T-Shirt,799,1,0.05,759.05,Wallet,7
ORD02790,CUST0151,2024-02-17,Delhi,Electronics,Wireless Headphones,2499,3,0.0,7497.0,Debit Card,1
ORD02791,CUST0716,2025-02-01,Kolkata,Beauty,Hair Dryer,1999,3,0.15,5097.45,Cash on Delivery,6
ORD02792,CUST0564,2024-11-13,Delhi,Fashion,Men's T-Shirt,799,3,0.0,2397.0,UPI,1
ORD02793,CUST0431,2025-05-25,Kolkata,Home & Kitchen,Water Bottle,499,1,0.05,474.05,Credit Card,4
ORD02794,CUST0484,2024-11-23,Chennai,Sports,Dumbbell Set,2999,4,0.0,11996.0,Wallet,3
ORD02795,CUST0789,2025-07-13,Delhi,Home & Kitchen,Bedsheet Set,1299,1,0.0,1299.0,Cash on Delivery,4
ORD02796,CUST0382,2025-08-29,Ahmedabad,Home & Kitchen,Water Bottle,499,2,0.0,998.0,Wallet,1
ORD02797,CUST0655,2025-01-20,Mumbai,Home & Kitchen,Coffee Maker,3499,3,0.0,10497.0,Wallet,4
ORD02798,CUST0303,2024-06-06,Kolkata,Fashion,Men's T-Shirt,799,4,0.0,3196.0,Cash on Delivery,7
ORD02799,CUST0145,2025-04-24,Mumbai,Home & Kitchen,Coffee Maker,3499,4,0.1,12596.4,Debit Card,1
ORD02800,CUST0063,2024-07-27,Ahmedabad,Beauty,Face Serum,999,1,0.1,899.1,UPI,3
ORD02801,CUST0493,2024-08-23,Mumbai,Beauty,Hair Dryer,1999,4,0.15,6796.6,Credit Card,1
ORD02802,CUST0017,2025-06-26,Bengaluru,Beauty,Hair Dryer,1999,3,0.0,5997.0,Cash on Delivery,3
ORD02803,CUST0393,2024-07-04,Mumbai,Electronics,Smart Watch,3999,3,0.1,10797.3,Credit Card,5
ORD02804,CUST0413,2025-06-24,Bengaluru,Fashion,Women's Handbag,1899,3,0.1,5127.3,Cash on Delivery,2
ORD02805,CUST0427,2025-04-04,Pune,Sports,Dumbbell Set,2999,3,0.0,8997.0,Debit Card,2
ORD02806,CUST0490,2024-05-27,Delhi,Electronics,Smart Watch,3999,4,0.0,15996.0,Credit Card,3
ORD02807,CUST0709,2025-03-03,Bengaluru,Fashion,Running Shoes,2499,4,0.1,8996.4,Debit Card,5
ORD02808,CUST0622,2025-05-01,Mumbai,Fashion,Men's T-Shirt,799,4,0.15,2716.6,Cash on Delivery,6
ORD02809,CUST0181,2024-08-27,Mumbai,Electronics,Smart Watch,3999,4,0.15,13596.6,Debit Card,7
ORD02810,CUST0027,2024-12-21,Bengaluru,Home & Kitchen,Water Bottle,499,3,0.0,1497.0,Cash on Delivery,2
ORD02811,CUST0461,2025-09-02,Pune,Sports,Cricket Bat,1799,1,0.05,1709.05,Debit Card,7
ORD02812,CUST0462,2025-02-25,Mumbai,Electronics,Smart Watch,3999,2,0.05,7598.1,Cash on Delivery,5
ORD02813,CUST0261,2024-12-18,Bengaluru,Sports,Cricket Bat,1799,4,0.05,6836.2,Cash on Delivery,7
ORD02814,CUST0266,2025-06-23,Bengaluru,Electronics,Bluetooth Speaker,1799,1,0.0,1799.0,Credit Card,4
ORD02815,CUST0185,2024-07-30,Mumbai,Fashion,Women's Handbag,1899,2,0.1,3418.2,Credit Card,2
ORD02816,CUST0476,2024-03-17,Hyderabad,Fashion,Women's Handbag,1899,1,0.0,1899.0,Cash on Delivery,4
ORD02817,CUST0169,2025-03-09,Mumbai,Sports,Yoga Mat,899,4,0.0,3596.0,Debit Card,2
ORD02818,CUST0275,2024-10-22,Pune,Sports,Dumbbell Set,2999,3,0.0,8997.0,Wallet,5
ORD02819,CUST0436,2024-04-16,Mumbai,Fashion,Men's T-Shirt,799,3,0.0,2397.0,Credit Card,5
ORD02820,CUST0583,2025-02-27,Mumbai,Fashion,Men's T-Shirt,799,1,0.0,799.0,UPI,3
ORD02821,CUST0080,2025-05-22,Mumbai,Fashion,Running Shoes,2499,4,0.05,9496.2,Cash on Delivery,5
ORD02822,CUST0222,2024-01-20,Delhi,Electronics,Wireless Headphones,2499,4,0.1,8996.4,Cash on Delivery,2
ORD02823,CUST0299,2024-02-03,Chennai,Beauty,Face Serum,999,3,0.0,2997.0,Credit Card,2
ORD02824,CUST0386,2024-10-13,Chennai,Beauty,Hair Dryer,1999,2,0.05,3798.1,UPI,7
ORD02825,CUST0248,2025-03-19,Mumbai,Beauty,Face Serum,999,3,0.1,2697.3,Wallet,2
ORD02826,CUST0063,2024-09-23,Bengaluru,Sports,Yoga Mat,899,4,0.05,3416.2,Debit Card,5
ORD02827,CUST0225,2025-09-10,Chennai,Sports,Dumbbell Set,2999,3,0.0,8997.0,Credit Card,4
ORD02828,CUST0164,2024-03-30,Delhi,Fashion,Women's Handbag,1899,2,0.15,3228.3,Cash on Delivery,2
ORD02829,CUST0440,2025-07-30,Mumbai,Home & Kitchen,Bedsheet Set,1299,1,0.05,1234.05,Credit Card,7
ORD02830,CUST0662,2025-02-08,Hyderabad,Beauty,Perfume,1499,4,0.1,5396.4,Credit Card,4
ORD02831,CUST0603,2024-07-29,Ahmedabad,Fashion,Running Shoes,2499,3,0.05,7122.15,Debit Card,5
ORD02832,CUST0518,2024-01-01,Pune,Sports,Cricket Bat,1799,1,0.1,1619.1,Debit Card,7
ORD02833,CUST0023,2025-02-26,Bengaluru,Electronics,Smart Watch,3999,4,0.05,15196.2,UPI,5
ORD02834,CUST0610,2024-06-24,Mumbai,Electronics,Bluetooth Speaker,1799,1,0.15,1529.15,Credit Card,2
ORD02835,CUST0034,2025-09-26,Kolkata,Electronics,Smart Watch,3999,3,0.0,11997.0,Debit Card,5
ORD02836,CUST0357,2024-06-09,Chennai,Sports,Yoga Mat,899,2,0.0,1798.0,Credit Card,2
ORD02837,CUST0069,2025-01-01,Mumbai,Fashion,Men's T-Shirt,799,2,0.0,1598.0,Credit Card,7
ORD02838,CUST0117,2024-03-01,Chennai,Home & Kitchen,Bedsheet Set,1299,3,0.05,3702.15,Debit Card,3
ORD02839,CUST0595,2025-02-18,Kolkata,Home & Kitchen,Bedsheet Set,1299,1,0.0,1299.0,Credit Card,5
ORD02840,CUST0253,2024-10-28,Pune,Fashion,Men's T-Shirt,799,2,0.0,1598.0,Credit Card,5
ORD02841,CUST0356,2024-01-28,Chennai,Beauty,Face Serum,999,1,0.15,849.15,UPI,2
ORD02842,CUST0059,2025-08-16,Ahmedabad,Home & Kitchen,Coffee Maker,3499,1,0.0,3499.0,Debit Card,7
ORD02843,CUST0630,2025-09-07,Bengaluru,Sports,Cricket Bat,1799,3,0.15,4587.45,UPI,1
ORD02844,CUST0078,2024-07-21,Ahmedabad,Fashion,Men's T-Shirt,799,4,0.1,2876.4,Cash on Delivery,3
ORD02845,CUST0016,2024-03-08,Pune,Sports,Cricket Bat,1799,3,0.0,5397.0,Credit Card,5
ORD02846,CUST0459,2024-07-27,Hyderabad,Home & Kitchen,Bedsheet Set,1299,1,0.15,1104.15,Wallet,7
ORD02847,CUST0458,2025-02-09,Delhi,Electronics,Bluetooth Speaker,1799,2,0.0,3598.0,Credit Card,1
ORD02848,CUST0434,2024-05-11,Kolkata,Beauty,Hair Dryer,1999,2,0.1,3598.2,Cash on Delivery,3
ORD02849,CUST0106,2025-01-27,Bengaluru,Fashion,Running Shoes,2499,4,0.05,9496.2,UPI,5
ORD02850,CUST0005,2024-01-28,Bengaluru,Beauty,Face Serum,999,4,0.0,3996.0,Wallet,3
ORD02851,CUST0171,2024-07-14,Delhi,Home & Kitchen,Water Bottle,499,3,0.0,1497.0,UPI,3
ORD02852,CUST0097,2024-11-21,Kolkata,Fashion,Women's Handbag,1899,3,0.0,5697.0,Credit Card,6
ORD02853,CUST0683,2024-08-31,Mumbai,Fashion,Men's T-Shirt,799,1,0.05,759.05,Wallet,7
ORD02854,CUST0478,2024-09-24,Bengaluru,Beauty,Hair Dryer,1999,4,0.0,7996.0,Debit Card,6
ORD02855,CUST0559,2025-05-28,Chennai,Home & Kitchen,Water Bottle,499,2,0.0,998.0,Debit Card,6
ORD02856,CUST0754,2024-07-03,Mumbai,Home & Kitchen,Bedsheet Set,1299,1,0.15,1104.15,Debit Card,7
ORD02857,CUST0505,2025-03-17,Pune,Sports,Cricket Bat,1799,4,0.0,7196.0,Wallet,2
ORD02858,CUST0572,2025-08-26,Pune,Fashion,Men's T-Shirt,799,2,0.15,1358.3,Debit Card,1
ORD02859,CUST0479,2024-12-14,Kolkata,Home & Kitchen,Bedsheet Set,1299,1,0.0,1299.0,Cash on Delivery,3
ORD02860,CUST0753,2025-01-02,Chennai,Electronics,Bluetooth Speaker,1799,3,0.15,4587.45,Wallet,2
ORD02861,CUST0415,2024-05-18,Bengaluru,Home & Kitchen,Bedsheet Set,1299,4,0.1,4676.4,UPI,6
ORD02862,CUST0675,2024-05-08,Bengaluru,Sports,Cricket Bat,1799,4,0.1,6476.4,Debit Card,3
ORD02863,CUST0600,2024-03-23,Pune,Fashion,Running Shoes,2499,3,0.05,7122.15,Credit Card,5
ORD02864,CUST0774,2024-01-09,Delhi,Fashion,Men's T-Shirt,799,2,0.05,1518.1,Wallet,2
ORD02865,CUST0458,2024-11-03,Bengaluru,Home & Kitchen,Bedsheet Set,1299,4,0.0,5196.0,Wallet,4
ORD02866,CUST0093,2024-01-14,Bengaluru,Fashion,Running Shoes,2499,3,0.0,7497.0,Credit Card,2
ORD02867,CUST0180,2025-08-10,Mumbai,Home & Kitchen,Water Bottle,499,3,0.15,1272.45,UPI,5
ORD02868,CUST0138,2024-02-10,Pune,Beauty,Hair Dryer,1999,2,0.1,3598.2,Cash on Delivery,1
ORD02869,CUST0441,2025-01-04,Chennai,Home & Kitchen,Coffee Maker,3499,1,0.15,2974.15,Credit Card,1
ORD02870,CUST0630,2024-08-25,Delhi,Beauty,Hair Dryer,1999,1,0.0,1999.0,UPI,6
ORD02871,CUST0782,2025-01-14,Chennai,Electronics,Bluetooth Speaker,1799,2,0.0,3598.0,Wallet,5
ORD02872,CUST0096,2025-04-19,Delhi,Fashion,Men's T-Shirt,799,2,0.05,1518.1,Wallet,2
ORD02873,CUST0542,2024-01-22,Bengaluru,Beauty,Face Serum,999,1,0.1,899.1,Cash on Delivery,4
ORD02874,CUST0114,2025-02-13,Pune,Electronics,Smart Watch,3999,4,0.05,15196.2,UPI,4
ORD02875,CUST0726,2024-08-11,Hyderabad,Beauty,Face Serum,999,4,0.05,3796.2,UPI,1
ORD02876,CUST0205,2024-06-26,Kolkata,Sports,Cricket Bat,1799,2,0.1,3238.2,Cash on Delivery,1
ORD02877,CUST0211,2024-04-23,Chennai,Beauty,Hair Dryer,1999,2,0.0,3998.0,Cash on Delivery,1
ORD02878,CUST0446,2024-04-05,Kolkata,Electronics,Bluetooth Speaker,1799,3,0.05,5127.15,Credit Card,2
ORD02879,CUST0120,2024-10-21,Chennai,Electronics,Smart Watch,3999,3,0.05,11397.15,Cash on Delivery,2
ORD02880,CUST0489,2025-01-05,Pune,Beauty,Hair Dryer,1999,4,0.15,6796.6,UPI,4
ORD02881,CUST0285,2024-02-16,Pune,Fashion,Women's Handbag,1899,3,0.0,5697.0,UPI,4
ORD02882,CUST0452,2025-07-17,Mumbai,Home & Kitchen,Coffee Maker,3499,1,0.15,2974.15,UPI,7
ORD02883,CUST0715,2024-11-02,Bengaluru,Beauty,Perfume,1499,2,0.0,2998.0,UPI,2
ORD02884,CUST0274,2024-11-11,Kolkata,Home & Kitchen,Bedsheet Set,1299,2,0.1,2338.2,UPI,7
ORD02885,CUST0439,2024-12-19,Hyderabad,Beauty,Face Serum,999,2,0.05,1898.1,Credit Card,5
ORD02886,CUST0780,2025-08-06,Mumbai,Beauty,Perfume,1499,3,0.1,4047.3,Credit Card,3
ORD02887,CUST0780,2025-01-22,Bengaluru,Home & Kitchen,Bedsheet Set,1299,3,0.0,3897.0,Cash on Delivery,5
ORD02888,CUST0203,2024-06-26,Pune,Sports,Yoga Mat,899,3,0.1,2427.3,Debit Card,1
ORD02889,CUST0346,2025-05-27,Hyderabad,Electronics,Wireless Headphones,2499,3,0.0,7497.0,Cash on Delivery,6
ORD02890,CUST0241,2024-10-12,Hyderabad,Home & Kitchen,Water Bottle,499,1,0.1,449.1,Wallet,5
ORD02891,CUST0080,2025-06-30,Kolkata,Electronics,Wireless Headphones,2499,2,0.1,4498.2,Cash on Delivery,1
ORD02892,CUST0228,2024-10-27,Ahmedabad,Home & Kitchen,Coffee Maker,3499,4,0.0,13996.0,Wallet,5
ORD02893,CUST0406,2024-02-22,Pune,Home & Kitchen,Coffee Maker,3499,2,0.1,6298.2,UPI,5
ORD02894,CUST0425,2024-09-19,Ahmedabad,Beauty,Perfume,1499,3,0.1,4047.3,Credit Card,6
ORD02895,CUST0377,2024-03-09,Kolkata,Beauty,Face Serum,999,4,0.15,3396.6,UPI,5
ORD02896,CUST0464,2024-06-01,Ahmedabad,Home & Kitchen,Bedsheet Set,1299,1,0.0,1299.0,Credit Card,5
ORD02897,CUST0715,2024-02-11,Ahmedabad,Electronics,Wireless Headphones,2499,3,0.05,7122.15,Wallet,4
ORD02898,CUST0771,2025-02-25,Pune,Electronics,Smart Watch,3999,2,0.05,7598.1,UPI,3
ORD02899,CUST0436,2024-09-30,Chennai,Electronics,Wireless Headphones,2499,2,0.1,4498.2,Credit Card,1
ORD02900,CUST0415,2024-01-23,Ahmedabad,Beauty,Hair Dryer,1999,4,0.0,7996.0,UPI,5
ORD02901,CUST0487,2025-02-24,Kolkata,Fashion,Men's T-Shirt,799,2,0.1,1438.2,UPI,5
ORD02902,CUST0442,2025-06-03,Hyderabad,Electronics,Bluetooth Speaker,1799,4,0.15,6116.6,Credit Card,5
ORD02903,CUST0770,2025-04-27,Chennai,Home & Kitchen,Bedsheet Set,1299,1,0.1,1169.1,Wallet,4
ORD02904,CUST0516,2025-09-24,Ahmedabad,Fashion,Women's Handbag,1899,2,0.15,3228.3,Cash on Delivery,1
ORD02905,CUST0585,2024-11-05,Bengaluru,Home & Kitchen,Bedsheet Set,1299,3,0.0,3897.0,Credit Card,7
ORD02906,CUST0664,2024-09-25,Pune,Electronics,Bluetooth Speaker,1799,4,0.0,7196.0,UPI,5
ORD02907,CUST0401,2025-02-20,Chennai,Beauty,Perfume,1499,4,0.0,5996.0,Credit Card,7
ORD02908,CUST0693,2025-08-14,Mumbai,Electronics,Wireless Headphones,2499,4,0.0,9996.0,Cash on Delivery,2
ORD02909,CUST0083,2025-09-22,Bengaluru,Sports,Dumbbell Set,2999,2,0.15,5098.3,Cash on Delivery,1
ORD02910,CUST0792,2024-07-27,Chennai,Sports,Yoga Mat,899,4,0.05,3416.2,Cash on Delivery,1
ORD02911,CUST0316,2025-03-09,Kolkata,Beauty,Perfume,1499,1,0.15,1274.15,Credit Card,4
ORD02912,CUST0736,2024-07-30,Chennai,Sports,Cricket Bat,1799,2,0.0,3598.0,UPI,6
ORD02913,CUST0116,2024-01-20,Kolkata,Fashion,Women's Handbag,1899,3,0.15,4842.45,Debit Card,7
ORD02914,CUST0390,2024-01-28,Bengaluru,Sports,Dumbbell Set,2999,4,0.1,10796.4,UPI,5
ORD02915,CUST0377,2024-01-03,Kolkata,Home & Kitchen,Bedsheet Set,1299,4,0.0,5196.0,Wallet,5
ORD02916,CUST0761,2025-06-08,Kolkata,Fashion,Women's Handbag,1899,2,0.15,3228.3,Credit Card,7
ORD02917,CUST0743,2025-04-22,Delhi,Electronics,Bluetooth Speaker,1799,2,0.0,3598.0,Cash on Delivery,4
ORD02918,CUST0680,2024-10-04,Chennai,Sports,Yoga Mat,899,4,0.1,3236.4,UPI,3
ORD02919,CUST0667,2025-01-23,Kolkata,Sports,Dumbbell Set,2999,1,0.0,2999.0,Wallet,6
ORD02920,CUST0205,2024-01-02,Ahmedabad,Fashion,Running Shoes,2499,1,0.05,2374.05,UPI,1
ORD02921,CUST0044,2024-11-01,Ahmedabad,Beauty,Face Serum,999,2,0.1,1798.2,UPI,2
ORD02922,CUST0466,2024-03-08,Bengaluru,Electronics,Bluetooth Speaker,1799,1,0.15,1529.15,Cash on Delivery,2
ORD02923,CUST0667,2024-06-27,Kolkata,Sports,Yoga Mat,899,4,0.15,3056.6,Debit Card,7
ORD02924,CUST0151,2025-04-13,Hyderabad,Sports,Cricket Bat,1799,1,0.0,1799.0,Wallet,2
ORD02925,CUST0430,2024-03-18,Mumbai,Beauty,Perfume,1499,3,0.0,4497.0,Cash on Delivery,5
ORD02926,CUST0484,2024-06-24,Pune,Electronics,Bluetooth Speaker,1799,4,0.0,7196.0,Cash on Delivery,2
ORD02927,CUST0018,2024-05-16,Chennai,Electronics,Bluetooth Speaker,1799,1,0.15,1529.15,Wallet,1
ORD02928,CUST0689,2024-07-18,Kolkata,Beauty,Face Serum,999,2,0.1,1798.2,Debit Card,3
ORD02929,CUST0343,2024-09-16,Ahmedabad,Fashion,Women's Handbag,1899,4,0.0,7596.0,UPI,1
ORD02930,CUST0167,2024-11-01,Hyderabad,Fashion,Men's T-Shirt,799,3,0.0,2397.0,Credit Card,4
ORD02931,CUST0470,2024-08-16,Hyderabad,Sports,Yoga Mat,899,1,0.0,899.0,Credit Card,1
ORD02932,CUST0415,2025-04-07,Mumbai,Fashion,Running Shoes,2499,3,0.15,6372.45,Credit Card,5
ORD02933,CUST0773,2024-05-15,Kolkata,Beauty,Perfume,1499,4,0.0,5996.0,Credit Card,4
ORD02934,CUST0364,2024-12-26,Chennai,Home & Kitchen,Water Bottle,499,3,0.0,1497.0,Cash on Delivery,3
ORD02935,CUST0696,2024-10-12,Mumbai,Sports,Yoga Mat,899,4,0.05,3416.2,Credit Card,7
ORD02936,CUST0151,2025-07-13,Delhi,Beauty,Perfume,1499,3,0.15,3822.45,Debit Card,7
ORD02937,CUST0379,2025-06-14,Kolkata,Sports,Cricket Bat,1799,4,0.0,7196.0,Cash on Delivery,4
ORD02938,CUST0040,2025-03-14,Pune,Fashion,Men's T-Shirt,799,2,0.0,1598.0,Cash on Delivery,7
ORD02939,CUST0076,2025-08-22,Bengaluru,Beauty,Perfume,1499,4,0.05,5696.2,Debit Card,5
ORD02940,CUST0767,2024-05-18,Mumbai,Home & Kitchen,Bedsheet Set,1299,4,0.0,5196.0,Debit Card,2
ORD02941,CUST0421,2024-06-18,Bengaluru,Sports,Dumbbell Set,2999,4,0.0,11996.0,UPI,4
ORD02942,CUST0598,2025-08-05,Pune,Beauty,Hair Dryer,1999,1,0.1,1799.1,Credit Card,2
ORD02943,CUST0752,2025-09-09,Chennai,Home & Kitchen,Coffee Maker,3499,2,0.15,5948.3,Credit Card,3
ORD02944,CUST0528,2025-07-23,Ahmedabad,Sports,Dumbbell Set,2999,4,0.1,10796.4,Cash on Delivery,4
ORD02945,CUST0309,2024-01-13,Delhi,Sports,Yoga Mat,899,3,0.1,2427.3,Credit Card,3
ORD02946,CUST0623,2024-09-14,Chennai,Sports,Yoga Mat,899,1,0.15,764.15,UPI,3
ORD02947,CUST0159,2024-03-27,Bengaluru,Fashion,Running Shoes,2499,2,0.15,4248.3,Cash on Delivery,1
ORD02948,CUST0051,2024-10-31,Ahmedabad,Electronics,Wireless Headphones,2499,1,0.05,2374.05,Cash on Delivery,2
ORD02949,CUST0035,2024-08-20,Kolkata,Sports,Dumbbell Set,2999,1,0.05,2849.05,Wallet,1
ORD02950,CUST0529,2024-07-28,Ahmedabad,Fashion,Women's Handbag,1899,1,0.0,1899.0,Debit Card,2
ORD02951,CUST0628,2025-08-28,Pune,Sports,Cricket Bat,1799,2,0.0,3598.0,Debit Card,7
ORD02952,CUST0012,2024-10-30,Hyderabad,Beauty,Hair Dryer,1999,2,0.0,3998.0,Wallet,6
ORD02953,CUST0238,2024-12-10,Mumbai,Fashion,Men's T-Shirt,799,2,0.0,1598.0,Wallet,4
ORD02954,CUST0573,2024-09-24,Pune,Beauty,Hair Dryer,1999,1,0.15,1699.15,Credit Card,5
ORD02955,CUST0135,2025-06-30,Mumbai,Sports,Yoga Mat,899,3,0.1,2427.3,UPI,4
ORD02956,CUST0419,2025-09-22,Pune,Home & Kitchen,Water Bottle,499,1,0.1,449.1,UPI,5
ORD02957,CUST0776,2024-06-05,Kolkata,Beauty,Perfume,1499,3,0.1,4047.3,UPI,3
ORD02958,CUST0728,2024-05-03,Bengaluru,Fashion,Women's Handbag,1899,4,0.05,7216.2,Debit Card,2
ORD02959,CUST0324,2025-09-25,Pune,Electronics,Bluetooth Speaker,1799,2,0.1,3238.2,UPI,1
ORD02960,CUST0658,2024-07-20,Bengaluru,Electronics,Smart Watch,3999,4,0.1,14396.4,UPI,4
ORD02961,CUST0776,2024-03-29,Bengaluru,Home & Kitchen,Water Bottle,499,2,0.1,898.2,UPI,2
ORD02962,CUST0529,2024-07-22,Ahmedabad,Home & Kitchen,Bedsheet Set,1299,1,0.15,1104.15,Credit Card,2
ORD02963,CUST0301,2024-07-07,Kolkata,Beauty,Face Serum,999,2,0.05,1898.1,Debit Card,7
ORD02964,CUST0442,2025-05-20,Mumbai,Beauty,Hair Dryer,1999,1,0.05,1899.05,Cash on Delivery,6
ORD02965,CUST0068,2024-11-18,Mumbai,Sports,Cricket Bat,1799,2,0.0,3598.0,Cash on Delivery,4
ORD02966,CUST0705,2024-02-04,Hyderabad,Home & Kitchen,Water Bottle,499,1,0.1,449.1,UPI,4
ORD02967,CUST0356,2025-08-30,Delhi,Fashion,Running Shoes,2499,2,0.15,4248.3,Debit Card,3
ORD02968,CUST0076,2025-09-11,Hyderabad,Beauty,Face Serum,999,3,0.0,2997.0,Wallet,1
ORD02969,CUST0463,2024-11-24,Kolkata,Home & Kitchen,Coffee Maker,3499,1,0.0,3499.0,Debit Card,6
ORD02970,CUST0683,2025-09-08,Delhi,Sports,Cricket Bat,1799,3,0.0,5397.0,Cash on Delivery,1
ORD02971,CUST0012,2024-10-18,Chennai,Beauty,Hair Dryer,1999,1,0.0,1999.0,UPI,6
ORD02972,CUST0283,2025-07-06,Mumbai,Home & Kitchen,Coffee Maker,3499,3,0.0,10497.0,Credit Card,5
ORD02973,CUST0025,2025-07-06,Chennai,Sports,Yoga Mat,899,2,0.0,1798.0,Wallet,4
ORD02974,CUST0381,2025-06-10,Pune,Beauty,Face Serum,999,1,0.0,999.0,Debit Card,6
ORD02975,CUST0013,2025-07-07,Bengaluru,Electronics,Bluetooth Speaker,1799,4,0.15,6116.6,Cash on Delivery,3
ORD02976,CUST0290,2025-01-26,Pune,Fashion,Running Shoes,2499,3,0.0,7497.0,Wallet,2
ORD02977,CUST0136,2025-03-03,Chennai,Fashion,Running Shoes,2499,2,0.05,4748.1,UPI,2
ORD02978,CUST0516,2024-01-22,Mumbai,Sports,Cricket Bat,1799,3,0.05,5127.15,Cash on Delivery,4
ORD02979,CUST0173,2025-09-02,Mumbai,Electronics,Bluetooth Speaker,1799,4,0.0,7196.0,UPI,5
ORD02980,CUST0095,2024-03-21,Chennai,Sports,Yoga Mat,899,3,0.0,2697.0,Credit Card,7
ORD02981,CUST0551,2024-12-09,Kolkata,Beauty,Hair Dryer,1999,1,0.0,1999.0,Wallet,3
ORD02982,CUST0247,2025-02-12,Bengaluru,Sports,Yoga Mat,899,3,0.0,2697.0,UPI,1
ORD02983,CUST0466,2024-10-29,Bengaluru,Sports,Dumbbell Set,2999,4,0.0,11996.0,Credit Card,1
ORD02984,CUST0489,2025-05-02,Kolkata,Home & Kitchen,Water Bottle,499,4,0.0,1996.0,Debit Card,6
ORD02985,CUST0696,2025-06-28,Bengaluru,Home & Kitchen,Coffee Maker,3499,4,0.0,13996.0,Credit Card,1
ORD02986,CUST0633,2024-03-16,Hyderabad,Beauty,Face Serum,999,3,0.1,2697.3,Credit Card,5
ORD02987,CUST0136,2025-02-21,Pune,Home & Kitchen,Coffee Maker,3499,4,0.1,12596.4,Credit Card,2
ORD02988,CUST0238,2025-01-07,Mumbai,Home & Kitchen,Bedsheet Set,1299,4,0.0,5196.0,Credit Card,6
ORD02989,CUST0383,2024-05-12,Ahmedabad,Beauty,Face Serum,999,3,0.0,2997.0,Wallet,4
ORD02990,CUST0050,2025-02-14,Hyderabad,Electronics,Wireless Headphones,2499,4,0.15,8496.6,UPI,4
ORD02991,CUST0445,2024-09-01,Mumbai,Fashion,Men's T-Shirt,799,4,0.1,2876.4,Debit Card,1
ORD02992,CUST0009,2024-09-29,Delhi,Fashion,Running Shoes,2499,1,0.1,2249.1,UPI,7
ORD02993,CUST0169,2024-05-01,Mumbai,Fashion,Running Shoes,2499,1,0.15,2124.15,Credit Card,6
ORD02994,CUST0623,2024-01-24,Kolkata,Electronics,Wireless Headphones,2499,3,0.0,7497.0,Debit Card,2
ORD02995,CUST0713,2025-04-23,Hyderabad,Fashion,Women's Handbag,1899,3,0.15,4842.45,Credit Card,7
ORD02996,CUST0051,2024-02-12,Pune,Electronics,Bluetooth Speaker,1799,2,0.1,3238.2,UPI,2
ORD02997,CUST0264,2024-11-25,Kolkata,Beauty,Hair Dryer,1999,4,0.05,7596.2,Wallet,2
ORD02998,CUST0289,2025-09-11,Kolkata,Electronics,Smart Watch,3999,3,0.15,10197.45,Debit Card,2
ORD02999,CUST0646,2024-01-17,Delhi,Sports,Yoga Mat,899,1,0.15,764.15,Wallet,5
ORD03000,CUST0291,2024-08-04,Kolkata,Beauty,Hair Dryer,1999,3,0.15,5097.45,Debit Card,4
ORD03001,CUST0153,2025-01-14,Delhi,Beauty,Face Serum,999,2,0.15,1698.3,Cash on Delivery,5
ORD03002,CUST0013,2025-01-24,Chennai,Beauty,Face Serum,999,3,0.1,2697.3,Cash on Delivery,1
ORD03003,CUST0032,2025-03-09,Ahmedabad,Beauty,Face Serum,999,3,0.15,2547.45,UPI,3
ORD03004,CUST0017,2025-02-19,Bengaluru,Beauty,Perfume,1499,2,0.1,2698.2,Credit Card,3
ORD03005,CUST0384,2024-03-13,Chennai,Electronics,Smart Watch,3999,3,0.0,11997.0,UPI,1
ORD03006,CUST0097,2025-05-23,Hyderabad,Beauty,Face Serum,999,1,0.1,899.1,Cash on Delivery,1
ORD03007,CUST0383,2024-03-04,Bengaluru,Home & Kitchen,Bedsheet Set,1299,4,0.15,4416.6,Credit Card,3
ORD03008,CUST0335,2025-08-27,Kolkata,Home & Kitchen,Water Bottle,499,2,0.0,998.0,Cash on Delivery,5
ORD03009,CUST0219,2025-01-09,Delhi,Home & Kitchen,Water Bottle,499,4,0.05,1896.2,Debit Card,6
ORD03010,CUST0127,2025-04-16,Delhi,Beauty,Perfume,1499,1,0.05,1424.05,Wallet,6
ORD03011,CUST0736,2024-11-03,Pune,Sports,Dumbbell Set,2999,4,0.1,10796.4,Wallet,2
ORD03012,CUST0241,2025-07-21,Chennai,Beauty,Hair Dryer,1999,4,0.0,7996.0,Debit Card,6
ORD03013,CUST0406,2025-04-16,Mumbai,Sports,Cricket Bat,1799,3,0.15,4587.45,Debit Card,6
ORD03014,CUST0486,2025-05-04,Delhi,Beauty,Face Serum,999,2,0.0,1998.0,Wallet,3
ORD03015,CUST0168,2024-07-09,Mumbai,Fashion,Men's T-Shirt,799,1,0.15,679.15,Wallet,3
ORD03016,CUST0148,2024-07-13,Ahmedabad,Beauty,Hair Dryer,1999,2,0.0,3998.0,Credit Card,7
ORD03017,CUST0041,2024-09-22,Bengaluru,Fashion,Men's T-Shirt,799,4,0.05,3036.2,Wallet,2
ORD03018,CUST0386,2025-04-16,Bengaluru,Home & Kitchen,Water Bottle,499,2,0.1,898.2,Debit Card,2
ORD03019,CUST0230,2024-06-12,Hyderabad,Beauty,Hair Dryer,1999,2,0.15,3398.3,Credit Card,1
ORD03020,CUST0097,2025-08-12,Kolkata,Fashion,Men's T-Shirt,799,2,0.0,1598.0,UPI,1
ORD03021,CUST0529,2024-06-28,Kolkata,Beauty,Perfume,1499,2,0.0,2998.0,Debit Card,2
ORD03022,CUST0606,2025-09-11,Bengaluru,Fashion,Women's Handbag,1899,4,0.0,7596.0,Wallet,1
ORD03023,CUST0276,2024-12-02,Hyderabad,Beauty,Hair Dryer,1999,3,0.0,5997.0,Credit Card,4
ORD03024,CUST0707,2025-08-05,Delhi,Electronics,Smart Watch,3999,3,0.1,10797.3,Credit Card,5
ORD03025,CUST0292,2025-02-06,Chennai,Fashion,Men's T-Shirt,799,1,0.0,799.0,Credit Card,6
ORD03026,CUST0505,2024-05-11,Ahmedabad,Fashion,Men's T-Shirt,799,4,0.0,3196.0,Cash on Delivery,4
ORD03027,CUST0717,2025-06-02,Mumbai,Fashion,Men's T-Shirt,799,1,0.1,719.1,Cash on Delivery,4
ORD03028,CUST0004,2025-03-29,Chennai,Home & Kitchen,Bedsheet Set,1299,4,0.0,5196.0,Wallet,3
ORD03029,CUST0630,2024-12-09,Hyderabad,Electronics,Wireless Headphones,2499,4,0.0,9996.0,Credit Card,5
ORD03030,CUST0746,2024-03-27,Mumbai,Sports,Cricket Bat,1799,2,0.05,3418.1,Cash on Delivery,7
ORD03031,CUST0277,2025-05-22,Mumbai,Home & Kitchen,Bedsheet Set,1299,1,0.0,1299.0,Cash on Delivery,4
ORD03032,CUST0431,2025-04-09,Bengaluru,Home & Kitchen,Bedsheet Set,1299,2,0.1,2338.2,Debit Card,5
ORD03033,CUST0251,2024-02-10,Pune,Electronics,Smart Watch,3999,2,0.0,7998.0,Credit Card,7
ORD03034,CUST0422,2024-09-25,Delhi,Sports,Dumbbell Set,2999,3,0.1,8097.3,Debit Card,5
ORD03035,CUST0662,2025-05-12,Chennai,Beauty,Hair Dryer,1999,3,0.15,5097.45,UPI,5
ORD03036,CUST0726,2025-07-08,Kolkata,Fashion,Running Shoes,2499,4,0.15,8496.6,Wallet,7
ORD03037,CUST0758,2025-08-26,Hyderabad,Electronics,Smart Watch,3999,4,0.0,15996.0,Debit Card,1
ORD03038,CUST0794,2025-03-02,Pune,Home & Kitchen,Bedsheet Set,1299,2,0.0,2598.0,Debit Card,2
ORD03039,CUST0391,2024-09-20,Delhi,Fashion,Men's T-Shirt,799,2,0.15,1358.3,Credit Card,1
ORD03040,CUST0631,2024-12-03,Kolkata,Fashion,Running Shoes,2499,1,0.0,2499.0,Wallet,3
ORD03041,CUST0187,2024-03-15,Ahmedabad,Fashion,Women's Handbag,1899,1,0.0,1899.0,Cash on Delivery,6
ORD03042,CUST0721,2025-06-27,Kolkata,Fashion,Men's T-Shirt,799,2,0.15,1358.3,Cash on Delivery,3
ORD03043,CUST0733,2025-02-11,Ahmedabad,Fashion,Running Shoes,2499,2,0.05,4748.1,Wallet,6
ORD03044,CUST0462,2024-07-28,Ahmedabad,Beauty,Face Serum,999,2,0.0,1998.0,UPI,3
ORD03045,CUST0051,2025-06-18,Pune,Sports,Cricket Bat,1799,1,0.1,1619.1,UPI,6
ORD03046,CUST0411,2025-01-13,Kolkata,Fashion,Running Shoes,2499,3,0.15,6372.45,Cash on Delivery,6
ORD03047,CUST0772,2024-01-26,Hyderabad,Sports,Dumbbell Set,2999,3,0.1,8097.3,Wallet,4
ORD03048,CUST0198,2025-01-31,Chennai,Beauty,Perfume,1499,3,0.15,3822.45,UPI,7
ORD03049,CUST0123,2025-02-08,Mumbai,Sports,Cricket Bat,1799,2,0.0,3598.0,Wallet,1
ORD03050,CUST0411,2025-01-28,Bengaluru,Sports,Yoga Mat,899,4,0.0,3596.0,UPI,1
ORD03051,CUST0701,2025-04-05,Pune,Beauty,Hair Dryer,1999,3,0.05,5697.15,Debit Card,3
ORD03052,CUST0770,2024-12-01,Hyderabad,Beauty,Perfume,1499,4,0.05,5696.2,Cash on Delivery,3
ORD03053,CUST0282,2025-03-17,Mumbai,Electronics,Wireless Headphones,2499,3,0.1,6747.3,UPI,1
ORD03054,CUST0425,2025-06-17,Bengaluru,Beauty,Perfume,1499,4,0.05,5696.2,Debit Card,6
ORD03055,CUST0362,2025-01-26,Kolkata,Electronics,Smart Watch,3999,1,0.1,3599.1,Debit Card,1
ORD03056,CUST0071,2024-09-23,Ahmedabad,Fashion,Men's T-Shirt,799,3,0.05,2277.15,Debit Card,1
ORD03057,CUST0548,2025-02-20,Pune,Fashion,Men's T-Shirt,799,2,0.15,1358.3,UPI,5
ORD03058,CUST0464,2024-03-06,Mumbai,Fashion,Women's Handbag,1899,4,0.0,7596.0,Credit Card,4
ORD03059,CUST0218,2024-06-06,Pune,Fashion,Men's T-Shirt,799,3,0.05,2277.15,UPI,2
ORD03060,CUST0627,2025-07-07,Chennai,Electronics,Bluetooth Speaker,1799,3,0.0,5397.0,UPI,5
ORD03061,CUST0685,2024-10-02,Mumbai,Home & Kitchen,Bedsheet Set,1299,1,0.0,1299.0,Wallet,7
ORD03062,CUST0611,2025-05-02,Ahmedabad,Beauty,Perfume,1499,1,0.15,1274.15,Wallet,4
ORD03063,CUST0276,2025-07-22,Delhi,Fashion,Women's Handbag,1899,3,0.0,5697.0,Credit Card,3
ORD03064,CUST0306,2024-01-14,Hyderabad,Beauty,Perfume,1499,3,0.15,3822.45,UPI,4
ORD03065,CUST0522,2024-11-02,Mumbai,Fashion,Women's Handbag,1899,4,0.1,6836.4,Wallet,3
ORD03066,CUST0694,2024-09-14,Mumbai,Beauty,Perfume,1499,2,0.15,2548.3,Debit Card,5
ORD03067,CUST0173,2024-01-02,Kolkata,Sports,Yoga Mat,899,2,0.1,1618.2,Debit Card,2
ORD03068,CUST0615,2025-06-27,Bengaluru,Electronics,Wireless Headphones,2499,1,0.05,2374.05,Debit Card,5
ORD03069,CUST0320,2024-07-14,Bengaluru,Home & Kitchen,Bedsheet Set,1299,1,0.1,1169.1,UPI,2
ORD03070,CUST0293,2025-04-27,Pune,Electronics,Bluetooth Speaker,1799,4,0.1,6476.4,Cash on Delivery,3
ORD03071,CUST0526,2024-03-09,Pune,Sports,Cricket Bat,1799,1,0.05,1709.05,Debit Card,6
ORD03072,CUST0513,2024-01-04,Bengaluru,Sports,Dumbbell Set,2999,2,0.0,5998.0,Wallet,3
ORD03073,CUST0431,2025-08-07,Bengaluru,Sports,Cricket Bat,1799,3,0.0,5397.0,Credit Card,6
ORD03074,CUST0740,2025-01-04,Pune,Fashion,Men's T-Shirt,799,4,0.0,3196.0,Wallet,7
ORD03075,CUST0300,2025-05-07,Chennai,Home & Kitchen,Water Bottle,499,4,0.1,1796.4,UPI,7
ORD03076,CUST0187,2025-02-16,Chennai,Beauty,Face Serum,999,1,0.1,899.1,UPI,3
ORD03077,CUST0513,2025-07-07,Bengaluru,Electronics,Bluetooth Speaker,1799,1,0.1,1619.1,Debit Card,7
ORD03078,CUST0320,2025-07-30,Pune,Fashion,Women's Handbag,1899,3,0.05,5412.15,Wallet,5
ORD03079,CUST0137,2024-08-29,Ahmedabad,Sports,Yoga Mat,899,4,0.0,3596.0,Credit Card,2
ORD03080,CUST0594,2025-05-29,Mumbai,Beauty,Face Serum,999,4,0.15,3396.6,Credit Card,2
ORD03081,CUST0324,2025-03-14,Kolkata,Fashion,Women's Handbag,1899,1,0.0,1899.0,Wallet,6
ORD03082,CUST0595,2025-04-02,Hyderabad,Beauty,Face Serum,999,3,0.1,2697.3,Debit Card,1
ORD03083,CUST0208,2024-11-17,Delhi,Beauty,Hair Dryer,1999,4,0.05,7596.2,Wallet,5
ORD03084,CUST0474,2024-08-03,Delhi,Sports,Dumbbell Set,2999,1,0.1,2699.1,Debit Card,5
ORD03085,CUST0572,2024-02-29,Kolkata,Electronics,Smart Watch,3999,4,0.15,13596.6,Debit Card,5
ORD03086,CUST0564,2025-02-18,Chennai,Sports,Dumbbell Set,2999,4,0.0,11996.0,Wallet,3
ORD03087,CUST0538,2024-07-29,Mumbai,Sports,Dumbbell Set,2999,4,0.1,10796.4,Credit Card,1
ORD03088,CUST0608,2024-08-31,Pune,Beauty,Hair Dryer,1999,1,0.0,1999.0,UPI,2
ORD03089,CUST0561,2024-03-31,Delhi,Electronics,Bluetooth Speaker,1799,1,0.05,1709.05,Credit Card,5
ORD03090,CUST0786,2025-06-07,Bengaluru,Sports,Dumbbell Set,2999,4,0.0,11996.0,UPI,6
ORD03091,CUST0038,2025-09-02,Delhi,Beauty,Face Serum,999,4,0.1,3596.4,UPI,4
ORD03092,CUST0604,2024-05-30,Bengaluru,Sports,Yoga Mat,899,2,0.1,1618.2,Cash on Delivery,5
ORD03093,CUST0679,2025-06-07,Pune,Sports,Yoga Mat,899,2,0.05,1708.1,Debit Card,5
ORD03094,CUST0431,2024-02-15,Ahmedabad,Beauty,Face Serum,999,2,0.05,1898.1,Debit Card,4
ORD03095,CUST0196,2024-08-18,Hyderabad,Sports,Dumbbell Set,2999,4,0.15,10196.6,Debit Card,6
ORD03096,CUST0758,2024-08-29,Delhi,Beauty,Face Serum,999,4,0.1,3596.4,Credit Card,7
ORD03097,CUST0648,2024-12-14,Mumbai,Fashion,Men's T-Shirt,799,3,0.05,2277.15,Debit Card,4
ORD03098,CUST0490,2025-06-21,Chennai,Electronics,Smart Watch,3999,2,0.0,7998.0,Wallet,3
ORD03099,CUST0522,2025-01-11,Chennai,Home & Kitchen,Coffee Maker,3499,1,0.05,3324.05,UPI,1
ORD03100,CUST0668,2024-02-22,Delhi,Home & Kitchen,Water Bottle,499,3,0.1,1347.3,Credit Card,2
ORD03101,CUST0455,2025-07-02,Delhi,Home & Kitchen,Water Bottle,499,2,0.1,898.2,Debit Card,6
ORD03102,CUST0655,2025-08-19,Ahmedabad,Beauty,Perfume,1499,1,0.0,1499.0,Cash on Delivery,5
ORD03103,CUST0655,2024-08-25,Kolkata,Beauty,Perfume,1499,1,0.0,1499.0,Debit Card,3
ORD03104,CUST0485,2025-02-25,Kolkata,Beauty,Perfume,1499,3,0.05,4272.15,UPI,7
ORD03105,CUST0068,2024-01-23,Pune,Fashion,Women's Handbag,1899,4,0.05,7216.2,Credit Card,2
ORD03106,CUST0519,2025-05-25,Chennai,Sports,Cricket Bat,1799,4,0.0,7196.0,UPI,3
ORD03107,CUST0616,2024-06-13,Bengaluru,Sports,Cricket Bat,1799,3,0.1,4857.3,Cash on Delivery,2
ORD03108,CUST0728,2024-08-01,Mumbai,Electronics,Bluetooth Speaker,1799,4,0.15,6116.6,Credit Card,5
ORD03109,CUST0233,2024-06-16,Chennai,Electronics,Smart Watch,3999,3,0.05,11397.15,Credit Card,3
ORD03110,CUST0356,2025-07-17,Kolkata,Electronics,Smart Watch,3999,3,0.0,11997.0,Wallet,2
ORD03111,CUST0213,2025-04-22,Kolkata,Sports,Cricket Bat,1799,4,0.0,7196.0,Debit Card,7
ORD03112,CUST0745,2024-06-29,Delhi,Beauty,Hair Dryer,1999,3,0.1,5397.3,Debit Card,6
ORD03113,CUST0275,2025-05-13,Delhi,Sports,Cricket Bat,1799,3,0.0,5397.0,Cash on Delivery,1
ORD03114,CUST0170,2024-06-14,Delhi,Beauty,Face Serum,999,3,0.0,2997.0,Wallet,6
ORD03115,CUST0234,2024-04-11,Kolkata,Electronics,Smart Watch,3999,1,0.05,3799.05,Debit Card,6
ORD03116,CUST0576,2024-09-18,Chennai,Beauty,Hair Dryer,1999,1,0.15,1699.15,Cash on Delivery,7
ORD03117,CUST0737,2025-08-28,Bengaluru,Beauty,Hair Dryer,1999,1,0.0,1999.0,Wallet,4
ORD03118,CUST0156,2024-01-30,Pune,Home & Kitchen,Bedsheet Set,1299,2,0.0,2598.0,Debit Card,6
ORD03119,CUST0572,2024-04-29,Chennai,Electronics,Bluetooth Speaker,1799,4,0.0,7196.0,Cash on Delivery,4
ORD03120,CUST0426,2025-01-21,Pune,Beauty,Hair Dryer,1999,1,0.15,1699.15,Cash on Delivery,1
ORD03121,CUST0285,2024-09-03,Bengaluru,Electronics,Wireless Headphones,2499,3,0.1,6747.3,UPI,2
ORD03122,CUST0603,2025-09-20,Mumbai,Fashion,Men's T-Shirt,799,2,0.05,1518.1,UPI,2
ORD03123,CUST0367,2025-05-14,Mumbai,Beauty,Hair Dryer,1999,2,0.1,3598.2,UPI,4
ORD03124,CUST0651,2024-06-02,Kolkata,Beauty,Perfume,1499,1,0.05,1424.05,Debit Card,7
ORD03125,CUST0632,2024-01-28,Bengaluru,Beauty,Face Serum,999,3,0.05,2847.15,Credit Card,2
ORD03126,CUST0370,2025-02-08,Pune,Home & Kitchen,Water Bottle,499,4,0.05,1896.2,Debit Card,2
ORD03127,CUST0253,2025-01-27,Ahmedabad,Beauty,Face Serum,999,1,0.15,849.15,Credit Card,4
ORD03128,CUST0649,2025-09-19,Hyderabad,Fashion,Men's T-Shirt,799,3,0.1,2157.3,Debit Card,5
ORD03129,CUST0385,2025-03-25,Kolkata,Fashion,Running Shoes,2499,2,0.1,4498.2,UPI,3
ORD03130,CUST0332,2025-07-14,Mumbai,Sports,Yoga Mat,899,1,0.0,899.0,Credit Card,6
ORD03131,CUST0799,2024-10-04,Kolkata,Home & Kitchen,Coffee Maker,3499,1,0.0,3499.0,Debit Card,5
ORD03132,CUST0549,2025-06-30,Chennai,Beauty,Hair Dryer,1999,2,0.0,3998.0,Wallet,1
ORD03133,CUST0259,2024-03-08,Hyderabad,Home & Kitchen,Coffee Maker,3499,2,0.0,6998.0,Debit Card,4
ORD03134,CUST0203,2025-08-17,Bengaluru,Electronics,Smart Watch,3999,4,0.05,15196.2,Debit Card,1
ORD03135,CUST0478,2025-06-13,Hyderabad,Electronics,Smart Watch,3999,4,0.15,13596.6,Credit Card,1
ORD03136,CUST0598,2024-01-15,Hyderabad,Fashion,Running Shoes,2499,1,0.05,2374.05,Debit Card,2
ORD03137,CUST0527,2024-04-07,Chennai,Beauty,Hair Dryer,1999,4,0.1,7196.4,UPI,6
ORD03138,CUST0741,2024-04-12,Ahmedabad,Sports,Cricket Bat,1799,1,0.0,1799.0,Credit Card,1
ORD03139,CUST0067,2024-04-04,Kolkata,Home & Kitchen,Water Bottle,499,1,0.05,474.05,Credit Card,4
ORD03140,CUST0016,2024-04-16,Ahmedabad,Beauty,Perfume,1499,4,0.0,5996.0,Wallet,1
ORD03141,CUST0688,2025-09-21,Pune,Sports,Cricket Bat,1799,1,0.0,1799.0,Wallet,3
ORD03142,CUST0055,2025-04-10,Pune,Beauty,Hair Dryer,1999,2,0.05,3798.1,Wallet,6
ORD03143,CUST0251,2024-07-21,Delhi,Electronics,Wireless Headphones,2499,4,0.15,8496.6,Debit Card,3
ORD03144,CUST0035,2025-02-17,Mumbai,Fashion,Running Shoes,2499,2,0.0,4998.0,Credit Card,2
ORD03145,CUST0713,2024-12-09,Mumbai,Electronics,Wireless Headphones,2499,4,0.05,9496.2,Debit Card,7
ORD03146,CUST0297,2024-04-08,Bengaluru,Fashion,Men's T-Shirt,799,3,0.0,2397.0,UPI,4
ORD03147,CUST0078,2024-11-18,Kolkata,Beauty,Hair Dryer,1999,1,0.0,1999.0,Debit Card,6
ORD03148,CUST0412,2024-04-07,Pune,Sports,Dumbbell Set,2999,2,0.0,5998.0,Credit Card,2
ORD03149,CUST0285,2024-05-19,Mumbai,Sports,Yoga Mat,899,2,0.0,1798.0,UPI,3
ORD03150,CUST0049,2024-06-29,Hyderabad,Fashion,Running Shoes,2499,2,0.0,4998.0,Cash on Delivery,2
ORD03151,CUST0777,2024-04-26,Chennai,Electronics,Wireless Headphones,2499,1,0.0,2499.0,Debit Card,5
ORD03152,CUST0198,2024-04-13,Chennai,Home & Kitchen,Water Bottle,499,2,0.15,848.3,Credit Card,3
ORD03153,CUST0163,2024-08-07,Chennai,Fashion,Running Shoes,2499,4,0.0,9996.0,Wallet,3
ORD03154,CUST0222,2024-05-09,Kolkata,Home & Kitchen,Coffee Maker,3499,3,0.05,9972.15,Credit Card,5
ORD03155,CUST0439,2025-03-29,Mumbai,Beauty,Hair Dryer,1999,3,0.15,5097.45,Credit Card,3
ORD03156,CUST0275,2024-07-16,Bengaluru,Sports,Dumbbell Set,2999,4,0.1,10796.4,UPI,6
ORD03157,CUST0652,2025-04-09,Ahmedabad,Sports,Cricket Bat,1799,2,0.1,3238.2,Credit Card,3
ORD03158,CUST0238,2025-04-28,Hyderabad,Sports,Dumbbell Set,2999,3,0.0,8997.0,Cash on Delivery,7
ORD03159,CUST0380,2025-02-17,Hyderabad,Electronics,Smart Watch,3999,2,0.1,7198.2,Wallet,7
ORD03160,CUST0379,2024-06-10,Chennai,Electronics,Smart Watch,3999,4,0.1,14396.4,Wallet,1
ORD03161,CUST0273,2024-04-17,Ahmedabad,Sports,Cricket Bat,1799,4,0.05,6836.2,Debit Card,2
ORD03162,CUST0453,2024-10-22,Kolkata,Fashion,Women's Handbag,1899,3,0.0,5697.0,Cash on Delivery,4
ORD03163,CUST0575,2024-08-01,Pune,Home & Kitchen,Bedsheet Set,1299,2,0.05,2468.1,Credit Card,7
ORD03164,CUST0297,2024-06-06,Chennai,Sports,Dumbbell Set,2999,3,0.0,8997.0,Cash on Delivery,4
ORD03165,CUST0487,2024-12-12,Delhi,Sports,Yoga Mat,899,3,0.0,2697.0,Credit Card,6
ORD03166,CUST0230,2025-07-14,Hyderabad,Beauty,Perfume,1499,4,0.0,5996.0,Debit Card,2
ORD03167,CUST0253,2025-03-15,Mumbai,Home & Kitchen,Coffee Maker,3499,3,0.15,8922.45,Cash on Delivery,7
ORD03168,CUST0482,2025-08-02,Chennai,Electronics,Smart Watch,3999,2,0.05,7598.1,Wallet,5
ORD03169,CUST0363,2024-04-08,Chennai,Sports,Dumbbell Set,2999,1,0.1,2699.1,Wallet,1
ORD03170,CUST0030,2024-03-31,Chennai,Electronics,Smart Watch,3999,2,0.1,7198.2,UPI,4
ORD03171,CUST0483,2024-03-01,Bengaluru,Fashion,Women's Handbag,1899,2,0.1,3418.2,UPI,1
ORD03172,CUST0729,2025-07-21,Mumbai,Home & Kitchen,Bedsheet Set,1299,4,0.1,4676.4,Wallet,2
ORD03173,CUST0121,2024-07-31,Bengaluru,Beauty,Perfume,1499,3,0.15,3822.45,UPI,3
ORD03174,CUST0189,2025-02-10,Hyderabad,Beauty,Face Serum,999,3,0.1,2697.3,Debit Card,7
ORD03175,CUST0353,2024-10-30,Pune,Fashion,Running Shoes,2499,2,0.1,4498.2,Credit Card,7
ORD03176,CUST0767,2024-05-22,Kolkata,Fashion,Running Shoes,2499,1,0.1,2249.1,UPI,2
ORD03177,CUST0684,2024-03-22,Delhi,Beauty,Perfume,1499,3,0.15,3822.45,Credit Card,6
ORD03178,CUST0472,2025-08-03,Delhi,Beauty,Perfume,1499,4,0.05,5696.2,Wallet,4
ORD03179,CUST0230,2025-07-17,Chennai,Beauty,Perfume,1499,1,0.1,1349.1,Debit Card,2
ORD03180,CUST0111,2025-02-02,Bengaluru,Sports,Yoga Mat,899,1,0.0,899.0,Debit Card,7
ORD03181,CUST0582,2024-09-09,Kolkata,Sports,Yoga Mat,899,1,0.1,809.1,Wallet,1
ORD03182,CUST0279,2024-10-05,Chennai,Electronics,Wireless Headphones,2499,2,0.0,4998.0,Cash on Delivery,6
ORD03183,CUST0103,2025-06-30,Kolkata,Beauty,Hair Dryer,1999,2,0.05,3798.1,UPI,7
ORD03184,CUST0073,2024-03-04,Pune,Sports,Dumbbell Set,2999,3,0.0,8997.0,Cash on Delivery,5
ORD03185,CUST0094,2025-07-11,Delhi,Fashion,Men's T-Shirt,799,1,0.05,759.05,Cash on Delivery,1
ORD03186,CUST0320,2024-02-18,Bengaluru,Home & Kitchen,Bedsheet Set,1299,1,0.0,1299.0,UPI,2
ORD03187,CUST0414,2024-05-01,Mumbai,Sports,Dumbbell Set,2999,4,0.1,10796.4,UPI,5
ORD03188,CUST0125,2024-05-27,Chennai,Sports,Yoga Mat,899,2,0.05,1708.1,Debit Card,5
ORD03189,CUST0215,2024-03-02,Hyderabad,Home & Kitchen,Coffee Maker,3499,3,0.0,10497.0,Credit Card,1
ORD03190,CUST0498,2024-04-08,Delhi,Beauty,Face Serum,999,4,0.15,3396.6,Credit Card,5
ORD03191,CUST0102,2025-05-07,Delhi,Beauty,Face Serum,999,1,0.05,949.05,Cash on Delivery,1
ORD03192,CUST0017,2024-11-12,Bengaluru,Fashion,Men's T-Shirt,799,1,0.15,679.15,Debit Card,4
ORD03193,CUST0123,2024-04-04,Bengaluru,Electronics,Wireless Headphones,2499,1,0.05,2374.05,Wallet,4
ORD03194,CUST0792,2024-03-17,Chennai,Home & Kitchen,Coffee Maker,3499,2,0.1,6298.2,Cash on Delivery,4
ORD03195,CUST0439,2024-10-28,Chennai,Sports,Cricket Bat,1799,4,0.1,6476.4,Wallet,1
ORD03196,CUST0309,2025-05-26,Delhi,Fashion,Running Shoes,2499,1,0.0,2499.0,Cash on Delivery,1
ORD03197,CUST0122,2024-06-04,Hyderabad,Sports,Cricket Bat,1799,2,0.0,3598.0,Debit Card,1
ORD03198,CUST0224,2024-12-09,Hyderabad,Electronics,Bluetooth Speaker,1799,2,0.0,3598.0,UPI,4
ORD03199,CUST0069,2025-02-01,Pune,Sports,Dumbbell Set,2999,4,0.0,11996.0,Wallet,3
ORD03200,CUST0776,2024-06-28,Ahmedabad,Home & Kitchen,Coffee Maker,3499,2,0.05,6648.1,Debit Card,1
ORD03201,CUST0738,2025-05-13,Delhi,Electronics,Wireless Headphones,2499,3,0.05,7122.15,Cash on Delivery,5
ORD03202,CUST0368,2025-06-22,Pune,Sports,Dumbbell Set,2999,3,0.15,7647.45,Cash on Delivery,5
ORD03203,CUST0379,2024-02-01,Delhi,Home & Kitchen,Bedsheet Set,1299,2,0.0,2598.0,Wallet,6
ORD03204,CUST0214,2025-02-15,Hyderabad,Home & Kitchen,Coffee Maker,3499,4,0.05,13296.2,Debit Card,7
ORD03205,CUST0654,2025-04-04,Delhi,Sports,Cricket Bat,1799,2,0.0,3598.0,Cash on Delivery,2
ORD03206,CUST0376,2025-02-18,Mumbai,Beauty,Hair Dryer,1999,2,0.05,3798.1,Debit Card,4
ORD03207,CUST0302,2024-03-25,Kolkata,Electronics,Smart Watch,3999,1,0.0,3999.0,UPI,7
ORD03208,CUST0185,2025-03-07,Kolkata,Fashion,Men's T-Shirt,799,4,0.15,2716.6,UPI,7
ORD03209,CUST0654,2024-01-04,Pune,Sports,Cricket Bat,1799,1,0.0,1799.0,Cash on Delivery,5
ORD03210,CUST0139,2025-05-12,Bengaluru,Sports,Yoga Mat,899,3,0.0,2697.0,UPI,4
ORD03211,CUST0125,2024-04-23,Hyderabad,Beauty,Face Serum,999,2,0.15,1698.3,Credit Card,2
ORD03212,CUST0570,2024-06-28,Bengaluru,Fashion,Men's T-Shirt,799,2,0.0,1598.0,Debit Card,1
ORD03213,CUST0539,2024-06-08,Chennai,Sports,Cricket Bat,1799,4,0.05,6836.2,Debit Card,5
ORD03214,CUST0280,2024-01-02,Delhi,Sports,Dumbbell Set,2999,3,0.0,8997.0,UPI,6
ORD03215,CUST0234,2024-04-28,Hyderabad,Sports,Cricket Bat,1799,4,0.15,6116.6,UPI,6
ORD03216,CUST0199,2024-11-17,Hyderabad,Electronics,Wireless Headphones,2499,3,0.0,7497.0,Cash on Delivery,2
ORD03217,CUST0297,2025-03-23,Delhi,Fashion,Running Shoes,2499,2,0.0,4998.0,Debit Card,4
ORD03218,CUST0030,2024-09-03,Bengaluru,Sports,Yoga Mat,899,4,0.15,3056.6,Wallet,1
ORD03219,CUST0730,2024-10-21,Hyderabad,Electronics,Wireless Headphones,2499,3,0.0,7497.0,Credit Card,3
ORD03220,CUST0780,2025-06-06,Delhi,Electronics,Bluetooth Speaker,1799,3,0.0,5397.0,Debit Card,3
ORD03221,CUST0751,2024-10-21,Bengaluru,Beauty,Perfume,1499,4,0.1,5396.4,Wallet,1
ORD03222,CUST0228,2025-01-29,Hyderabad,Fashion,Men's T-Shirt,799,2,0.0,1598.0,Cash on Delivery,5
ORD03223,CUST0600,2025-07-25,Delhi,Electronics,Bluetooth Speaker,1799,2,0.1,3238.2,Credit Card,1
ORD03224,CUST0738,2024-09-02,Pune,Fashion,Running Shoes,2499,4,0.05,9496.2,Wallet,5
ORD03225,CUST0353,2024-11-26,Ahmedabad,Electronics,Smart Watch,3999,3,0.15,10197.45,Debit Card,5
ORD03226,CUST0192,2024-10-11,Mumbai,Sports,Cricket Bat,1799,1,0.15,1529.15,Cash on Delivery,5
ORD03227,CUST0157,2025-01-02,Pune,Beauty,Perfume,1499,1,0.05,1424.05,UPI,4
ORD03228,CUST0431,2024-12-05,Ahmedabad,Electronics,Bluetooth Speaker,1799,1,0.1,1619.1,Credit Card,2
ORD03229,CUST0085,2024-02-14,Pune,Beauty,Hair Dryer,1999,3,0.1,5397.3,Debit Card,2
ORD03230,CUST0680,2025-03-04,Delhi,Beauty,Hair Dryer,1999,1,0.0,1999.0,Debit Card,5
ORD03231,CUST0651,2024-08-13,Mumbai,Sports,Yoga Mat,899,2,0.05,1708.1,Wallet,3
ORD03232,CUST0165,2025-09-20,Pune,Fashion,Women's Handbag,1899,4,0.15,6456.6,Debit Card,3
ORD03233,CUST0010,2024-11-26,Kolkata,Home & Kitchen,Coffee Maker,3499,4,0.0,13996.0,Credit Card,2
ORD03234,CUST0525,2024-11-04,Mumbai,Fashion,Women's Handbag,1899,2,0.0,3798.0,UPI,3
ORD03235,CUST0738,2024-04-23,Hyderabad,Electronics,Smart Watch,3999,2,0.05,7598.1,Debit Card,2
ORD03236,CUST0347,2025-07-01,Hyderabad,Beauty,Perfume,1499,1,0.05,1424.05,Cash on Delivery,3
ORD03237,CUST0577,2025-05-25,Pune,Sports,Yoga Mat,899,4,0.0,3596.0,UPI,2
ORD03238,CUST0245,2024-03-03,Chennai,Home & Kitchen,Water Bottle,499,3,0.1,1347.3,Credit Card,6
ORD03239,CUST0368,2024-10-25,Bengaluru,Fashion,Running Shoes,2499,3,0.15,6372.45,Credit Card,7
ORD03240,CUST0232,2025-01-31,Mumbai,Electronics,Smart Watch,3999,2,0.15,6798.3,Debit Card,1
ORD03241,CUST0707,2024-07-07,Delhi,Fashion,Running Shoes,2499,4,0.1,8996.4,Cash on Delivery,2
ORD03242,CUST0143,2025-09-06,Bengaluru,Electronics,Smart Watch,3999,3,0.0,11997.0,UPI,3
ORD03243,CUST0123,2024-06-30,Hyderabad,Electronics,Smart Watch,3999,4,0.15,13596.6,Credit Card,5
ORD03244,CUST0487,2024-08-02,Mumbai,Fashion,Women's Handbag,1899,4,0.15,6456.6,Cash on Delivery,2
ORD03245,CUST0237,2024-05-04,Bengaluru,Fashion,Women's Handbag,1899,1,0.0,1899.0,Wallet,1
ORD03246,CUST0155,2024-07-08,Mumbai,Home & Kitchen,Bedsheet Set,1299,3,0.0,3897.0,Cash on Delivery,1
ORD03247,CUST0659,2024-09-02,Chennai,Sports,Yoga Mat,899,1,0.15,764.15,Credit Card,3
ORD03248,CUST0087,2025-05-13,Mumbai,Sports,Yoga Mat,899,4,0.15,3056.6,UPI,1
ORD03249,CUST0386,2024-04-11,Bengaluru,Electronics,Wireless Headphones,2499,3,0.1,6747.3,Credit Card,7
ORD03250,CUST0527,2024-03-06,Hyderabad,Home & Kitchen,Coffee Maker,3499,3,0.1,9447.3,Debit Card,5
ORD03251,CUST0233,2024-05-26,Mumbai,Home & Kitchen,Water Bottle,499,4,0.15,1696.6,Debit Card,7
ORD03252,CUST0085,2024-08-27,Pune,Home & Kitchen,Bedsheet Set,1299,2,0.0,2598.0,Cash on Delivery,4
ORD03253,CUST0297,2025-01-20,Ahmedabad,Sports,Yoga Mat,899,3,0.05,2562.15,Debit Card,7
ORD03254,CUST0303,2025-09-21,Hyderabad,Fashion,Women's Handbag,1899,1,0.0,1899.0,Credit Card,6
ORD03255,CUST0511,2025-04-07,Pune,Sports,Dumbbell Set,2999,1,0.0,2999.0,Cash on Delivery,6
ORD03256,CUST0675,2024-06-30,Ahmedabad,Beauty,Hair Dryer,1999,1,0.05,1899.05,Cash on Delivery,1
ORD03257,CUST0718,2024-03-29,Hyderabad,Fashion,Men's T-Shirt,799,2,0.15,1358.3,Cash on Delivery,5
ORD03258,CUST0160,2024-03-02,Bengaluru,Electronics,Smart Watch,3999,1,0.15,3399.15,Credit Card,1
ORD03259,CUST0025,2025-03-28,Pune,Electronics,Smart Watch,3999,4,0.15,13596.6,Cash on Delivery,6
ORD03260,CUST0155,2024-05-18,Chennai,Beauty,Face Serum,999,3,0.0,2997.0,Cash on Delivery,1
ORD03261,CUST0388,2024-05-21,Kolkata,Sports,Cricket Bat,1799,2,0.0,3598.0,Wallet,3
ORD03262,CUST0293,2024-03-26,Bengaluru,Beauty,Face Serum,999,4,0.0,3996.0,Wallet,3
ORD03263,CUST0465,2024-09-07,Hyderabad,Fashion,Men's T-Shirt,799,1,0.0,799.0,Credit Card,5
ORD03264,CUST0213,2024-03-15,Bengaluru,Sports,Dumbbell Set,2999,2,0.0,5998.0,Debit Card,4
ORD03265,CUST0214,2025-09-19,Bengaluru,Home & Kitchen,Bedsheet Set,1299,4,0.1,4676.4,Cash on Delivery,7
ORD03266,CUST0675,2025-05-17,Chennai,Sports,Dumbbell Set,2999,3,0.0,8997.0,Cash on Delivery,4
ORD03267,CUST0537,2024-08-03,Bengaluru,Home & Kitchen,Bedsheet Set,1299,1,0.05,1234.05,UPI,1
ORD03268,CUST0168,2024-12-27,Pune,Electronics,Smart Watch,3999,1,0.1,3599.1,Cash on Delivery,3
ORD03269,CUST0066,2025-01-12,Bengaluru,Fashion,Women's Handbag,1899,4,0.0,7596.0,Cash on Delivery,2
ORD03270,CUST0501,2024-09-11,Hyderabad,Home & Kitchen,Coffee Maker,3499,3,0.0,10497.0,Cash on Delivery,3
ORD03271,CUST0542,2024-09-23,Ahmedabad,Beauty,Perfume,1499,4,0.1,5396.4,Wallet,3
ORD03272,CUST0592,2024-10-12,Kolkata,Sports,Cricket Bat,1799,2,0.0,3598.0,Debit Card,7
ORD03273,CUST0323,2024-05-21,Mumbai,Electronics,Wireless Headphones,2499,3,0.1,6747.3,Cash on Delivery,5
ORD03274,CUST0547,2025-01-27,Hyderabad,Fashion,Running Shoes,2499,4,0.05,9496.2,UPI,2
ORD03275,CUST0729,2025-03-03,Ahmedabad,Electronics,Smart Watch,3999,2,0.1,7198.2,Credit Card,5
ORD03276,CUST0452,2025-09-20,Chennai,Fashion,Running Shoes,2499,3,0.0,7497.0,Debit Card,6
ORD03277,CUST0113,2025-08-12,Kolkata,Home & Kitchen,Water Bottle,499,1,0.0,499.0,Cash on Delivery,7
ORD03278,CUST0300,2024-07-19,Ahmedabad,Home & Kitchen,Water Bottle,499,2,0.0,998.0,Cash on Delivery,5
ORD03279,CUST0475,2025-08-03,Bengaluru,Electronics,Smart Watch,3999,3,0.1,10797.3,Debit Card,1
ORD03280,CUST0209,2024-01-25,Chennai,Sports,Cricket Bat,1799,1,0.1,1619.1,Wallet,5
ORD03281,CUST0697,2025-07-22,Bengaluru,Fashion,Men's T-Shirt,799,3,0.1,2157.3,Credit Card,2
ORD03282,CUST0716,2025-08-04,Kolkata,Beauty,Perfume,1499,2,0.0,2998.0,Debit Card,1
ORD03283,CUST0405,2024-01-13,Chennai,Beauty,Hair Dryer,1999,4,0.1,7196.4,Cash on Delivery,6
ORD03284,CUST0206,2025-03-12,Mumbai,Fashion,Running Shoes,2499,2,0.15,4248.3,UPI,1
ORD03285,CUST0300,2025-06-14,Kolkata,Fashion,Men's T-Shirt,799,1,0.0,799.0,Credit Card,4
ORD03286,CUST0434,2024-08-05,Ahmedabad,Home & Kitchen,Bedsheet Set,1299,2,0.0,2598.0,Wallet,4
ORD03287,CUST0416,2025-09-11,Ahmedabad,Electronics,Bluetooth Speaker,1799,2,0.15,3058.3,UPI,6
ORD03288,CUST0622,2024-09-16,Kolkata,Fashion,Women's Handbag,1899,1,0.05,1804.05,Cash on Delivery,5
ORD03289,CUST0582,2024-10-13,Mumbai,Fashion,Men's T-Shirt,799,3,0.1,2157.3,UPI,7
ORD03290,CUST0782,2025-01-13,Delhi,Fashion,Men's T-Shirt,799,3,0.15,2037.45,Wallet,2
ORD03291,CUST0340,2024-04-20,Kolkata,Home & Kitchen,Water Bottle,499,1,0.0,499.0,Cash on Delivery,1
ORD03292,CUST0222,2024-02-19,Mumbai,Beauty,Hair Dryer,1999,1,0.15,1699.15,Debit Card,3
ORD03293,CUST0248,2024-10-05,Delhi,Electronics,Wireless Headphones,2499,3,0.0,7497.0,Debit Card,4
ORD03294,CUST0339,2024-08-06,Chennai,Beauty,Perfume,1499,3,0.0,4497.0,Wallet,6
ORD03295,CUST0470,2024-11-13,Hyderabad,Electronics,Smart Watch,3999,2,0.1,7198.2,Debit Card,5
ORD03296,CUST0106,2024-01-13,Pune,Electronics,Wireless Headphones,2499,1,0.15,2124.15,Wallet,3
ORD03297,CUST0462,2025-05-13,Kolkata,Beauty,Hair Dryer,1999,4,0.0,7996.0,UPI,1
ORD03298,CUST0415,2024-04-15,Chennai,Sports,Yoga Mat,899,2,0.1,1618.2,Cash on Delivery,6
ORD03299,CUST0529,2025-01-09,Pune,Electronics,Smart Watch,3999,1,0.0,3999.0,Cash on Delivery,7
ORD03300,CUST0585,2025-08-05,Ahmedabad,Sports,Cricket Bat,1799,1,0.0,1799.0,Cash on Delivery,4
ORD03301,CUST0424,2024-06-12,Delhi,Home & Kitchen,Bedsheet Set,1299,2,0.0,2598.0,Cash on Delivery,7
ORD03302,CUST0550,2024-12-06,Chennai,Electronics,Bluetooth Speaker,1799,3,0.0,5397.0,Debit Card,2
ORD03303,CUST0433,2024-12-22,Hyderabad,Home & Kitchen,Coffee Maker,3499,1,0.15,2974.15,Cash on Delivery,6
ORD03304,CUST0246,2025-01-08,Chennai,Fashion,Running Shoes,2499,3,0.0,7497.0,Wallet,6
ORD03305,CUST0398,2024-06-12,Pune,Sports,Dumbbell Set,2999,2,0.05,5698.1,Credit Card,1
ORD03306,CUST0045,2025-07-26,Delhi,Beauty,Perfume,1499,4,0.05,5696.2,Debit Card,5
ORD03307,CUST0620,2025-05-11,Chennai,Home & Kitchen,Coffee Maker,3499,4,0.15,11896.6,UPI,7
ORD03308,CUST0210,2024-12-15,Bengaluru,Fashion,Men's T-Shirt,799,2,0.15,1358.3,Cash on Delivery,2
ORD03309,CUST0663,2025-07-27,Chennai,Beauty,Hair Dryer,1999,4,0.15,6796.6,Debit Card,3
ORD03310,CUST0328,2024-06-17,Bengaluru,Electronics,Bluetooth Speaker,1799,3,0.0,5397.0,Wallet,3
ORD03311,CUST0558,2024-01-05,Ahmedabad,Home & Kitchen,Coffee Maker,3499,1,0.0,3499.0,Credit Card,1
ORD03312,CUST0655,2024-01-09,Ahmedabad,Sports,Dumbbell Set,2999,4,0.0,11996.0,Credit Card,5
ORD03313,CUST0765,2025-04-11,Delhi,Fashion,Women's Handbag,1899,4,0.1,6836.4,UPI,7
ORD03314,CUST0710,2024-05-11,Ahmedabad,Sports,Cricket Bat,1799,2,0.05,3418.1,Wallet,4
ORD03315,CUST0085,2025-03-29,Bengaluru,Fashion,Men's T-Shirt,799,1,0.0,799.0,UPI,1
ORD03316,CUST0303,2024-07-17,Kolkata,Fashion,Running Shoes,2499,3,0.0,7497.0,Cash on Delivery,2
ORD03317,CUST0097,2025-04-25,Pune,Electronics,Smart Watch,3999,4,0.1,14396.4,UPI,6
ORD03318,CUST0374,2025-01-20,Pune,Sports,Dumbbell Set,2999,4,0.0,11996.0,Debit Card,7
ORD03319,CUST0042,2024-10-30,Pune,Beauty,Hair Dryer,1999,4,0.1,7196.4,Wallet,7
ORD03320,CUST0018,2024-01-17,Hyderabad,Fashion,Men's T-Shirt,799,3,0.05,2277.15,Credit Card,2
ORD03321,CUST0800,2024-07-19,Ahmedabad,Home & Kitchen,Water Bottle,499,4,0.05,1896.2,Wallet,2
ORD03322,CUST0779,2024-03-18,Kolkata,Fashion,Men's T-Shirt,799,1,0.15,679.15,Credit Card,5
ORD03323,CUST0490,2024-10-18,Chennai,Electronics,Smart Watch,3999,1,0.05,3799.05,Cash on Delivery,1
ORD03324,CUST0085,2024-04-27,Hyderabad,Electronics,Smart Watch,3999,4,0.15,13596.6,UPI,6
ORD03325,CUST0430,2024-06-04,Mumbai,Electronics,Wireless Headphones,2499,1,0.1,2249.1,UPI,5
ORD03326,CUST0586,2025-07-27,Chennai,Electronics,Wireless Headphones,2499,4,0.05,9496.2,Debit Card,7
ORD03327,CUST0226,2024-07-27,Hyderabad,Beauty,Hair Dryer,1999,4,0.15,6796.6,Debit Card,5
ORD03328,CUST0092,2025-05-18,Bengaluru,Sports,Dumbbell Set,2999,2,0.05,5698.1,UPI,3
ORD03329,CUST0259,2024-04-03,Pune,Sports,Cricket Bat,1799,4,0.15,6116.6,Credit Card,6
ORD03330,CUST0160,2024-09-02,Mumbai,Sports,Cricket Bat,1799,4,0.05,6836.2,Credit Card,1
ORD03331,CUST0374,2025-03-09,Bengaluru,Beauty,Perfume,1499,2,0.1,2698.2,Wallet,2
ORD03332,CUST0171,2025-08-29,Ahmedabad,Home & Kitchen,Coffee Maker,3499,3,0.05,9972.15,Credit Card,3
ORD03333,CUST0560,2024-01-22,Pune,Electronics,Wireless Headphones,2499,1,0.0,2499.0,UPI,1
ORD03334,CUST0089,2024-11-23,Mumbai,Home & Kitchen,Bedsheet Set,1299,4,0.0,5196.0,Wallet,7
ORD03335,CUST0118,2025-05-22,Pune,Home & Kitchen,Coffee Maker,3499,2,0.0,6998.0,Credit Card,6
ORD03336,CUST0431,2024-11-23,Chennai,Electronics,Bluetooth Speaker,1799,2,0.0,3598.0,Cash on Delivery,5
ORD03337,CUST0740,2024-02-28,Mumbai,Fashion,Men's T-Shirt,799,1,0.0,799.0,Wallet,1
ORD03338,CUST0455,2025-07-20,Delhi,Sports,Dumbbell Set,2999,2,0.0,5998.0,UPI,7
ORD03339,CUST0660,2025-06-23,Chennai,Home & Kitchen,Bedsheet Set,1299,1,0.0,1299.0,Debit Card,6
ORD03340,CUST0775,2025-09-06,Bengaluru,Home & Kitchen,Water Bottle,499,3,0.15,1272.45,Wallet,6
ORD03341,CUST0724,2024-09-25,Chennai,Electronics,Bluetooth Speaker,1799,2,0.0,3598.0,Cash on Delivery,4
ORD03342,CUST0175,2025-02-07,Mumbai,Beauty,Face Serum,999,2,0.1,1798.2,Wallet,7
ORD03343,CUST0069,2025-06-16,Hyderabad,Electronics,Wireless Headphones,2499,2,0.1,4498.2,Wallet,3
ORD03344,CUST0356,2024-01-04,Chennai,Beauty,Perfume,1499,3,0.1,4047.3,UPI,7
ORD03345,CUST0691,2024-08-05,Chennai,Electronics,Wireless Headphones,2499,3,0.15,6372.45,UPI,7
ORD03346,CUST0459,2025-09-11,Kolkata,Sports,Cricket Bat,1799,4,0.0,7196.0,Credit Card,1
ORD03347,CUST0684,2024-05-23,Pune,Sports,Dumbbell Set,2999,1,0.05,2849.05,Wallet,2
ORD03348,CUST0416,2024-04-16,Ahmedabad,Beauty,Hair Dryer,1999,3,0.0,5997.0,Cash on Delivery,4
ORD03349,CUST0129,2025-02-11,Chennai,Electronics,Bluetooth Speaker,1799,4,0.1,6476.4,Cash on Delivery,2
ORD03350,CUST0747,2024-03-30,Pune,Beauty,Perfume,1499,3,0.0,4497.0,Credit Card,4
ORD03351,CUST0443,2025-03-11,Pune,Beauty,Face Serum,999,2,0.0,1998.0,Cash on Delivery,5
ORD03352,CUST0088,2025-02-10,Pune,Sports,Yoga Mat,899,2,0.1,1618.2,Debit Card,2
ORD03353,CUST0595,2024-10-25,Chennai,Fashion,Running Shoes,2499,1,0.1,2249.1,Debit Card,5
ORD03354,CUST0638,2024-12-15,Ahmedabad,Sports,Yoga Mat,899,2,0.05,1708.1,Cash on Delivery,4
ORD03355,CUST0390,2025-05-22,Kolkata,Fashion,Women's Handbag,1899,3,0.15,4842.45,UPI,5
ORD03356,CUST0325,2024-01-26,Mumbai,Fashion,Running Shoes,2499,3,0.15,6372.45,UPI,6
ORD03357,CUST0338,2025-01-31,Ahmedabad,Home & Kitchen,Water Bottle,499,4,0.0,1996.0,Wallet,5
ORD03358,CUST0361,2025-08-27,Pune,Fashion,Running Shoes,2499,1,0.0,2499.0,Debit Card,7
ORD03359,CUST0316,2024-04-26,Pune,Electronics,Bluetooth Speaker,1799,4,0.0,7196.0,UPI,1
ORD03360,CUST0269,2024-07-07,Kolkata,Home & Kitchen,Water Bottle,499,1,0.15,424.15,Wallet,6
ORD03361,CUST0358,2025-05-18,Ahmedabad,Fashion,Running Shoes,2499,4,0.15,8496.6,UPI,6
ORD03362,CUST0201,2025-08-26,Mumbai,Fashion,Running Shoes,2499,1,0.0,2499.0,UPI,1
ORD03363,CUST0401,2025-06-03,Mumbai,Fashion,Women's Handbag,1899,1,0.0,1899.0,Cash on Delivery,3
ORD03364,CUST0353,2025-09-07,Bengaluru,Fashion,Running Shoes,2499,1,0.1,2249.1,Credit Card,2
ORD03365,CUST0122,2024-08-03,Mumbai,Fashion,Men's T-Shirt,799,4,0.15,2716.6,Cash on Delivery,2
ORD03366,CUST0140,2024-01-21,Kolkata,Electronics,Wireless Headphones,2499,4,0.0,9996.0,Credit Card,4
ORD03367,CUST0373,2025-04-07,Chennai,Beauty,Face Serum,999,3,0.15,2547.45,Cash on Delivery,7
ORD03368,CUST0658,2024-04-04,Kolkata,Home & Kitchen,Water Bottle,499,3,0.1,1347.3,Debit Card,4
ORD03369,CUST0051,2024-09-18,Pune,Sports,Cricket Bat,1799,4,0.1,6476.4,Wallet,4
ORD03370,CUST0225,2025-01-16,Kolkata,Fashion,Women's Handbag,1899,3,0.05,5412.15,Debit Card,6
ORD03371,CUST0550,2025-07-16,Pune,Electronics,Smart Watch,3999,4,0.1,14396.4,Debit Card,7
ORD03372,CUST0304,2024-07-22,Chennai,Sports,Yoga Mat,899,3,0.15,2292.45,Debit Card,6
ORD03373,CUST0222,2025-05-21,Pune,Sports,Cricket Bat,1799,2,0.1,3238.2,Cash on Delivery,7
ORD03374,CUST0031,2024-06-06,Ahmedabad,Home & Kitchen,Bedsheet Set,1299,3,0.0,3897.0,Cash on Delivery,3
ORD03375,CUST0298,2025-09-15,Chennai,Sports,Cricket Bat,1799,1,0.15,1529.15,Credit Card,7
ORD03376,CUST0250,2024-11-03,Pune,Beauty,Perfume,1499,2,0.05,2848.1,Wallet,6
ORD03377,CUST0782,2024-01-25,Kolkata,Home & Kitchen,Bedsheet Set,1299,1,0.05,1234.05,Debit Card,7
ORD03378,CUST0545,2024-06-28,Kolkata,Electronics,Smart Watch,3999,1,0.15,3399.15,Cash on Delivery,4
ORD03379,CUST0202,2025-04-13,Kolkata,Fashion,Running Shoes,2499,1,0.0,2499.0,Credit Card,7
ORD03380,CUST0233,2025-04-02,Ahmedabad,Sports,Yoga Mat,899,1,0.1,809.1,Credit Card,7
ORD03381,CUST0248,2024-01-05,Mumbai,Sports,Cricket Bat,1799,3,0.05,5127.15,UPI,4
ORD03382,CUST0040,2024-12-28,Bengaluru,Fashion,Women's Handbag,1899,3,0.0,5697.0,UPI,3
ORD03383,CUST0320,2024-04-06,Chennai,Home & Kitchen,Water Bottle,499,2,0.15,848.3,Debit Card,2
ORD03384,CUST0791,2024-09-28,Chennai,Electronics,Wireless Headphones,2499,4,0.15,8496.6,Credit Card,7
ORD03385,CUST0739,2024-03-21,Delhi,Beauty,Perfume,1499,3,0.0,4497.0,UPI,2
ORD03386,CUST0282,2024-01-30,Bengaluru,Fashion,Running Shoes,2499,3,0.15,6372.45,Cash on Delivery,3
ORD03387,CUST0445,2025-07-18,Pune,Fashion,Women's Handbag,1899,3,0.0,5697.0,Credit Card,7
ORD03388,CUST0508,2025-01-07,Chennai,Home & Kitchen,Water Bottle,499,1,0.15,424.15,Wallet,2
ORD03389,CUST0351,2024-10-26,Delhi,Sports,Dumbbell Set,2999,3,0.05,8547.15,Debit Card,6
ORD03390,CUST0332,2024-08-25,Delhi,Beauty,Face Serum,999,1,0.15,849.15,UPI,4
ORD03391,CUST0706,2024-08-13,Ahmedabad,Home & Kitchen,Coffee Maker,3499,3,0.05,9972.15,UPI,7
ORD03392,CUST0111,2025-07-10,Pune,Beauty,Face Serum,999,4,0.0,3996.0,Cash on Delivery,2
ORD03393,CUST0144,2024-04-07,Delhi,Fashion,Women's Handbag,1899,3,0.1,5127.3,Debit Card,7
ORD03394,CUST0264,2025-03-11,Delhi,Beauty,Hair Dryer,1999,4,0.0,7996.0,Credit Card,7
ORD03395,CUST0524,2024-05-01,Ahmedabad,Beauty,Face Serum,999,3,0.15,2547.45,Cash on Delivery,2
ORD03396,CUST0240,2025-08-07,Delhi,Electronics,Bluetooth Speaker,1799,1,0.1,1619.1,Wallet,7
ORD03397,CUST0613,2025-09-25,Hyderabad,Beauty,Face Serum,999,1,0.0,999.0,UPI,4
ORD03398,CUST0730,2024-02-03,Hyderabad,Beauty,Face Serum,999,3,0.05,2847.15,Wallet,7
ORD03399,CUST0452,2025-03-04,Chennai,Sports,Dumbbell Set,2999,2,0.0,5998.0,UPI,2
ORD03400,CUST0544,2025-07-23,Mumbai,Fashion,Women's Handbag,1899,2,0.15,3228.3,Debit Card,5
ORD03401,CUST0149,2024-02-28,Hyderabad,Home & Kitchen,Water Bottle,499,3,0.0,1497.0,Wallet,7
ORD03402,CUST0696,2024-02-17,Bengaluru,Fashion,Women's Handbag,1899,3,0.05,5412.15,Wallet,2
ORD03403,CUST0483,2024-05-15,Hyderabad,Fashion,Men's T-Shirt,799,2,0.05,1518.1,Debit Card,4
ORD03404,CUST0066,2025-09-16,Delhi,Beauty,Hair Dryer,1999,2,0.15,3398.3,Debit Card,3
ORD03405,CUST0088,2024-07-17,Chennai,Sports,Yoga Mat,899,3,0.05,2562.15,Debit Card,2
ORD03406,CUST0040,2024-03-27,Bengaluru,Beauty,Perfume,1499,3,0.0,4497.0,Wallet,4
ORD03407,CUST0418,2024-01-17,Bengaluru,Beauty,Face Serum,999,1,0.05,949.05,Wallet,1
ORD03408,CUST0066,2024-12-13,Ahmedabad,Beauty,Perfume,1499,2,0.1,2698.2,Credit Card,7
ORD03409,CUST0702,2024-05-24,Delhi,Fashion,Running Shoes,2499,1,0.1,2249.1,UPI,6
ORD03410,CUST0161,2024-06-08,Delhi,Sports,Cricket Bat,1799,2,0.15,3058.3,Wallet,5
ORD03411,CUST0224,2025-03-29,Ahmedabad,Fashion,Women's Handbag,1899,1,0.05,1804.05,Cash on Delivery,7
ORD03412,CUST0579,2024-05-20,Ahmedabad,Beauty,Face Serum,999,1,0.05,949.05,Cash on Delivery,1
ORD03413,CUST0759,2025-09-01,Delhi,Beauty,Perfume,1499,3,0.05,4272.15,Debit Card,7
ORD03414,CUST0053,2024-11-21,Mumbai,Fashion,Men's T-Shirt,799,3,0.05,2277.15,Credit Card,1
ORD03415,CUST0574,2024-09-06,Ahmedabad,Fashion,Running Shoes,2499,4,0.15,8496.6,Wallet,5
ORD03416,CUST0175,2024-02-26,Hyderabad,Electronics,Wireless Headphones,2499,3,0.05,7122.15,Wallet,4
ORD03417,CUST0279,2024-02-18,Mumbai,Beauty,Hair Dryer,1999,1,0.0,1999.0,Wallet,7
ORD03418,CUST0305,2024-12-22,Delhi,Fashion,Women's Handbag,1899,4,0.1,6836.4,Wallet,6
ORD03419,CUST0099,2025-06-01,Mumbai,Fashion,Men's T-Shirt,799,4,0.15,2716.6,UPI,2
ORD03420,CUST0074,2024-06-25,Mumbai,Sports,Dumbbell Set,2999,2,0.1,5398.2,Debit Card,1
ORD03421,CUST0103,2024-03-02,Kolkata,Fashion,Men's T-Shirt,799,3,0.1,2157.3,Credit Card,2
ORD03422,CUST0174,2025-07-14,Hyderabad,Electronics,Wireless Headphones,2499,2,0.15,4248.3,Credit Card,2
ORD03423,CUST0536,2025-01-31,Delhi,Electronics,Bluetooth Speaker,1799,2,0.0,3598.0,Cash on Delivery,2
ORD03424,CUST0693,2025-08-01,Delhi,Beauty,Face Serum,999,2,0.15,1698.3,Cash on Delivery,2
ORD03425,CUST0607,2025-06-06,Kolkata,Beauty,Perfume,1499,1,0.1,1349.1,Cash on Delivery,4
ORD03426,CUST0363,2024-01-24,Bengaluru,Beauty,Face Serum,999,1,0.0,999.0,UPI,3
ORD03427,CUST0117,2025-04-12,Pune,Electronics,Wireless Headphones,2499,4,0.0,9996.0,Credit Card,3
ORD03428,CUST0329,2025-09-13,Delhi,Sports,Cricket Bat,1799,1,0.15,1529.15,Credit Card,2
ORD03429,CUST0800,2024-04-22,Delhi,Beauty,Face Serum,999,3,0.0,2997.0,Wallet,3
ORD03430,CUST0621,2025-03-06,Ahmedabad,Home & Kitchen,Coffee Maker,3499,3,0.05,9972.15,Credit Card,5
ORD03431,CUST0615,2024-04-27,Bengaluru,Beauty,Hair Dryer,1999,3,0.1,5397.3,Cash on Delivery,4
ORD03432,CUST0752,2025-04-01,Delhi,Beauty,Face Serum,999,2,0.1,1798.2,Wallet,5
ORD03433,CUST0363,2025-08-21,Pune,Beauty,Face Serum,999,4,0.0,3996.0,UPI,2
ORD03434,CUST0026,2024-08-12,Hyderabad,Beauty,Hair Dryer,1999,4,0.15,6796.6,Debit Card,4
ORD03435,CUST0538,2025-07-11,Ahmedabad,Fashion,Women's Handbag,1899,1,0.0,1899.0,Debit Card,7
ORD03436,CUST0684,2024-10-22,Pune,Electronics,Wireless Headphones,2499,2,0.0,4998.0,UPI,3
ORD03437,CUST0435,2025-05-21,Chennai,Home & Kitchen,Coffee Maker,3499,4,0.0,13996.0,Credit Card,1
ORD03438,CUST0427,2025-04-13,Delhi,Home & Kitchen,Bedsheet Set,1299,1,0.0,1299.0,Debit Card,2
ORD03439,CUST0233,2025-06-07,Delhi,Electronics,Smart Watch,3999,2,0.05,7598.1,Wallet,4
ORD03440,CUST0269,2025-03-01,Ahmedabad,Sports,Dumbbell Set,2999,4,0.0,11996.0,UPI,7
ORD03441,CUST0579,2025-07-05,Pune,Home & Kitchen,Coffee Maker,3499,3,0.1,9447.3,Wallet,5
ORD03442,CUST0573,2025-07-18,Chennai,Beauty,Face Serum,999,2,0.1,1798.2,UPI,1
ORD03443,CUST0657,2025-09-09,Chennai,Home & Kitchen,Bedsheet Set,1299,2,0.1,2338.2,Cash on Delivery,6
ORD03444,CUST0186,2025-08-13,Bengaluru,Fashion,Running Shoes,2499,1,0.05,2374.05,Wallet,1
ORD03445,CUST0613,2024-12-03,Chennai,Fashion,Women's Handbag,1899,1,0.1,1709.1,Debit Card,1
ORD03446,CUST0593,2024-05-28,Delhi,Electronics,Smart Watch,3999,1,0.1,3599.1,UPI,5
ORD03447,CUST0288,2024-06-09,Ahmedabad,Beauty,Face Serum,999,2,0.15,1698.3,UPI,5
ORD03448,CUST0458,2024-04-26,Pune,Fashion,Men's T-Shirt,799,1,0.15,679.15,UPI,7
ORD03449,CUST0747,2025-09-19,Kolkata,Beauty,Hair Dryer,1999,4,0.15,6796.6,Wallet,4
ORD03450,CUST0059,2025-09-06,Hyderabad,Home & Kitchen,Bedsheet Set,1299,4,0.15,4416.6,Credit Card,7
ORD03451,CUST0286,2024-04-23,Pune,Fashion,Men's T-Shirt,799,4,0.0,3196.0,Debit Card,4
ORD03452,CUST0548,2025-09-26,Delhi,Home & Kitchen,Bedsheet Set,1299,1,0.15,1104.15,UPI,4
ORD03453,CUST0250,2025-02-20,Delhi,Electronics,Smart Watch,3999,2,0.05,7598.1,Cash on Delivery,2
ORD03454,CUST0460,2024-12-26,Bengaluru,Electronics,Wireless Headphones,2499,4,0.05,9496.2,Cash on Delivery,1
ORD03455,CUST0224,2025-02-24,Ahmedabad,Beauty,Perfume,1499,3,0.15,3822.45,Wallet,5
ORD03456,CUST0664,2025-08-27,Mumbai,Electronics,Wireless Headphones,2499,2,0.15,4248.3,Cash on Delivery,5
ORD03457,CUST0659,2024-07-31,Mumbai,Fashion,Running Shoes,2499,1,0.0,2499.0,Cash on Delivery,1
ORD03458,CUST0118,2024-06-24,Pune,Beauty,Hair Dryer,1999,3,0.0,5997.0,Credit Card,7
ORD03459,CUST0482,2024-03-19,Hyderabad,Fashion,Women's Handbag,1899,1,0.0,1899.0,Debit Card,5
ORD03460,CUST0249,2024-02-27,Ahmedabad,Electronics,Wireless Headphones,2499,3,0.15,6372.45,Credit Card,5
ORD03461,CUST0796,2025-06-12,Hyderabad,Home & Kitchen,Bedsheet Set,1299,3,0.05,3702.15,Wallet,2
ORD03462,CUST0601,2025-09-04,Delhi,Home & Kitchen,Bedsheet Set,1299,4,0.0,5196.0,Credit Card,4
ORD03463,CUST0149,2024-06-06,Hyderabad,Home & Kitchen,Bedsheet Set,1299,2,0.15,2208.3,Debit Card,1
ORD03464,CUST0331,2024-07-07,Delhi,Beauty,Hair Dryer,1999,1,0.15,1699.15,Debit Card,7
ORD03465,CUST0724,2024-07-05,Chennai,Beauty,Hair Dryer,1999,2,0.0,3998.0,Cash on Delivery,7
ORD03466,CUST0613,2025-08-08,Kolkata,Electronics,Wireless Headphones,2499,4,0.0,9996.0,Debit Card,3
ORD03467,CUST0097,2024-08-27,Hyderabad,Electronics,Wireless Headphones,2499,3,0.05,7122.15,Cash on Delivery,2
ORD03468,CUST0613,2025-04-26,Pune,Electronics,Bluetooth Speaker,1799,2,0.0,3598.0,Wallet,6
ORD03469,CUST0713,2025-03-14,Kolkata,Home & Kitchen,Bedsheet Set,1299,1,0.15,1104.15,Debit Card,7
ORD03470,CUST0747,2024-10-11,Mumbai,Sports,Dumbbell Set,2999,4,0.0,11996.0,Wallet,6
ORD03471,CUST0496,2025-04-16,Chennai,Sports,Dumbbell Set,2999,2,0.0,5998.0,Debit Card,6
ORD03472,CUST0069,2024-03-06,Chennai,Electronics,Smart Watch,3999,4,0.15,13596.6,Credit Card,5
ORD03473,CUST0490,2024-01-30,Bengaluru,Beauty,Face Serum,999,4,0.1,3596.4,UPI,4
ORD03474,CUST0313,2024-07-03,Bengaluru,Fashion,Running Shoes,2499,3,0.0,7497.0,Credit Card,6
ORD03475,CUST0538,2025-09-23,Chennai,Fashion,Running Shoes,2499,3,0.0,7497.0,UPI,4
ORD03476,CUST0316,2024-11-16,Mumbai,Fashion,Men's T-Shirt,799,2,0.1,1438.2,UPI,5
ORD03477,CUST0173,2024-10-01,Kolkata,Electronics,Bluetooth Speaker,1799,3,0.05,5127.15,Wallet,7
ORD03478,CUST0251,2024-10-13,Hyderabad,Home & Kitchen,Water Bottle,499,1,0.0,499.0,UPI,6
ORD03479,CUST0719,2024-12-25,Delhi,Sports,Cricket Bat,1799,4,0.1,6476.4,UPI,6
ORD03480,CUST0281,2025-03-02,Mumbai,Sports,Cricket Bat,1799,1,0.05,1709.05,Wallet,7
ORD03481,CUST0360,2025-05-21,Chennai,Sports,Cricket Bat,1799,1,0.05,1709.05,Wallet,5
ORD03482,CUST0040,2025-04-23,Hyderabad,Sports,Dumbbell Set,2999,1,0.0,2999.0,Debit Card,7
ORD03483,CUST0521,2024-02-27,Bengaluru,Fashion,Women's Handbag,1899,3,0.0,5697.0,Cash on Delivery,7
ORD03484,CUST0326,2024-07-23,Pune,Electronics,Bluetooth Speaker,1799,1,0.0,1799.0,Debit Card,5
ORD03485,CUST0248,2024-06-27,Ahmedabad,Home & Kitchen,Water Bottle,499,2,0.0,998.0,Cash on Delivery,6
ORD03486,CUST0794,2024-06-26,Bengaluru,Beauty,Hair Dryer,1999,4,0.15,6796.6,Wallet,3
ORD03487,CUST0257,2025-08-05,Delhi,Fashion,Men's T-Shirt,799,4,0.0,3196.0,UPI,6
ORD03488,CUST0313,2024-08-24,Bengaluru,Sports,Yoga Mat,899,1,0.15,764.15,Debit Card,6
ORD03489,CUST0690,2025-03-10,Bengaluru,Fashion,Women's Handbag,1899,1,0.1,1709.1,Wallet,6
ORD03490,CUST0308,2024-07-25,Chennai,Fashion,Women's Handbag,1899,4,0.0,7596.0,Credit Card,3
ORD03491,CUST0391,2025-06-23,Pune,Fashion,Women's Handbag,1899,3,0.0,5697.0,Wallet,3
ORD03492,CUST0180,2024-10-21,Kolkata,Electronics,Bluetooth Speaker,1799,4,0.05,6836.2,Credit Card,6
ORD03493,CUST0568,2024-05-16,Hyderabad,Sports,Yoga Mat,899,4,0.15,3056.6,Debit Card,1
ORD03494,CUST0592,2024-01-23,Hyderabad,Beauty,Hair Dryer,1999,2,0.05,3798.1,Credit Card,7
ORD03495,CUST0492,2024-10-05,Mumbai,Sports,Dumbbell Set,2999,3,0.15,7647.45,Credit Card,5
ORD03496,CUST0215,2024-11-30,Hyderabad,Beauty,Perfume,1499,4,0.05,5696.2,Wallet,1
ORD03497,CUST0469,2024-09-21,Delhi,Beauty,Hair Dryer,1999,3,0.0,5997.0,Wallet,5
ORD03498,CUST0349,2025-08-25,Kolkata,Fashion,Men's T-Shirt,799,1,0.15,679.15,Credit Card,5
ORD03499,CUST0758,2024-10-18,Pune,Sports,Cricket Bat,1799,2,0.05,3418.1,Cash on Delivery,5
ORD03500,CUST0626,2025-07-05,Kolkata,Beauty,Hair Dryer,1999,4,0.15,6796.6,Cash on Delivery,1
ORD03501,CUST0444,2024-01-23,Mumbai,Beauty,Perfume,1499,1,0.1,1349.1,UPI,7
ORD03502,CUST0027,2024-03-23,Chennai,Home & Kitchen,Bedsheet Set,1299,4,0.0,5196.0,Wallet,3
ORD03503,CUST0368,2025-05-06,Pune,Beauty,Face Serum,999,3,0.1,2697.3,Cash on Delivery,6
ORD03504,CUST0746,2025-07-09,Pune,Home & Kitchen,Water Bottle,499,3,0.0,1497.0,UPI,6
ORD03505,CUST0577,2024-09-24,Bengaluru,Electronics,Smart Watch,3999,4,0.05,15196.2,Credit Card,3
ORD03506,CUST0336,2025-06-13,Mumbai,Fashion,Women's Handbag,1899,4,0.15,6456.6,Debit Card,3
ORD03507,CUST0725,2025-02-22,Chennai,Electronics,Bluetooth Speaker,1799,3,0.1,4857.3,Cash on Delivery,3
ORD03508,CUST0575,2024-07-01,Pune,Home & Kitchen,Water Bottle,499,2,0.05,948.1,UPI,4
ORD03509,CUST0128,2025-04-01,Kolkata,Sports,Dumbbell Set,2999,2,0.05,5698.1,UPI,7
ORD03510,CUST0332,2025-07-05,Ahmedabad,Fashion,Women's Handbag,1899,1,0.0,1899.0,Cash on Delivery,6
ORD03511,CUST0645,2024-03-14,Pune,Fashion,Women's Handbag,1899,3,0.15,4842.45,Credit Card,5
ORD03512,CUST0054,2025-07-26,Pune,Home & Kitchen,Bedsheet Set,1299,2,0.1,2338.2,Credit Card,3
ORD03513,CUST0023,2024-03-27,Delhi,Sports,Cricket Bat,1799,2,0.0,3598.0,Credit Card,4
ORD03514,CUST0087,2024-12-07,Chennai,Sports,Dumbbell Set,2999,4,0.15,10196.6,UPI,7
ORD03515,CUST0471,2025-05-16,Hyderabad,Home & Kitchen,Bedsheet Set,1299,3,0.0,3897.0,Wallet,4
ORD03516,CUST0425,2024-12-01,Bengaluru,Beauty,Face Serum,999,2,0.1,1798.2,UPI,2
ORD03517,CUST0217,2024-10-15,Kolkata,Beauty,Face Serum,999,3,0.05,2847.15,Cash on Delivery,5
ORD03518,CUST0551,2024-04-17,Delhi,Sports,Cricket Bat,1799,2,0.0,3598.0,Credit Card,2
ORD03519,CUST0489,2024-03-31,Mumbai,Fashion,Women's Handbag,1899,4,0.1,6836.4,Cash on Delivery,2
ORD03520,CUST0473,2024-12-31,Ahmedabad,Electronics,Smart Watch,3999,3,0.05,11397.15,Cash on Delivery,2
ORD03521,CUST0456,2025-02-05,Hyderabad,Beauty,Face Serum,999,4,0.0,3996.0,UPI,5
ORD03522,CUST0508,2024-09-28,Hyderabad,Sports,Dumbbell Set,2999,4,0.1,10796.4,Wallet,3
ORD03523,CUST0730,2025-05-29,Hyderabad,Home & Kitchen,Bedsheet Set,1299,2,0.05,2468.1,Credit Card,5
ORD03524,CUST0029,2024-09-16,Chennai,Home & Kitchen,Water Bottle,499,4,0.1,1796.4,Cash on Delivery,4
ORD03525,CUST0272,2024-01-26,Bengaluru,Beauty,Hair Dryer,1999,4,0.05,7596.2,UPI,7
ORD03526,CUST0316,2024-03-23,Ahmedabad,Beauty,Hair Dryer,1999,4,0.05,7596.2,Debit Card,2
ORD03527,CUST0785,2025-04-27,Chennai,Home & Kitchen,Water Bottle,499,1,0.05,474.05,Credit Card,1
ORD03528,CUST0585,2024-02-17,Kolkata,Sports,Dumbbell Set,2999,1,0.0,2999.0,UPI,7
ORD03529,CUST0154,2025-06-02,Chennai,Beauty,Hair Dryer,1999,4,0.05,7596.2,Debit Card,6
ORD03530,CUST0671,2024-12-07,Pune,Home & Kitchen,Coffee Maker,3499,2,0.15,5948.3,Debit Card,2
ORD03531,CUST0441,2025-02-25,Mumbai,Home & Kitchen,Water Bottle,499,2,0.0,998.0,UPI,7
ORD03532,CUST0755,2025-08-07,Delhi,Electronics,Smart Watch,3999,4,0.0,15996.0,UPI,1
ORD03533,CUST0081,2024-03-20,Pune,Fashion,Women's Handbag,1899,3,0.1,5127.3,Debit Card,1
ORD03534,CUST0221,2025-05-29,Ahmedabad,Electronics,Bluetooth Speaker,1799,1,0.05,1709.05,Debit Card,4
ORD03535,CUST0460,2025-04-26,Pune,Beauty,Face Serum,999,3,0.05,2847.15,UPI,5
ORD03536,CUST0738,2024-10-14,Ahmedabad,Beauty,Perfume,1499,4,0.0,5996.0,Wallet,4
ORD03537,CUST0726,2024-05-30,Mumbai,Beauty,Perfume,1499,4,0.15,5096.6,Debit Card,6
ORD03538,CUST0601,2025-09-06,Hyderabad,Fashion,Women's Handbag,1899,4,0.05,7216.2,UPI,5
ORD03539,CUST0709,2024-08-26,Chennai,Sports,Yoga Mat,899,3,0.0,2697.0,UPI,6
ORD03540,CUST0293,2025-03-08,Mumbai,Fashion,Running Shoes,2499,2,0.1,4498.2,Debit Card,3
ORD03541,CUST0433,2025-07-01,Bengaluru,Beauty,Perfume,1499,2,0.15,2548.3,Credit Card,1
ORD03542,CUST0091,2024-08-09,Pune,Home & Kitchen,Water Bottle,499,3,0.0,1497.0,Cash on Delivery,1
ORD03543,CUST0219,2024-09-06,Delhi,Home & Kitchen,Coffee Maker,3499,3,0.1,9447.3,Debit Card,4
ORD03544,CUST0307,2025-04-11,Kolkata,Sports,Cricket Bat,1799,2,0.05,3418.1,Credit Card,1
ORD03545,CUST0018,2024-04-15,Bengaluru,Fashion,Women's Handbag,1899,3,0.05,5412.15,Credit Card,7
ORD03546,CUST0551,2024-03-25,Pune,Sports,Cricket Bat,1799,2,0.05,3418.1,Cash on Delivery,3
ORD03547,CUST0093,2024-07-27,Chennai,Beauty,Hair Dryer,1999,3,0.0,5997.0,Debit Card,1
ORD03548,CUST0364,2024-05-24,Hyderabad,Sports,Dumbbell Set,2999,2,0.0,5998.0,Credit Card,3
ORD03549,CUST0637,2024-08-03,Hyderabad,Beauty,Hair Dryer,1999,1,0.05,1899.05,Credit Card,6
ORD03550,CUST0060,2025-09-26,Kolkata,Electronics,Smart Watch,3999,3,0.05,11397.15,UPI,2
ORD03551,CUST0114,2025-06-15,Pune,Sports,Cricket Bat,1799,3,0.05,5127.15,Cash on Delivery,3
ORD03552,CUST0100,2024-07-29,Chennai,Sports,Yoga Mat,899,2,0.15,1528.3,Debit Card,5
ORD03553,CUST0546,2024-07-19,Delhi,Sports,Yoga Mat,899,1,0.0,899.0,Debit Card,7
ORD03554,CUST0178,2025-09-13,Kolkata,Beauty,Face Serum,999,3,0.0,2997.0,Credit Card,1
ORD03555,CUST0602,2024-02-23,Delhi,Sports,Cricket Bat,1799,4,0.0,7196.0,Credit Card,1
ORD03556,CUST0303,2024-07-16,Delhi,Sports,Cricket Bat,1799,2,0.1,3238.2,UPI,3
ORD03557,CUST0341,2024-03-26,Hyderabad,Beauty,Face Serum,999,2,0.0,1998.0,Debit Card,2
ORD03558,CUST0195,2024-02-09,Mumbai,Electronics,Wireless Headphones,2499,3,0.0,7497.0,Debit Card,3
ORD03559,CUST0688,2024-03-31,Delhi,Electronics,Smart Watch,3999,4,0.15,13596.6,UPI,5
ORD03560,CUST0468,2024-11-23,Pune,Beauty,Hair Dryer,1999,3,0.05,5697.15,Cash on Delivery,2
ORD03561,CUST0760,2025-07-25,Bengaluru,Home & Kitchen,Coffee Maker,3499,3,0.0,10497.0,Wallet,5
ORD03562,CUST0274,2025-09-04,Hyderabad,Electronics,Wireless Headphones,2499,4,0.15,8496.6,Credit Card,1
ORD03563,CUST0024,2024-04-15,Pune,Beauty,Hair Dryer,1999,1,0.15,1699.15,UPI,6
ORD03564,CUST0018,2024-04-05,Mumbai,Beauty,Perfume,1499,4,0.15,5096.6,Wallet,6
ORD03565,CUST0415,2024-05-06,Bengaluru,Fashion,Men's T-Shirt,799,3,0.0,2397.0,Cash on Delivery,7
ORD03566,CUST0365,2025-05-26,Pune,Sports,Yoga Mat,899,2,0.0,1798.0,Credit Card,6
ORD03567,CUST0542,2024-02-01,Chennai,Beauty,Perfume,1499,4,0.0,5996.0,Debit Card,4
ORD03568,CUST0354,2024-01-12,Chennai,Sports,Dumbbell Set,2999,1,0.0,2999.0,Credit Card,6
ORD03569,CUST0643,2025-07-18,Ahmedabad,Home & Kitchen,Coffee Maker,3499,2,0.0,6998.0,UPI,6
ORD03570,CUST0661,2024-02-17,Ahmedabad,Fashion,Men's T-Shirt,799,2,0.0,1598.0,Debit Card,5
ORD03571,CUST0196,2024-09-17,Ahmedabad,Home & Kitchen,Bedsheet Set,1299,4,0.0,5196.0,UPI,2
ORD03572,CUST0191,2024-12-08,Mumbai,Sports,Cricket Bat,1799,1,0.05,1709.05,Debit Card,6
ORD03573,CUST0410,2025-06-12,Mumbai,Sports,Dumbbell Set,2999,1,0.0,2999.0,Cash on Delivery,1
ORD03574,CUST0269,2024-07-05,Mumbai,Home & Kitchen,Bedsheet Set,1299,1,0.0,1299.0,Cash on Delivery,7
ORD03575,CUST0409,2025-04-06,Hyderabad,Home & Kitchen,Coffee Maker,3499,4,0.05,13296.2,UPI,6
ORD03576,CUST0747,2025-05-29,Hyderabad,Sports,Yoga Mat,899,3,0.0,2697.0,Cash on Delivery,4
ORD03577,CUST0338,2025-02-02,Hyderabad,Home & Kitchen,Water Bottle,499,1,0.0,499.0,Cash on Delivery,7
ORD03578,CUST0523,2025-06-04,Ahmedabad,Fashion,Men's T-Shirt,799,4,0.15,2716.6,Cash on Delivery,3
ORD03579,CUST0399,2024-07-29,Mumbai,Beauty,Perfume,1499,2,0.0,2998.0,Cash on Delivery,6
ORD03580,CUST0745,2024-04-10,Chennai,Fashion,Men's T-Shirt,799,1,0.0,799.0,Wallet,4
ORD03581,CUST0682,2024-10-10,Ahmedabad,Electronics,Smart Watch,3999,4,0.15,13596.6,UPI,7
ORD03582,CUST0018,2025-06-05,Chennai,Sports,Dumbbell Set,2999,1,0.0,2999.0,Debit Card,1
ORD03583,CUST0173,2025-07-27,Kolkata,Home & Kitchen,Bedsheet Set,1299,3,0.0,3897.0,Debit Card,1
ORD03584,CUST0577,2025-04-15,Mumbai,Sports,Dumbbell Set,2999,1,0.05,2849.05,Debit Card,2
ORD03585,CUST0603,2024-09-02,Hyderabad,Home & Kitchen,Coffee Maker,3499,2,0.15,5948.3,UPI,6
ORD03586,CUST0340,2025-07-31,Chennai,Beauty,Hair Dryer,1999,2,0.0,3998.0,Credit Card,6
ORD03587,CUST0523,2024-09-18,Pune,Beauty,Hair Dryer,1999,1,0.15,1699.15,Wallet,6
ORD03588,CUST0171,2025-08-30,Hyderabad,Beauty,Hair Dryer,1999,4,0.0,7996.0,Wallet,6
ORD03589,CUST0779,2024-01-02,Delhi,Fashion,Men's T-Shirt,799,2,0.15,1358.3,Wallet,2
ORD03590,CUST0448,2024-02-12,Hyderabad,Fashion,Men's T-Shirt,799,3,0.0,2397.0,Cash on Delivery,5
ORD03591,CUST0655,2025-02-23,Ahmedabad,Home & Kitchen,Bedsheet Set,1299,4,0.1,4676.4,Wallet,1
ORD03592,CUST0225,2025-07-18,Ahmedabad,Sports,Cricket Bat,1799,3,0.05,5127.15,Debit Card,6
ORD03593,CUST0343,2025-05-01,Bengaluru,Home & Kitchen,Bedsheet Set,1299,3,0.15,3312.45,UPI,2
ORD03594,CUST0331,2025-05-04,Hyderabad,Home & Kitchen,Bedsheet Set,1299,2,0.0,2598.0,Debit Card,5
ORD03595,CUST0726,2025-07-04,Ahmedabad,Fashion,Running Shoes,2499,4,0.05,9496.2,Debit Card,1
ORD03596,CUST0701,2025-01-30,Bengaluru,Electronics,Bluetooth Speaker,1799,3,0.15,4587.45,Cash on Delivery,4
ORD03597,CUST0505,2025-09-25,Pune,Home & Kitchen,Water Bottle,499,1,0.15,424.15,Debit Card,3
ORD03598,CUST0074,2024-11-21,Hyderabad,Fashion,Women's Handbag,1899,4,0.05,7216.2,Cash on Delivery,3
ORD03599,CUST0614,2025-06-26,Pune,Electronics,Bluetooth Speaker,1799,4,0.1,6476.4,Credit Card,6
ORD03600,CUST0189,2025-05-31,Mumbai,Electronics,Wireless Headphones,2499,2,0.05,4748.1,UPI,4
ORD03601,CUST0487,2025-08-12,Bengaluru,Fashion,Men's T-Shirt,799,1,0.05,759.05,Credit Card,3
ORD03602,CUST0313,2024-08-08,Bengaluru,Fashion,Men's T-Shirt,799,3,0.15,2037.45,Cash on Delivery,4
ORD03603,CUST0785,2025-06-16,Kolkata,Beauty,Perfume,1499,1,0.15,1274.15,Cash on Delivery,6
ORD03604,CUST0209,2024-01-09,Chennai,Electronics,Wireless Headphones,2499,1,0.05,2374.05,Debit Card,5
ORD03605,CUST0766,2025-03-25,Chennai,Electronics,Wireless Headphones,2499,3,0.0,7497.0,Debit Card,7
ORD03606,CUST0355,2024-04-16,Hyderabad,Sports,Cricket Bat,1799,4,0.1,6476.4,Debit Card,3
ORD03607,CUST0158,2025-08-22,Pune,Beauty,Face Serum,999,3,0.0,2997.0,UPI,5
ORD03608,CUST0508,2024-05-21,Bengaluru,Beauty,Hair Dryer,1999,3,0.1,5397.3,UPI,6
ORD03609,CUST0640,2024-11-02,Delhi,Home & Kitchen,Bedsheet Set,1299,2,0.1,2338.2,UPI,5
ORD03610,CUST0757,2025-03-31,Bengaluru,Fashion,Running Shoes,2499,3,0.1,6747.3,Wallet,3
ORD03611,CUST0740,2024-11-24,Chennai,Electronics,Wireless Headphones,2499,1,0.05,2374.05,Wallet,2
ORD03612,CUST0328,2024-12-14,Bengaluru,Electronics,Bluetooth Speaker,1799,4,0.1,6476.4,UPI,2
ORD03613,CUST0622,2024-08-10,Hyderabad,Beauty,Face Serum,999,4,0.05,3796.2,Cash on Delivery,4
ORD03614,CUST0457,2024-01-03,Mumbai,Sports,Cricket Bat,1799,3,0.1,4857.3,Cash on Delivery,7
ORD03615,CUST0067,2025-05-31,Ahmedabad,Home & Kitchen,Water Bottle,499,1,0.15,424.15,Cash on Delivery,3
ORD03616,CUST0307,2024-10-10,Delhi,Home & Kitchen,Water Bottle,499,2,0.15,848.3,Debit Card,5
ORD03617,CUST0283,2025-03-15,Bengaluru,Fashion,Women's Handbag,1899,2,0.0,3798.0,Wallet,7
ORD03618,CUST0279,2025-05-02,Ahmedabad,Fashion,Running Shoes,2499,3,0.15,6372.45,Cash on Delivery,4
ORD03619,CUST0493,2024-02-07,Mumbai,Home & Kitchen,Coffee Maker,3499,3,0.15,8922.45,Debit Card,3
ORD03620,CUST0228,2024-11-09,Pune,Home & Kitchen,Bedsheet Set,1299,3,0.0,3897.0,Wallet,4
ORD03621,CUST0179,2025-07-31,Bengaluru,Beauty,Face Serum,999,3,0.1,2697.3,UPI,7
ORD03622,CUST0711,2025-02-18,Chennai,Sports,Cricket Bat,1799,1,0.1,1619.1,Debit Card,7
ORD03623,CUST0475,2025-08-30,Ahmedabad,Electronics,Smart Watch,3999,2,0.05,7598.1,UPI,1
ORD03624,CUST0474,2024-09-15,Ahmedabad,Electronics,Wireless Headphones,2499,1,0.05,2374.05,Credit Card,7
ORD03625,CUST0676,2024-03-14,Kolkata,Home & Kitchen,Bedsheet Set,1299,3,0.0,3897.0,Wallet,4
ORD03626,CUST0513,2025-04-24,Hyderabad,Fashion,Men's T-Shirt,799,3,0.05,2277.15,Cash on Delivery,3
ORD03627,CUST0317,2025-05-14,Delhi,Electronics,Wireless Headphones,2499,3,0.05,7122.15,Cash on Delivery,5
ORD03628,CUST0635,2024-08-07,Hyderabad,Home & Kitchen,Bedsheet Set,1299,3,0.1,3507.3,Credit Card,2
ORD03629,CUST0566,2024-12-23,Mumbai,Fashion,Running Shoes,2499,3,0.05,7122.15,Wallet,7
ORD03630,CUST0514,2025-01-05,Delhi,Home & Kitchen,Coffee Maker,3499,3,0.1,9447.3,Cash on Delivery,4
ORD03631,CUST0421,2024-07-17,Bengaluru,Electronics,Wireless Headphones,2499,3,0.0,7497.0,Credit Card,2
ORD03632,CUST0477,2024-01-19,Delhi,Home & Kitchen,Coffee Maker,3499,1,0.05,3324.05,Debit Card,4
ORD03633,CUST0686,2025-05-19,Ahmedabad,Sports,Cricket Bat,1799,1,0.05,1709.05,Credit Card,3
ORD03634,CUST0349,2025-08-08,Mumbai,Electronics,Bluetooth Speaker,1799,3,0.05,5127.15,Wallet,6
ORD03635,CUST0038,2025-02-16,Delhi,Fashion,Women's Handbag,1899,3,0.05,5412.15,Cash on Delivery,1
ORD03636,CUST0080,2024-01-20,Ahmedabad,Fashion,Running Shoes,2499,4,0.0,9996.0,Debit Card,5
ORD03637,CUST0768,2025-03-24,Mumbai,Electronics,Bluetooth Speaker,1799,1,0.0,1799.0,Cash on Delivery,4
ORD03638,CUST0501,2024-02-04,Pune,Sports,Dumbbell Set,2999,3,0.15,7647.45,Wallet,2
ORD03639,CUST0721,2025-02-11,Bengaluru,Sports,Cricket Bat,1799,3,0.0,5397.0,UPI,6
ORD03640,CUST0435,2025-08-22,Ahmedabad,Home & Kitchen,Bedsheet Set,1299,2,0.15,2208.3,Cash on Delivery,6
ORD03641,CUST0246,2025-05-13,Hyderabad,Fashion,Women's Handbag,1899,2,0.1,3418.2,Debit Card,6
ORD03642,CUST0060,2025-05-15,Ahmedabad,Sports,Dumbbell Set,2999,4,0.0,11996.0,Credit Card,2
ORD03643,CUST0219,2024-03-28,Chennai,Sports,Dumbbell Set,2999,2,0.05,5698.1,Debit Card,7
ORD03644,CUST0195,2024-10-05,Mumbai,Electronics,Wireless Headphones,2499,1,0.0,2499.0,Wallet,4
ORD03645,CUST0233,2025-09-21,Pune,Home & Kitchen,Water Bottle,499,4,0.05,1896.2,Cash on Delivery,7
ORD03646,CUST0453,2025-02-27,Delhi,Fashion,Women's Handbag,1899,4,0.15,6456.6,Debit Card,5
ORD03647,CUST0690,2025-04-12,Chennai,Electronics,Wireless Headphones,2499,1,0.0,2499.0,Debit Card,7
ORD03648,CUST0526,2024-01-26,Bengaluru,Beauty,Hair Dryer,1999,2,0.1,3598.2,Debit Card,2
ORD03649,CUST0725,2024-09-27,Delhi,Beauty,Face Serum,999,4,0.15,3396.6,Credit Card,5
ORD03650,CUST0091,2024-04-16,Bengaluru,Sports,Cricket Bat,1799,4,0.15,6116.6,Credit Card,2
ORD03651,CUST0163,2024-11-26,Pune,Fashion,Men's T-Shirt,799,3,0.0,2397.0,UPI,1
ORD03652,CUST0314,2025-09-25,Pune,Sports,Cricket Bat,1799,2,0.05,3418.1,Debit Card,4
ORD03653,CUST0717,2025-01-16,Chennai,Home & Kitchen,Bedsheet Set,1299,3,0.1,3507.3,Credit Card,3
ORD03654,CUST0534,2024-04-22,Delhi,Home & Kitchen,Coffee Maker,3499,3,0.0,10497.0,Wallet,6
ORD03655,CUST0193,2025-04-05,Mumbai,Home & Kitchen,Water Bottle,499,2,0.1,898.2,Debit Card,2
ORD03656,CUST0456,2024-08-09,Pune,Electronics,Wireless Headphones,2499,1,0.15,2124.15,Wallet,3
ORD03657,CUST0267,2024-03-23,Pune,Electronics,Bluetooth Speaker,1799,3,0.1,4857.3,Credit Card,2
ORD03658,CUST0204,2024-09-06,Chennai,Electronics,Wireless Headphones,2499,3,0.15,6372.45,Debit Card,3
ORD03659,CUST0174,2025-03-29,Chennai,Electronics,Wireless Headphones,2499,1,0.0,2499.0,Cash on Delivery,1
ORD03660,CUST0480,2024-10-25,Ahmedabad,Fashion,Men's T-Shirt,799,4,0.1,2876.4,UPI,6
ORD03661,CUST0112,2025-03-21,Chennai,Sports,Yoga Mat,899,4,0.1,3236.4,Cash on Delivery,4
ORD03662,CUST0432,2025-05-09,Ahmedabad,Fashion,Running Shoes,2499,3,0.0,7497.0,UPI,6
ORD03663,CUST0043,2024-05-30,Kolkata,Beauty,Face Serum,999,1,0.1,899.1,Wallet,5
ORD03664,CUST0514,2024-04-15,Pune,Sports,Cricket Bat,1799,1,0.05,1709.05,Wallet,2
ORD03665,CUST0671,2024-10-31,Hyderabad,Electronics,Wireless Headphones,2499,2,0.1,4498.2,Cash on Delivery,3
ORD03666,CUST0603,2024-04-21,Delhi,Sports,Cricket Bat,1799,4,0.05,6836.2,Cash on Delivery,1
ORD03667,CUST0397,2024-01-21,Kolkata,Home & Kitchen,Bedsheet Set,1299,2,0.15,2208.3,Wallet,1
ORD03668,CUST0306,2024-08-22,Bengaluru,Sports,Dumbbell Set,2999,4,0.0,11996.0,Debit Card,7
ORD03669,CUST0566,2024-05-06,Delhi,Electronics,Bluetooth Speaker,1799,4,0.0,7196.0,Debit Card,5
ORD03670,CUST0146,2025-07-11,Pune,Sports,Yoga Mat,899,2,0.1,1618.2,Cash on Delivery,1
ORD03671,CUST0253,2024-12-06,Delhi,Beauty,Hair Dryer,1999,2,0.0,3998.0,Wallet,2
ORD03672,CUST0412,2024-06-24,Mumbai,Beauty,Perfume,1499,2,0.05,2848.1,Credit Card,2
ORD03673,CUST0467,2025-06-06,Hyderabad,Electronics,Smart Watch,3999,1,0.15,3399.15,Debit Card,5
ORD03674,CUST0559,2025-01-11,Chennai,Electronics,Wireless Headphones,2499,2,0.0,4998.0,Wallet,7
ORD03675,CUST0371,2025-02-22,Ahmedabad,Home & Kitchen,Water Bottle,499,1,0.0,499.0,Credit Card,7
ORD03676,CUST0260,2024-12-12,Pune,Home & Kitchen,Water Bottle,499,4,0.05,1896.2,Wallet,2
ORD03677,CUST0312,2024-03-24,Mumbai,Home & Kitchen,Water Bottle,499,1,0.0,499.0,UPI,2
ORD03678,CUST0339,2025-08-08,Hyderabad,Sports,Yoga Mat,899,2,0.0,1798.0,Wallet,6
ORD03679,CUST0013,2025-08-15,Chennai,Sports,Dumbbell Set,2999,4,0.15,10196.6,Debit Card,7
ORD03680,CUST0084,2025-05-19,Ahmedabad,Sports,Cricket Bat,1799,1,0.1,1619.1,UPI,2
ORD03681,CUST0059,2025-04-07,Kolkata,Electronics,Smart Watch,3999,4,0.15,13596.6,UPI,2
ORD03682,CUST0096,2024-12-03,Pune,Home & Kitchen,Bedsheet Set,1299,4,0.0,5196.0,Debit Card,5
ORD03683,CUST0459,2024-09-01,Pune,Fashion,Running Shoes,2499,3,0.0,7497.0,Wallet,3
ORD03684,CUST0476,2025-04-13,Pune,Electronics,Bluetooth Speaker,1799,4,0.1,6476.4,UPI,1
ORD03685,CUST0672,2024-11-28,Ahmedabad,Beauty,Hair Dryer,1999,2,0.05,3798.1,Credit Card,7
ORD03686,CUST0234,2024-02-15,Chennai,Electronics,Bluetooth Speaker,1799,4,0.0,7196.0,Credit Card,3
ORD03687,CUST0271,2025-05-26,Hyderabad,Sports,Cricket Bat,1799,4,0.05,6836.2,UPI,7
ORD03688,CUST0601,2024-02-14,Kolkata,Electronics,Smart Watch,3999,3,0.15,10197.45,Cash on Delivery,6
ORD03689,CUST0021,2025-01-31,Hyderabad,Fashion,Men's T-Shirt,799,1,0.05,759.05,Debit Card,2
ORD03690,CUST0369,2025-08-20,Kolkata,Beauty,Face Serum,999,4,0.15,3396.6,Cash on Delivery,4
ORD03691,CUST0590,2025-05-10,Ahmedabad,Electronics,Wireless Headphones,2499,1,0.0,2499.0,Cash on Delivery,3
ORD03692,CUST0350,2025-03-04,Ahmedabad,Beauty,Hair Dryer,1999,3,0.05,5697.15,Credit Card,5
ORD03693,CUST0700,2025-01-31,Chennai,Sports,Cricket Bat,1799,2,0.0,3598.0,Debit Card,5
ORD03694,CUST0011,2025-08-16,Kolkata,Home & Kitchen,Coffee Maker,3499,1,0.0,3499.0,Cash on Delivery,5
ORD03695,CUST0389,2025-03-20,Bengaluru,Home & Kitchen,Bedsheet Set,1299,4,0.0,5196.0,Cash on Delivery,1
ORD03696,CUST0488,2025-07-15,Mumbai,Fashion,Running Shoes,2499,2,0.1,4498.2,Wallet,7
ORD03697,CUST0384,2025-09-02,Ahmedabad,Beauty,Hair Dryer,1999,4,0.1,7196.4,UPI,7
ORD03698,CUST0229,2025-01-20,Ahmedabad,Fashion,Running Shoes,2499,4,0.0,9996.0,Cash on Delivery,5
ORD03699,CUST0057,2024-03-28,Ahmedabad,Fashion,Running Shoes,2499,4,0.0,9996.0,Credit Card,3
ORD03700,CUST0677,2024-07-10,Mumbai,Electronics,Wireless Headphones,2499,4,0.0,9996.0,Cash on Delivery,5
ORD03701,CUST0198,2024-08-25,Chennai,Fashion,Women's Handbag,1899,2,0.0,3798.0,UPI,7
ORD03702,CUST0389,2024-10-13,Mumbai,Fashion,Men's T-Shirt,799,2,0.05,1518.1,Cash on Delivery,7
ORD03703,CUST0409,2024-01-03,Hyderabad,Electronics,Smart Watch,3999,3,0.0,11997.0,Credit Card,2
ORD03704,CUST0614,2024-05-23,Kolkata,Home & Kitchen,Coffee Maker,3499,4,0.05,13296.2,UPI,2
ORD03705,CUST0034,2024-02-19,Pune,Sports,Cricket Bat,1799,2,0.1,3238.2,Debit Card,3
ORD03706,CUST0491,2025-06-28,Hyderabad,Sports,Dumbbell Set,2999,3,0.05,8547.15,Credit Card,1
ORD03707,CUST0371,2024-06-19,Hyderabad,Electronics,Bluetooth Speaker,1799,1,0.05,1709.05,Debit Card,2
ORD03708,CUST0421,2025-03-30,Kolkata,Sports,Yoga Mat,899,3,0.0,2697.0,Credit Card,3
ORD03709,CUST0564,2025-03-10,Ahmedabad,Home & Kitchen,Water Bottle,499,4,0.15,1696.6,Wallet,4
ORD03710,CUST0740,2024-08-22,Bengaluru,Electronics,Bluetooth Speaker,1799,2,0.0,3598.0,Credit Card,1
ORD03711,CUST0637,2024-04-05,Hyderabad,Fashion,Men's T-Shirt,799,4,0.0,3196.0,Wallet,4
ORD03712,CUST0580,2025-04-28,Ahmedabad,Beauty,Face Serum,999,2,0.15,1698.3,Credit Card,5
ORD03713,CUST0318,2024-06-10,Hyderabad,Beauty,Face Serum,999,1,0.05,949.05,Cash on Delivery,2
ORD03714,CUST0318,2025-02-05,Kolkata,Sports,Yoga Mat,899,4,0.15,3056.6,UPI,4
ORD03715,CUST0571,2025-07-08,Mumbai,Electronics,Wireless Headphones,2499,2,0.0,4998.0,Cash on Delivery,1
ORD03716,CUST0540,2024-07-02,Ahmedabad,Electronics,Smart Watch,3999,1,0.0,3999.0,Debit Card,3
ORD03717,CUST0749,2024-06-12,Mumbai,Electronics,Wireless Headphones,2499,1,0.0,2499.0,UPI,6
ORD03718,CUST0069,2024-10-05,Pune,Beauty,Hair Dryer,1999,3,0.05,5697.15,Debit Card,5
ORD03719,CUST0276,2024-02-26,Pune,Beauty,Perfume,1499,2,0.0,2998.0,Cash on Delivery,2
ORD03720,CUST0176,2024-12-30,Pune,Beauty,Hair Dryer,1999,1,0.0,1999.0,Wallet,4
ORD03721,CUST0739,2024-08-23,Pune,Home & Kitchen,Coffee Maker,3499,2,0.0,6998.0,UPI,4
ORD03722,CUST0207,2024-07-12,Mumbai,Sports,Cricket Bat,1799,3,0.15,4587.45,Wallet,3
ORD03723,CUST0222,2025-07-22,Pune,Sports,Cricket Bat,1799,2,0.0,3598.0,Wallet,6
ORD03724,CUST0344,2024-09-22,Ahmedabad,Electronics,Smart Watch,3999,1,0.0,3999.0,Wallet,2
ORD03725,CUST0275,2024-03-18,Hyderabad,Fashion,Men's T-Shirt,799,4,0.1,2876.4,Wallet,6
ORD03726,CUST0374,2024-04-07,Mumbai,Electronics,Bluetooth Speaker,1799,4,0.0,7196.0,UPI,5
ORD03727,CUST0633,2024-01-29,Bengaluru,Beauty,Hair Dryer,1999,4,0.0,7996.0,Debit Card,1
ORD03728,CUST0159,2025-07-29,Hyderabad,Sports,Yoga Mat,899,1,0.0,899.0,Credit Card,2
ORD03729,CUST0004,2025-04-05,Kolkata,Fashion,Running Shoes,2499,2,0.15,4248.3,Wallet,6
ORD03730,CUST0608,2024-06-14,Delhi,Fashion,Women's Handbag,1899,3,0.15,4842.45,Debit Card,5
ORD03731,CUST0217,2025-03-15,Ahmedabad,Home & Kitchen,Coffee Maker,3499,1,0.0,3499.0,UPI,3
ORD03732,CUST0471,2024-12-08,Kolkata,Sports,Yoga Mat,899,1,0.1,809.1,UPI,7
ORD03733,CUST0244,2025-04-23,Pune,Home & Kitchen,Water Bottle,499,3,0.15,1272.45,Credit Card,4
ORD03734,CUST0244,2025-07-12,Delhi,Fashion,Women's Handbag,1899,1,0.15,1614.15,Credit Card,3
ORD03735,CUST0726,2025-03-20,Ahmedabad,Sports,Cricket Bat,1799,4,0.0,7196.0,Cash on Delivery,2
ORD03736,CUST0645,2024-07-21,Hyderabad,Home & Kitchen,Coffee Maker,3499,2,0.05,6648.1,Debit Card,5
ORD03737,CUST0386,2025-09-10,Hyderabad,Beauty,Perfume,1499,4,0.0,5996.0,Cash on Delivery,1
ORD03738,CUST0693,2025-06-14,Mumbai,Home & Kitchen,Coffee Maker,3499,3,0.0,10497.0,Credit Card,5
ORD03739,CUST0663,2025-06-30,Mumbai,Sports,Yoga Mat,899,2,0.05,1708.1,Debit Card,2
ORD03740,CUST0739,2024-02-01,Mumbai,Home & Kitchen,Coffee Maker,3499,4,0.0,13996.0,Wallet,3
ORD03741,CUST0495,2024-12-28,Chennai,Electronics,Bluetooth Speaker,1799,1,0.1,1619.1,Cash on Delivery,4
ORD03742,CUST0712,2025-01-26,Bengaluru,Fashion,Women's Handbag,1899,2,0.1,3418.2,Credit Card,3
ORD03743,CUST0423,2024-08-14,Chennai,Home & Kitchen,Bedsheet Set,1299,2,0.0,2598.0,UPI,5
ORD03744,CUST0696,2024-04-12,Hyderabad,Electronics,Bluetooth Speaker,1799,3,0.0,5397.0,Credit Card,4
ORD03745,CUST0187,2024-07-07,Pune,Fashion,Men's T-Shirt,799,1,0.1,719.1,Debit Card,1
ORD03746,CUST0014,2025-08-08,Mumbai,Home & Kitchen,Coffee Maker,3499,3,0.1,9447.3,UPI,5
ORD03747,CUST0626,2024-12-03,Kolkata,Home & Kitchen,Water Bottle,499,2,0.0,998.0,Cash on Delivery,7
ORD03748,CUST0653,2025-07-05,Chennai,Home & Kitchen,Water Bottle,499,2,0.15,848.3,Debit Card,5
ORD03749,CUST0085,2025-05-03,Hyderabad,Beauty,Perfume,1499,4,0.1,5396.4,Credit Card,7
ORD03750,CUST0788,2025-03-17,Bengaluru,Sports,Yoga Mat,899,2,0.0,1798.0,Debit Card,4
ORD03751,CUST0737,2024-02-13,Chennai,Fashion,Women's Handbag,1899,3,0.0,5697.0,Credit Card,5
ORD03752,CUST0308,2025-03-18,Ahmedabad,Sports,Yoga Mat,899,1,0.0,899.0,Cash on Delivery,1
ORD03753,CUST0501,2025-05-30,Chennai,Home & Kitchen,Coffee Maker,3499,2,0.1,6298.2,Debit Card,3
ORD03754,CUST0657,2024-06-29,Chennai,Home & Kitchen,Bedsheet Set,1299,1,0.05,1234.05,UPI,4
ORD03755,CUST0454,2025-03-19,Hyderabad,Sports,Cricket Bat,1799,2,0.0,3598.0,Debit Card,5
ORD03756,CUST0701,2024-08-24,Pune,Fashion,Running Shoes,2499,2,0.05,4748.1,Wallet,1
ORD03757,CUST0706,2024-07-06,Hyderabad,Home & Kitchen,Coffee Maker,3499,2,0.15,5948.3,Credit Card,5
ORD03758,CUST0203,2025-04-12,Chennai,Beauty,Perfume,1499,2,0.05,2848.1,Wallet,1
ORD03759,CUST0284,2024-08-26,Hyderabad,Fashion,Men's T-Shirt,799,1,0.1,719.1,Credit Card,6
ORD03760,CUST0318,2025-03-09,Delhi,Fashion,Men's T-Shirt,799,2,0.0,1598.0,Credit Card,2
ORD03761,CUST0552,2025-08-06,Hyderabad,Home & Kitchen,Coffee Maker,3499,3,0.0,10497.0,Credit Card,6
ORD03762,CUST0356,2024-08-23,Mumbai,Beauty,Face Serum,999,1,0.0,999.0,Debit Card,1
ORD03763,CUST0335,2024-05-15,Delhi,Beauty,Face Serum,999,2,0.0,1998.0,UPI,4
ORD03764,CUST0511,2025-07-01,Mumbai,Electronics,Smart Watch,3999,3,0.05,11397.15,Wallet,3
ORD03765,CUST0350,2024-11-02,Pune,Electronics,Smart Watch,3999,2,0.0,7998.0,Debit Card,1
ORD03766,CUST0090,2025-01-16,Bengaluru,Electronics,Bluetooth Speaker,1799,2,0.05,3418.1,Debit Card,2
ORD03767,CUST0601,2024-03-18,Delhi,Sports,Yoga Mat,899,4,0.15,3056.6,Credit Card,7
ORD03768,CUST0626,2024-11-13,Kolkata,Home & Kitchen,Water Bottle,499,3,0.0,1497.0,UPI,5
ORD03769,CUST0367,2024-11-17,Ahmedabad,Beauty,Face Serum,999,3,0.1,2697.3,UPI,4
ORD03770,CUST0285,2024-05-14,Pune,Beauty,Face Serum,999,2,0.15,1698.3,Credit Card,1
ORD03771,CUST0688,2024-03-17,Hyderabad,Beauty,Face Serum,999,4,0.0,3996.0,Cash on Delivery,2
ORD03772,CUST0447,2025-04-14,Delhi,Home & Kitchen,Water Bottle,499,1,0.0,499.0,Debit Card,1
ORD03773,CUST0576,2025-09-13,Pune,Home & Kitchen,Water Bottle,499,1,0.05,474.05,Wallet,7
ORD03774,CUST0472,2025-04-01,Delhi,Home & Kitchen,Bedsheet Set,1299,4,0.15,4416.6,Debit Card,2
ORD03775,CUST0044,2025-06-01,Mumbai,Fashion,Running Shoes,2499,4,0.0,9996.0,UPI,1
ORD03776,CUST0751,2024-02-21,Chennai,Electronics,Smart Watch,3999,4,0.0,15996.0,Wallet,2
ORD03777,CUST0213,2025-08-31,Mumbai,Beauty,Perfume,1499,1,0.15,1274.15,Debit Card,7
ORD03778,CUST0569,2024-09-05,Delhi,Beauty,Perfume,1499,1,0.1,1349.1,Cash on Delivery,5
ORD03779,CUST0702,2025-06-24,Hyderabad,Beauty,Perfume,1499,3,0.0,4497.0,Cash on Delivery,5
ORD03780,CUST0343,2025-01-25,Pune,Electronics,Smart Watch,3999,1,0.15,3399.15,Wallet,5
ORD03781,CUST0036,2025-06-20,Mumbai,Fashion,Women's Handbag,1899,4,0.0,7596.0,Cash on Delivery,2
ORD03782,CUST0690,2024-04-24,Kolkata,Beauty,Face Serum,999,1,0.15,849.15,Cash on Delivery,2
ORD03783,CUST0290,2025-03-06,Mumbai,Fashion,Women's Handbag,1899,2,0.05,3608.1,Cash on Delivery,5
ORD03784,CUST0051,2024-08-15,Pune,Fashion,Running Shoes,2499,1,0.15,2124.15,Wallet,4
ORD03785,CUST0355,2024-09-18,Kolkata,Sports,Dumbbell Set,2999,3,0.0,8997.0,Wallet,5
ORD03786,CUST0397,2024-09-23,Ahmedabad,Fashion,Women's Handbag,1899,4,0.0,7596.0,Debit Card,5
ORD03787,CUST0741,2025-06-11,Pune,Electronics,Smart Watch,3999,4,0.15,13596.6,Cash on Delivery,3
ORD03788,CUST0087,2024-04-13,Pune,Electronics,Bluetooth Speaker,1799,3,0.1,4857.3,Debit Card,3
ORD03789,CUST0412,2025-01-09,Chennai,Beauty,Face Serum,999,3,0.15,2547.45,Debit Card,2
ORD03790,CUST0603,2024-08-02,Bengaluru,Electronics,Bluetooth Speaker,1799,1,0.1,1619.1,UPI,6
ORD03791,CUST0439,2024-12-20,Hyderabad,Electronics,Wireless Headphones,2499,3,0.15,6372.45,Credit Card,2
ORD03792,CUST0019,2024-09-04,Chennai,Beauty,Perfume,1499,4,0.1,5396.4,UPI,4
ORD03793,CUST0165,2025-08-29,Pune,Beauty,Perfume,1499,4,0.0,5996.0,UPI,3
ORD03794,CUST0106,2024-01-13,Bengaluru,Home & Kitchen,Bedsheet Set,1299,4,0.0,5196.0,Debit Card,6
ORD03795,CUST0329,2024-12-11,Mumbai,Electronics,Wireless Headphones,2499,3,0.05,7122.15,UPI,3
ORD03796,CUST0682,2024-02-07,Chennai,Home & Kitchen,Bedsheet Set,1299,1,0.15,1104.15,Wallet,7
ORD03797,CUST0523,2025-06-16,Ahmedabad,Beauty,Hair Dryer,1999,4,0.0,7996.0,Credit Card,3
ORD03798,CUST0208,2024-01-14,Kolkata,Beauty,Face Serum,999,4,0.0,3996.0,Credit Card,5
ORD03799,CUST0595,2024-01-31,Delhi,Fashion,Running Shoes,2499,1,0.0,2499.0,Debit Card,2
ORD03800,CUST0019,2024-08-19,Ahmedabad,Home & Kitchen,Water Bottle,499,3,0.15,1272.45,Debit Card,1
ORD03801,CUST0424,2024-10-04,Pune,Beauty,Perfume,1499,4,0.05,5696.2,Credit Card,5
ORD03802,CUST0535,2024-04-12,Pune,Sports,Cricket Bat,1799,2,0.05,3418.1,Credit Card,2
ORD03803,CUST0058,2025-02-17,Mumbai,Home & Kitchen,Water Bottle,499,4,0.05,1896.2,Credit Card,2
ORD03804,CUST0040,2024-10-20,Hyderabad,Fashion,Men's T-Shirt,799,2,0.0,1598.0,Cash on Delivery,6
ORD03805,CUST0081,2025-01-03,Hyderabad,Beauty,Hair Dryer,1999,1,0.0,1999.0,Wallet,5
ORD03806,CUST0791,2024-06-18,Mumbai,Electronics,Smart Watch,3999,1,0.15,3399.15,Debit Card,1
ORD03807,CUST0118,2025-07-09,Bengaluru,Beauty,Hair Dryer,1999,4,0.0,7996.0,Credit Card,5
ORD03808,CUST0651,2025-05-12,Mumbai,Fashion,Women's Handbag,1899,3,0.05,5412.15,Wallet,5
ORD03809,CUST0144,2024-11-30,Ahmedabad,Beauty,Face Serum,999,4,0.0,3996.0,Cash on Delivery,5
ORD03810,CUST0160,2024-11-06,Mumbai,Home & Kitchen,Bedsheet Set,1299,3,0.05,3702.15,Credit Card,2
ORD03811,CUST0558,2025-07-03,Pune,Home & Kitchen,Bedsheet Set,1299,2,0.05,2468.1,Credit Card,6
ORD03812,CUST0079,2025-04-18,Kolkata,Electronics,Wireless Headphones,2499,4,0.0,9996.0,Debit Card,1
ORD03813,CUST0713,2024-02-02,Bengaluru,Fashion,Men's T-Shirt,799,1,0.15,679.15,Cash on Delivery,6
ORD03814,CUST0619,2024-05-04,Chennai,Beauty,Perfume,1499,1,0.05,1424.05,Wallet,4
ORD03815,CUST0466,2024-09-27,Delhi,Electronics,Smart Watch,3999,1,0.0,3999.0,Wallet,5
ORD03816,CUST0674,2025-01-22,Bengaluru,Electronics,Wireless Headphones,2499,2,0.05,4748.1,Debit Card,6
ORD03817,CUST0047,2024-03-05,Chennai,Beauty,Hair Dryer,1999,2,0.05,3798.1,Debit Card,1
ORD03818,CUST0107,2025-06-12,Delhi,Home & Kitchen,Water Bottle,499,2,0.0,998.0,Wallet,6
ORD03819,CUST0715,2024-03-28,Chennai,Electronics,Smart Watch,3999,1,0.05,3799.05,Credit Card,3
ORD03820,CUST0462,2024-11-15,Mumbai,Electronics,Smart Watch,3999,1,0.05,3799.05,Wallet,3
ORD03821,CUST0465,2025-01-30,Delhi,Beauty,Face Serum,999,3,0.0,2997.0,Debit Card,6
ORD03822,CUST0203,2024-01-23,Delhi,Sports,Cricket Bat,1799,2,0.0,3598.0,Debit Card,7
ORD03823,CUST0129,2025-04-30,Bengaluru,Home & Kitchen,Coffee Maker,3499,3,0.05,9972.15,Cash on Delivery,3
ORD03824,CUST0744,2025-04-10,Kolkata,Beauty,Perfume,1499,3,0.0,4497.0,UPI,2
ORD03825,CUST0643,2025-09-25,Ahmedabad,Fashion,Women's Handbag,1899,3,0.05,5412.15,UPI,5
ORD03826,CUST0766,2025-02-06,Kolkata,Fashion,Men's T-Shirt,799,1,0.0,799.0,UPI,2
ORD03827,CUST0018,2025-01-29,Chennai,Beauty,Hair Dryer,1999,1,0.0,1999.0,Credit Card,4
ORD03828,CUST0047,2025-07-23,Hyderabad,Beauty,Hair Dryer,1999,2,0.0,3998.0,Cash on Delivery,4
ORD03829,CUST0547,2024-01-28,Pune,Fashion,Men's T-Shirt,799,1,0.0,799.0,Debit Card,3
ORD03830,CUST0406,2024-08-19,Mumbai,Beauty,Face Serum,999,2,0.05,1898.1,Cash on Delivery,3
ORD03831,CUST0534,2024-10-24,Pune,Electronics,Wireless Headphones,2499,3,0.1,6747.3,Cash on Delivery,5
ORD03832,CUST0606,2025-06-15,Kolkata,Home & Kitchen,Bedsheet Set,1299,4,0.15,4416.6,Wallet,3
ORD03833,CUST0416,2024-09-09,Delhi,Sports,Yoga Mat,899,4,0.0,3596.0,UPI,1
ORD03834,CUST0498,2025-03-31,Chennai,Beauty,Hair Dryer,1999,1,0.0,1999.0,Cash on Delivery,3
ORD03835,CUST0455,2024-02-07,Delhi,Sports,Cricket Bat,1799,2,0.0,3598.0,UPI,1
ORD03836,CUST0285,2024-02-07,Mumbai,Beauty,Face Serum,999,4,0.0,3996.0,Credit Card,1
ORD03837,CUST0343,2024-12-31,Pune,Home & Kitchen,Coffee Maker,3499,3,0.0,10497.0,Cash on Delivery,3
ORD03838,CUST0680,2024-11-06,Pune,Fashion,Men's T-Shirt,799,2,0.15,1358.3,Debit Card,3
ORD03839,CUST0217,2024-01-28,Chennai,Fashion,Men's T-Shirt,799,1,0.1,719.1,Debit Card,2
ORD03840,CUST0598,2025-08-22,Bengaluru,Electronics,Wireless Headphones,2499,3,0.15,6372.45,Cash on Delivery,6
ORD03841,CUST0758,2024-04-24,Ahmedabad,Beauty,Hair Dryer,1999,2,0.1,3598.2,Cash on Delivery,2
ORD03842,CUST0782,2024-11-06,Pune,Electronics,Smart Watch,3999,2,0.15,6798.3,Credit Card,3
ORD03843,CUST0358,2025-07-27,Pune,Sports,Cricket Bat,1799,2,0.0,3598.0,Debit Card,6
ORD03844,CUST0567,2025-02-01,Ahmedabad,Fashion,Running Shoes,2499,2,0.1,4498.2,UPI,3
ORD03845,CUST0128,2024-07-24,Ahmedabad,Electronics,Wireless Headphones,2499,3,0.15,6372.45,Wallet,4
ORD03846,CUST0373,2025-01-09,Delhi,Beauty,Face Serum,999,4,0.0,3996.0,Cash on Delivery,7
ORD03847,CUST0122,2024-05-08,Delhi,Fashion,Women's Handbag,1899,4,0.15,6456.6,Cash on Delivery,2
ORD03848,CUST0628,2025-07-24,Chennai,Home & Kitchen,Water Bottle,499,4,0.15,1696.6,Debit Card,7
ORD03849,CUST0607,2024-08-01,Ahmedabad,Home & Kitchen,Coffee Maker,3499,3,0.1,9447.3,UPI,1
ORD03850,CUST0006,2025-05-12,Chennai,Home & Kitchen,Bedsheet Set,1299,3,0.05,3702.15,Wallet,6
ORD03851,CUST0742,2024-04-11,Pune,Fashion,Women's Handbag,1899,2,0.1,3418.2,Cash on Delivery,6
ORD03852,CUST0619,2024-05-09,Mumbai,Sports,Yoga Mat,899,3,0.05,2562.15,Debit Card,1
ORD03853,CUST0050,2024-01-08,Delhi,Sports,Yoga Mat,899,4,0.0,3596.0,UPI,6
ORD03854,CUST0426,2024-03-16,Delhi,Electronics,Wireless Headphones,2499,3,0.1,6747.3,Wallet,4
ORD03855,CUST0084,2025-06-10,Bengaluru,Fashion,Running Shoes,2499,3,0.05,7122.15,UPI,7
ORD03856,CUST0144,2025-06-08,Chennai,Fashion,Men's T-Shirt,799,1,0.15,679.15,Wallet,7
ORD03857,CUST0783,2024-02-22,Pune,Home & Kitchen,Bedsheet Set,1299,4,0.15,4416.6,Cash on Delivery,2
ORD03858,CUST0271,2024-03-03,Kolkata,Fashion,Running Shoes,2499,2,0.0,4998.0,Wallet,1
ORD03859,CUST0372,2025-02-26,Hyderabad,Beauty,Perfume,1499,4,0.0,5996.0,Cash on Delivery,1
ORD03860,CUST0561,2025-06-27,Bengaluru,Sports,Yoga Mat,899,2,0.0,1798.0,Credit Card,1
ORD03861,CUST0295,2025-02-11,Delhi,Beauty,Face Serum,999,1,0.15,849.15,Cash on Delivery,4
ORD03862,CUST0195,2024-06-08,Pune,Electronics,Bluetooth Speaker,1799,2,0.0,3598.0,Debit Card,7
ORD03863,CUST0434,2024-09-01,Chennai,Electronics,Bluetooth Speaker,1799,4,0.15,6116.6,Debit Card,6
ORD03864,CUST0445,2025-04-18,Kolkata,Sports,Dumbbell Set,2999,1,0.1,2699.1,UPI,7
ORD03865,CUST0731,2024-03-10,Chennai,Fashion,Men's T-Shirt,799,2,0.15,1358.3,Credit Card,3
ORD03866,CUST0105,2025-04-10,Bengaluru,Fashion,Running Shoes,2499,2,0.1,4498.2,Cash on Delivery,5
ORD03867,CUST0329,2025-08-04,Bengaluru,Fashion,Women's Handbag,1899,3,0.15,4842.45,Credit Card,3
ORD03868,CUST0309,2024-09-21,Kolkata,Fashion,Running Shoes,2499,4,0.05,9496.2,Credit Card,7
ORD03869,CUST0119,2024-04-25,Delhi,Beauty,Perfume,1499,4,0.15,5096.6,Debit Card,7
ORD03870,CUST0025,2024-09-20,Mumbai,Fashion,Men's T-Shirt,799,1,0.1,719.1,Debit Card,5
ORD03871,CUST0720,2024-11-20,Hyderabad,Beauty,Hair Dryer,1999,1,0.05,1899.05,Wallet,6
ORD03872,CUST0544,2025-05-08,Ahmedabad,Electronics,Bluetooth Speaker,1799,4,0.0,7196.0,Wallet,1
ORD03873,CUST0731,2024-01-17,Kolkata,Fashion,Women's Handbag,1899,1,0.0,1899.0,Cash on Delivery,2
ORD03874,CUST0742,2024-07-01,Pune,Beauty,Face Serum,999,1,0.1,899.1,Cash on Delivery,6
ORD03875,CUST0521,2024-11-27,Kolkata,Electronics,Wireless Headphones,2499,2,0.0,4998.0,UPI,5
ORD03876,CUST0604,2025-09-26,Ahmedabad,Electronics,Wireless Headphones,2499,3,0.05,7122.15,Cash on Delivery,7
ORD03877,CUST0617,2024-07-19,Hyderabad,Fashion,Running Shoes,2499,4,0.15,8496.6,Cash on Delivery,7
ORD03878,CUST0659,2025-07-31,Bengaluru,Sports,Cricket Bat,1799,3,0.0,5397.0,Debit Card,6
ORD03879,CUST0491,2024-03-06,Chennai,Beauty,Hair Dryer,1999,1,0.0,1999.0,Cash on Delivery,4
ORD03880,CUST0403,2024-12-29,Ahmedabad,Electronics,Wireless Headphones,2499,4,0.0,9996.0,Cash on Delivery,1
ORD03881,CUST0748,2024-10-25,Bengaluru,Electronics,Wireless Headphones,2499,3,0.15,6372.45,Credit Card,2
ORD03882,CUST0256,2025-02-11,Mumbai,Electronics,Wireless Headphones,2499,1,0.05,2374.05,Wallet,6
ORD03883,CUST0143,2025-07-26,Ahmedabad,Fashion,Running Shoes,2499,2,0.05,4748.1,Credit Card,7
ORD03884,CUST0538,2025-06-18,Chennai,Fashion,Men's T-Shirt,799,1,0.1,719.1,UPI,2
ORD03885,CUST0558,2024-10-24,Hyderabad,Beauty,Face Serum,999,4,0.05,3796.2,Credit Card,2
ORD03886,CUST0632,2024-03-06,Ahmedabad,Electronics,Smart Watch,3999,2,0.0,7998.0,UPI,5
ORD03887,CUST0448,2024-03-12,Bengaluru,Home & Kitchen,Water Bottle,499,4,0.05,1896.2,Cash on Delivery,5
ORD03888,CUST0161,2024-03-08,Hyderabad,Beauty,Face Serum,999,4,0.05,3796.2,Debit Card,3
ORD03889,CUST0083,2025-01-07,Mumbai,Electronics,Bluetooth Speaker,1799,1,0.0,1799.0,Wallet,1
ORD03890,CUST0440,2024-05-11,Bengaluru,Sports,Cricket Bat,1799,3,0.0,5397.0,Credit Card,6
ORD03891,CUST0463,2024-01-11,Bengaluru,Electronics,Wireless Headphones,2499,2,0.1,4498.2,Credit Card,2
ORD03892,CUST0003,2024-08-24,Chennai,Home & Kitchen,Water Bottle,499,2,0.15,848.3,Debit Card,6
ORD03893,CUST0339,2025-04-12,Chennai,Fashion,Running Shoes,2499,3,0.0,7497.0,Wallet,1
ORD03894,CUST0621,2024-01-31,Delhi,Beauty,Perfume,1499,2,0.15,2548.3,Cash on Delivery,6
ORD03895,CUST0627,2025-03-12,Pune,Beauty,Face Serum,999,1,0.1,899.1,Wallet,4
ORD03896,CUST0261,2024-01-02,Hyderabad,Home & Kitchen,Water Bottle,499,2,0.0,998.0,Debit Card,3
ORD03897,CUST0401,2025-03-22,Kolkata,Electronics,Wireless Headphones,2499,4,0.0,9996.0,Wallet,4
ORD03898,CUST0566,2024-12-05,Mumbai,Electronics,Wireless Headphones,2499,3,0.05,7122.15,UPI,3
ORD03899,CUST0595,2024-05-26,Pune,Electronics,Smart Watch,3999,4,0.05,15196.2,Credit Card,5
ORD03900,CUST0122,2024-04-08,Hyderabad,Electronics,Bluetooth Speaker,1799,2,0.05,3418.1,UPI,3
ORD03901,CUST0723,2025-08-09,Pune,Electronics,Bluetooth Speaker,1799,4,0.15,6116.6,UPI,6
ORD03902,CUST0382,2024-12-05,Bengaluru,Fashion,Men's T-Shirt,799,3,0.0,2397.0,Credit Card,6
ORD03903,CUST0562,2025-05-30,Chennai,Fashion,Men's T-Shirt,799,1,0.05,759.05,Cash on Delivery,6
ORD03904,CUST0278,2024-12-24,Mumbai,Beauty,Perfume,1499,3,0.0,4497.0,Debit Card,4
ORD03905,CUST0373,2025-09-02,Mumbai,Beauty,Face Serum,999,3,0.0,2997.0,UPI,1
ORD03906,CUST0519,2024-11-23,Pune,Electronics,Smart Watch,3999,2,0.05,7598.1,Credit Card,4
ORD03907,CUST0227,2024-02-11,Delhi,Beauty,Perfume,1499,2,0.1,2698.2,Cash on Delivery,3
ORD03908,CUST0261,2024-01-21,Hyderabad,Sports,Dumbbell Set,2999,1,0.0,2999.0,Wallet,7
ORD03909,CUST0443,2025-07-10,Delhi,Sports,Yoga Mat,899,4,0.0,3596.0,Debit Card,7
ORD03910,CUST0709,2024-12-02,Kolkata,Fashion,Men's T-Shirt,799,2,0.05,1518.1,Debit Card,5
ORD03911,CUST0417,2025-07-31,Ahmedabad,Fashion,Men's T-Shirt,799,3,0.05,2277.15,Debit Card,4
ORD03912,CUST0460,2024-07-11,Chennai,Beauty,Perfume,1499,1,0.0,1499.0,UPI,6
ORD03913,CUST0453,2024-05-26,Kolkata,Home & Kitchen,Coffee Maker,3499,4,0.1,12596.4,Debit Card,7
ORD03914,CUST0584,2025-07-16,Hyderabad,Electronics,Wireless Headphones,2499,4,0.0,9996.0,Wallet,5
ORD03915,CUST0186,2024-06-20,Delhi,Beauty,Face Serum,999,1,0.05,949.05,Credit Card,2
ORD03916,CUST0527,2024-01-08,Chennai,Beauty,Perfume,1499,4,0.0,5996.0,Debit Card,4
ORD03917,CUST0651,2025-06-03,Chennai,Beauty,Perfume,1499,1,0.0,1499.0,UPI,6
ORD03918,CUST0766,2024-04-29,Chennai,Beauty,Hair Dryer,1999,4,0.0,7996.0,Wallet,5
ORD03919,CUST0649,2024-04-17,Hyderabad,Beauty,Perfume,1499,2,0.1,2698.2,Cash on Delivery,1
ORD03920,CUST0693,2025-06-15,Hyderabad,Fashion,Men's T-Shirt,799,4,0.15,2716.6,Credit Card,5
ORD03921,CUST0560,2024-04-17,Kolkata,Home & Kitchen,Bedsheet Set,1299,4,0.15,4416.6,Credit Card,5
ORD03922,CUST0009,2025-08-05,Mumbai,Beauty,Hair Dryer,1999,2,0.0,3998.0,Cash on Delivery,2
ORD03923,CUST0627,2025-08-19,Kolkata,Beauty,Perfume,1499,3,0.15,3822.45,Debit Card,3
ORD03924,CUST0113,2024-10-10,Mumbai,Beauty,Perfume,1499,3,0.05,4272.15,Cash on Delivery,4
ORD03925,CUST0656,2025-01-29,Hyderabad,Sports,Yoga Mat,899,4,0.0,3596.0,Debit Card,6
ORD03926,CUST0112,2025-08-04,Pune,Fashion,Women's Handbag,1899,4,0.05,7216.2,UPI,7
ORD03927,CUST0215,2025-06-11,Hyderabad,Home & Kitchen,Water Bottle,499,3,0.15,1272.45,Wallet,6
ORD03928,CUST0322,2025-06-02,Ahmedabad,Electronics,Smart Watch,3999,4,0.05,15196.2,Wallet,7
ORD03929,CUST0682,2025-03-02,Delhi,Fashion,Running Shoes,2499,4,0.05,9496.2,Cash on Delivery,4
ORD03930,CUST0501,2024-02-09,Chennai,Sports,Cricket Bat,1799,2,0.05,3418.1,UPI,4
ORD03931,CUST0097,2025-02-01,Chennai,Electronics,Bluetooth Speaker,1799,4,0.1,6476.4,Debit Card,6
ORD03932,CUST0548,2025-06-04,Chennai,Electronics,Bluetooth Speaker,1799,1,0.1,1619.1,Cash on Delivery,5
ORD03933,CUST0330,2025-05-28,Kolkata,Fashion,Men's T-Shirt,799,2,0.0,1598.0,UPI,2
ORD03934,CUST0342,2025-07-21,Mumbai,Fashion,Women's Handbag,1899,3,0.0,5697.0,Credit Card,2
ORD03935,CUST0163,2024-07-19,Ahmedabad,Electronics,Wireless Headphones,2499,4,0.05,9496.2,Credit Card,3
ORD03936,CUST0160,2025-04-06,Kolkata,Home & Kitchen,Water Bottle,499,3,0.15,1272.45,Wallet,6
ORD03937,CUST0275,2024-09-08,Ahmedabad,Electronics,Wireless Headphones,2499,2,0.0,4998.0,Cash on Delivery,1
ORD03938,CUST0249,2025-08-22,Hyderabad,Home & Kitchen,Coffee Maker,3499,3,0.0,10497.0,Debit Card,3
ORD03939,CUST0038,2024-06-01,Mumbai,Home & Kitchen,Bedsheet Set,1299,4,0.0,5196.0,Cash on Delivery,1
ORD03940,CUST0317,2025-03-04,Kolkata,Beauty,Hair Dryer,1999,1,0.0,1999.0,Debit Card,5
ORD03941,CUST0111,2024-06-12,Chennai,Home & Kitchen,Coffee Maker,3499,4,0.0,13996.0,Wallet,1
ORD03942,CUST0031,2024-11-28,Ahmedabad,Fashion,Women's Handbag,1899,1,0.1,1709.1,Cash on Delivery,1
ORD03943,CUST0672,2024-08-30,Mumbai,Fashion,Men's T-Shirt,799,2,0.15,1358.3,Debit Card,4
ORD03944,CUST0255,2024-12-27,Mumbai,Home & Kitchen,Coffee Maker,3499,4,0.15,11896.6,Debit Card,3
ORD03945,CUST0053,2024-12-06,Bengaluru,Home & Kitchen,Coffee Maker,3499,3,0.15,8922.45,Cash on Delivery,2
ORD03946,CUST0499,2025-05-25,Kolkata,Home & Kitchen,Coffee Maker,3499,1,0.1,3149.1,Credit Card,2
ORD03947,CUST0741,2025-08-13,Mumbai,Fashion,Women's Handbag,1899,4,0.0,7596.0,Debit Card,6
ORD03948,CUST0711,2024-07-01,Chennai,Beauty,Face Serum,999,1,0.15,849.15,Cash on Delivery,5
ORD03949,CUST0018,2025-07-30,Bengaluru,Beauty,Perfume,1499,2,0.1,2698.2,Credit Card,2
ORD03950,CUST0693,2024-12-11,Mumbai,Electronics,Bluetooth Speaker,1799,4,0.05,6836.2,Cash on Delivery,1
ORD03951,CUST0025,2025-04-18,Delhi,Beauty,Perfume,1499,1,0.1,1349.1,Debit Card,6
ORD03952,CUST0599,2024-07-31,Chennai,Electronics,Wireless Headphones,2499,1,0.0,2499.0,Debit Card,3
ORD03953,CUST0488,2025-09-05,Bengaluru,Sports,Yoga Mat,899,4,0.1,3236.4,UPI,4
ORD03954,CUST0703,2024-07-17,Chennai,Fashion,Running Shoes,2499,1,0.15,2124.15,Credit Card,5
ORD03955,CUST0665,2025-01-21,Bengaluru,Electronics,Bluetooth Speaker,1799,2,0.15,3058.3,UPI,1
ORD03956,CUST0164,2024-03-28,Bengaluru,Home & Kitchen,Water Bottle,499,1,0.1,449.1,Cash on Delivery,1
ORD03957,CUST0239,2025-06-07,Ahmedabad,Electronics,Bluetooth Speaker,1799,2,0.0,3598.0,Cash on Delivery,6
ORD03958,CUST0293,2024-11-19,Hyderabad,Home & Kitchen,Water Bottle,499,4,0.0,1996.0,Cash on Delivery,6
ORD03959,CUST0149,2025-07-14,Mumbai,Sports,Dumbbell Set,2999,4,0.0,11996.0,Cash on Delivery,2
ORD03960,CUST0432,2024-06-20,Mumbai,Fashion,Men's T-Shirt,799,1,0.0,799.0,Debit Card,3
ORD03961,CUST0594,2025-05-30,Hyderabad,Beauty,Perfume,1499,4,0.05,5696.2,Credit Card,6
ORD03962,CUST0427,2025-08-04,Mumbai,Home & Kitchen,Coffee Maker,3499,4,0.0,13996.0,Cash on Delivery,7
ORD03963,CUST0182,2024-12-16,Hyderabad,Home & Kitchen,Coffee Maker,3499,2,0.05,6648.1,Cash on Delivery,2
ORD03964,CUST0507,2025-04-25,Kolkata,Beauty,Perfume,1499,4,0.05,5696.2,UPI,4
ORD03965,CUST0491,2024-11-21,Ahmedabad,Electronics,Bluetooth Speaker,1799,3,0.1,4857.3,Cash on Delivery,7
ORD03966,CUST0527,2025-09-21,Ahmedabad,Electronics,Smart Watch,3999,1,0.0,3999.0,Credit Card,5
ORD03967,CUST0614,2024-03-03,Bengaluru,Home & Kitchen,Water Bottle,499,4,0.15,1696.6,Wallet,7
ORD03968,CUST0123,2024-09-20,Ahmedabad,Fashion,Women's Handbag,1899,1,0.1,1709.1,UPI,1
ORD03969,CUST0435,2025-06-12,Mumbai,Home & Kitchen,Water Bottle,499,4,0.0,1996.0,Debit Card,4
ORD03970,CUST0707,2024-03-17,Pune,Beauty,Perfume,1499,1,0.0,1499.0,Cash on Delivery,3
ORD03971,CUST0478,2024-05-27,Chennai,Beauty,Perfume,1499,3,0.0,4497.0,UPI,2
ORD03972,CUST0689,2025-01-17,Kolkata,Home & Kitchen,Water Bottle,499,3,0.0,1497.0,UPI,7
ORD03973,CUST0088,2025-09-10,Kolkata,Beauty,Face Serum,999,1,0.15,849.15,Wallet,1
ORD03974,CUST0002,2025-04-27,Pune,Sports,Cricket Bat,1799,1,0.0,1799.0,Cash on Delivery,7
ORD03975,CUST0479,2025-05-06,Delhi,Electronics,Smart Watch,3999,2,0.0,7998.0,UPI,4
ORD03976,CUST0435,2024-08-18,Hyderabad,Home & Kitchen,Water Bottle,499,3,0.0,1497.0,Cash on Delivery,5
ORD03977,CUST0086,2025-02-26,Mumbai,Beauty,Hair Dryer,1999,2,0.05,3798.1,Debit Card,1
ORD03978,CUST0053,2025-04-25,Delhi,Electronics,Wireless Headphones,2499,1,0.0,2499.0,Cash on Delivery,5
ORD03979,CUST0050,2025-01-16,Bengaluru,Home & Kitchen,Water Bottle,499,2,0.0,998.0,Debit Card,6
ORD03980,CUST0721,2024-08-23,Bengaluru,Home & Kitchen,Bedsheet Set,1299,4,0.0,5196.0,UPI,1
ORD03981,CUST0374,2025-04-26,Ahmedabad,Electronics,Bluetooth Speaker,1799,2,0.15,3058.3,Debit Card,6
ORD03982,CUST0433,2025-09-05,Hyderabad,Beauty,Perfume,1499,3,0.0,4497.0,Wallet,7
ORD03983,CUST0355,2024-06-20,Bengaluru,Beauty,Perfume,1499,3,0.05,4272.15,Cash on Delivery,6
ORD03984,CUST0289,2024-02-27,Delhi,Sports,Dumbbell Set,2999,3,0.0,8997.0,Cash on Delivery,3
ORD03985,CUST0041,2024-10-25,Hyderabad,Electronics,Smart Watch,3999,2,0.1,7198.2,UPI,2
ORD03986,CUST0770,2025-03-09,Pune,Fashion,Women's Handbag,1899,2,0.1,3418.2,Wallet,7
ORD03987,CUST0762,2024-04-27,Pune,Sports,Cricket Bat,1799,4,0.15,6116.6,UPI,7
ORD03988,CUST0469,2024-03-31,Kolkata,Sports,Cricket Bat,1799,3,0.1,4857.3,Wallet,6
ORD03989,CUST0529,2025-02-04,Delhi,Electronics,Smart Watch,3999,3,0.15,10197.45,Debit Card,3
ORD03990,CUST0217,2024-02-29,Hyderabad,Sports,Dumbbell Set,2999,1,0.15,2549.15,Wallet,4
ORD03991,CUST0262,2025-03-30,Kolkata,Fashion,Women's Handbag,1899,1,0.05,1804.05,Debit Card,1
ORD03992,CUST0265,2024-07-06,Hyderabad,Sports,Dumbbell Set,2999,4,0.0,11996.0,Credit Card,3
ORD03993,CUST0093,2024-04-29,Mumbai,Fashion,Women's Handbag,1899,1,0.0,1899.0,Wallet,3
ORD03994,CUST0524,2025-03-10,Hyderabad,Electronics,Bluetooth Speaker,1799,3,0.1,4857.3,Wallet,2
ORD03995,CUST0422,2025-08-13,Delhi,Fashion,Men's T-Shirt,799,2,0.05,1518.1,Wallet,6
ORD03996,CUST0710,2024-10-08,Mumbai,Fashion,Men's T-Shirt,799,4,0.0,3196.0,UPI,2
ORD03997,CUST0355,2024-06-07,Ahmedabad,Fashion,Running Shoes,2499,4,0.05,9496.2,Credit Card,1
ORD03998,CUST0589,2024-06-16,Ahmedabad,Home & Kitchen,Coffee Maker,3499,3,0.15,8922.45,Wallet,7
ORD03999,CUST0482,2024-10-15,Kolkata,Electronics,Bluetooth Speaker,1799,2,0.0,3598.0,Wallet,6
ORD04000,CUST0006,2025-01-30,Kolkata,Sports,Cricket Bat,1799,4,0.05,6836.2,Credit Card,5
ORD04001,CUST0259,2025-07-14,Ahmedabad,Fashion,Women's Handbag,1899,1,0.1,1709.1,Credit Card,1
ORD04002,CUST0512,2024-07-06,Hyderabad,Home & Kitchen,Coffee Maker,3499,1,0.1,3149.1,Wallet,1
ORD04003,CUST0434,2024-07-04,Ahmedabad,Home & Kitchen,Coffee Maker,3499,2,0.15,5948.3,Cash on Delivery,5
ORD04004,CUST0538,2025-07-08,Ahmedabad,Sports,Dumbbell Set,2999,4,0.15,10196.6,Cash on Delivery,3
ORD04005,CUST0463,2024-09-21,Kolkata,Home & Kitchen,Coffee Maker,3499,3,0.15,8922.45,UPI,2
ORD04006,CUST0740,2024-05-19,Chennai,Home & Kitchen,Water Bottle,499,1,0.15,424.15,Cash on Delivery,1
ORD04007,CUST0341,2025-04-09,Delhi,Home & Kitchen,Bedsheet Set,1299,4,0.0,5196.0,Wallet,2
ORD04008,CUST0028,2025-09-09,Delhi,Home & Kitchen,Coffee Maker,3499,2,0.15,5948.3,Credit Card,7
ORD04009,CUST0619,2025-05-05,Chennai,Home & Kitchen,Bedsheet Set,1299,3,0.05,3702.15,Cash on Delivery,6
ORD04010,CUST0420,2025-01-03,Pune,Home & Kitchen,Coffee Maker,3499,1,0.0,3499.0,Credit Card,6
ORD04011,CUST0029,2025-04-21,Pune,Fashion,Running Shoes,2499,2,0.0,4998.0,Debit Card,5
ORD04012,CUST0105,2024-08-25,Pune,Home & Kitchen,Bedsheet Set,1299,1,0.05,1234.05,UPI,2
ORD04013,CUST0055,2024-09-11,Chennai,Fashion,Women's Handbag,1899,3,0.0,5697.0,Cash on Delivery,6
ORD04014,CUST0424,2025-07-03,Bengaluru,Fashion,Running Shoes,2499,4,0.0,9996.0,Debit Card,3
ORD04015,CUST0108,2024-03-05,Bengaluru,Beauty,Hair Dryer,1999,4,0.0,7996.0,UPI,2
ORD04016,CUST0191,2025-07-11,Ahmedabad,Sports,Dumbbell Set,2999,1,0.1,2699.1,Wallet,7
ORD04017,CUST0714,2024-11-22,Kolkata,Electronics,Smart Watch,3999,4,0.0,15996.0,Debit Card,5
ORD04018,CUST0363,2024-08-25,Pune,Sports,Cricket Bat,1799,4,0.1,6476.4,Debit Card,6
ORD04019,CUST0697,2025-07-18,Bengaluru,Home & Kitchen,Water Bottle,499,1,0.0,499.0,Debit Card,2
ORD04020,CUST0043,2025-08-21,Hyderabad,Electronics,Wireless Headphones,2499,4,0.1,8996.4,Wallet,3
ORD04021,CUST0514,2025-07-03,Bengaluru,Beauty,Perfume,1499,3,0.0,4497.0,Wallet,3
ORD04022,CUST0249,2024-02-15,Delhi,Beauty,Face Serum,999,3,0.0,2997.0,Credit Card,7
ORD04023,CUST0215,2024-06-20,Bengaluru,Fashion,Running Shoes,2499,4,0.0,9996.0,UPI,2
ORD04024,CUST0454,2024-05-09,Ahmedabad,Beauty,Hair Dryer,1999,4,0.05,7596.2,Wallet,4
ORD04025,CUST0148,2025-04-27,Ahmedabad,Fashion,Women's Handbag,1899,3,0.0,5697.0,Cash on Delivery,1
ORD04026,CUST0460,2025-05-09,Chennai,Fashion,Men's T-Shirt,799,1,0.15,679.15,Debit Card,4
ORD04027,CUST0682,2024-07-05,Chennai,Electronics,Bluetooth Speaker,1799,1,0.1,1619.1,Credit Card,3
ORD04028,CUST0351,2024-09-05,Pune,Home & Kitchen,Bedsheet Set,1299,3,0.1,3507.3,Credit Card,2
ORD04029,CUST0261,2024-02-27,Hyderabad,Fashion,Women's Handbag,1899,4,0.0,7596.0,Credit Card,3
ORD04030,CUST0129,2024-03-03,Ahmedabad,Sports,Cricket Bat,1799,4,0.0,7196.0,Credit Card,6
ORD04031,CUST0320,2024-01-24,Bengaluru,Fashion,Men's T-Shirt,799,3,0.1,2157.3,Debit Card,1
ORD04032,CUST0421,2024-10-24,Chennai,Fashion,Women's Handbag,1899,3,0.05,5412.15,Wallet,7
ORD04033,CUST0107,2024-04-16,Pune,Beauty,Hair Dryer,1999,1,0.05,1899.05,Cash on Delivery,5
ORD04034,CUST0653,2025-03-07,Kolkata,Sports,Yoga Mat,899,3,0.15,2292.45,Cash on Delivery,7
ORD04035,CUST0624,2025-01-24,Mumbai,Beauty,Face Serum,999,4,0.05,3796.2,Debit Card,3
ORD04036,CUST0765,2025-05-26,Chennai,Sports,Dumbbell Set,2999,3,0.1,8097.3,Credit Card,2
ORD04037,CUST0558,2024-10-17,Hyderabad,Fashion,Running Shoes,2499,1,0.0,2499.0,Debit Card,5
ORD04038,CUST0676,2024-01-11,Pune,Beauty,Perfume,1499,4,0.0,5996.0,Credit Card,2
ORD04039,CUST0694,2025-08-30,Kolkata,Sports,Cricket Bat,1799,3,0.15,4587.45,Credit Card,4
ORD04040,CUST0652,2024-01-25,Hyderabad,Home & Kitchen,Water Bottle,499,4,0.1,1796.4,Credit Card,1
ORD04041,CUST0590,2024-09-07,Mumbai,Electronics,Wireless Headphones,2499,1,0.0,2499.0,UPI,2
ORD04042,CUST0558,2024-05-27,Chennai,Sports,Cricket Bat,1799,1,0.1,1619.1,Credit Card,3
ORD04043,CUST0794,2025-07-15,Delhi,Beauty,Perfume,1499,1,0.05,1424.05,UPI,5
ORD04044,CUST0469,2024-07-30,Kolkata,Electronics,Wireless Headphones,2499,3,0.0,7497.0,Credit Card,3
ORD04045,CUST0503,2025-04-05,Bengaluru,Beauty,Hair Dryer,1999,1,0.0,1999.0,Wallet,7
ORD04046,CUST0623,2025-01-09,Pune,Beauty,Face Serum,999,3,0.1,2697.3,Wallet,3
ORD04047,CUST0349,2025-05-21,Hyderabad,Beauty,Perfume,1499,3,0.05,4272.15,Wallet,5
ORD04048,CUST0665,2024-11-27,Chennai,Home & Kitchen,Coffee Maker,3499,1,0.05,3324.05,Cash on Delivery,2
ORD04049,CUST0308,2024-04-27,Hyderabad,Sports,Dumbbell Set,2999,1,0.1,2699.1,Debit Card,1
ORD04050,CUST0135,2024-11-16,Hyderabad,Sports,Yoga Mat,899,3,0.0,2697.0,Credit Card,7
ORD04051,CUST0666,2025-02-07,Hyderabad,Electronics,Smart Watch,3999,2,0.0,7998.0,UPI,7
ORD04052,CUST0384,2024-11-02,Ahmedabad,Electronics,Bluetooth Speaker,1799,2,0.0,3598.0,Debit Card,6
ORD04053,CUST0042,2024-07-28,Bengaluru,Home & Kitchen,Coffee Maker,3499,2,0.0,6998.0,Cash on Delivery,6
ORD04054,CUST0027,2024-07-26,Bengaluru,Beauty,Perfume,1499,3,0.1,4047.3,Debit Card,1
ORD04055,CUST0741,2024-06-25,Delhi,Fashion,Running Shoes,2499,3,0.0,7497.0,Credit Card,6
ORD04056,CUST0206,2025-08-19,Pune,Home & Kitchen,Coffee Maker,3499,1,0.0,3499.0,Credit Card,3
ORD04057,CUST0734,2024-06-29,Delhi,Electronics,Bluetooth Speaker,1799,3,0.0,5397.0,Wallet,1
ORD04058,CUST0586,2025-05-04,Hyderabad,Home & Kitchen,Bedsheet Set,1299,2,0.05,2468.1,Wallet,5
ORD04059,CUST0623,2025-05-04,Kolkata,Electronics,Bluetooth Speaker,1799,1,0.05,1709.05,UPI,2
ORD04060,CUST0009,2025-02-20,Delhi,Fashion,Men's T-Shirt,799,3,0.05,2277.15,Wallet,5
ORD04061,CUST0269,2024-08-26,Hyderabad,Electronics,Wireless Headphones,2499,2,0.05,4748.1,Cash on Delivery,1
ORD04062,CUST0438,2025-04-17,Pune,Fashion,Men's T-Shirt,799,4,0.0,3196.0,UPI,2
ORD04063,CUST0787,2024-04-28,Delhi,Beauty,Face Serum,999,3,0.0,2997.0,Credit Card,1
ORD04064,CUST0086,2025-05-29,Chennai,Fashion,Running Shoes,2499,1,0.0,2499.0,UPI,1
ORD04065,CUST0167,2024-02-05,Mumbai,Home & Kitchen,Bedsheet Set,1299,3,0.15,3312.45,Wallet,5
ORD04066,CUST0694,2025-01-23,Pune,Sports,Dumbbell Set,2999,1,0.15,2549.15,Debit Card,7
ORD04067,CUST0111,2025-08-09,Mumbai,Home & Kitchen,Water Bottle,499,2,0.0,998.0,Wallet,2
ORD04068,CUST0402,2024-11-24,Chennai,Electronics,Bluetooth Speaker,1799,2,0.0,3598.0,UPI,4
ORD04069,CUST0056,2025-05-15,Kolkata,Fashion,Men's T-Shirt,799,4,0.1,2876.4,UPI,4
ORD04070,CUST0095,2025-07-30,Delhi,Electronics,Wireless Headphones,2499,2,0.15,4248.3,Wallet,7
ORD04071,CUST0115,2024-01-31,Chennai,Beauty,Hair Dryer,1999,1,0.05,1899.05,Credit Card,7
ORD04072,CUST0607,2024-09-26,Hyderabad,Fashion,Men's T-Shirt,799,2,0.05,1518.1,Cash on Delivery,1
ORD04073,CUST0789,2025-05-01,Pune,Beauty,Face Serum,999,3,0.15,2547.45,Debit Card,1
ORD04074,CUST0725,2025-01-01,Ahmedabad,Beauty,Hair Dryer,1999,3,0.0,5997.0,Credit Card,2
ORD04075,CUST0027,2025-02-07,Chennai,Electronics,Smart Watch,3999,2,0.0,7998.0,Cash on Delivery,6
ORD04076,CUST0324,2024-02-26,Ahmedabad,Sports,Dumbbell Set,2999,1,0.0,2999.0,UPI,2
ORD04077,CUST0435,2024-03-02,Pune,Sports,Dumbbell Set,2999,4,0.0,11996.0,Cash on Delivery,1
ORD04078,CUST0407,2025-09-03,Pune,Electronics,Smart Watch,3999,3,0.1,10797.3,Wallet,2
ORD04079,CUST0030,2024-03-01,Ahmedabad,Fashion,Men's T-Shirt,799,2,0.1,1438.2,UPI,6
ORD04080,CUST0508,2025-08-16,Delhi,Home & Kitchen,Bedsheet Set,1299,1,0.0,1299.0,Debit Card,6
ORD04081,CUST0187,2024-09-12,Chennai,Electronics,Bluetooth Speaker,1799,4,0.0,7196.0,Debit Card,2
ORD04082,CUST0301,2025-05-17,Kolkata,Electronics,Smart Watch,3999,3,0.15,10197.45,Wallet,6
ORD04083,CUST0250,2024-06-24,Ahmedabad,Sports,Dumbbell Set,2999,2,0.15,5098.3,Debit Card,5
ORD04084,CUST0538,2024-05-25,Hyderabad,Electronics,Bluetooth Speaker,1799,4,0.0,7196.0,Wallet,7
ORD04085,CUST0761,2024-12-11,Kolkata,Fashion,Running Shoes,2499,3,0.15,6372.45,Debit Card,3
ORD04086,CUST0025,2025-03-06,Chennai,Electronics,Wireless Headphones,2499,1,0.15,2124.15,Debit Card,5
ORD04087,CUST0575,2025-07-09,Chennai,Fashion,Men's T-Shirt,799,4,0.1,2876.4,Wallet,6
ORD04088,CUST0149,2024-07-16,Chennai,Beauty,Face Serum,999,4,0.15,3396.6,Wallet,1
ORD04089,CUST0450,2024-09-18,Hyderabad,Electronics,Smart Watch,3999,2,0.1,7198.2,Wallet,3
ORD04090,CUST0756,2025-03-17,Ahmedabad,Beauty,Hair Dryer,1999,3,0.15,5097.45,Debit Card,1
ORD04091,CUST0040,2024-05-13,Pune,Beauty,Face Serum,999,4,0.0,3996.0,Credit Card,1
ORD04092,CUST0453,2025-08-11,Ahmedabad,Beauty,Hair Dryer,1999,3,0.0,5997.0,Cash on Delivery,1
ORD04093,CUST0005,2024-11-05,Delhi,Electronics,Smart Watch,3999,3,0.15,10197.45,UPI,6
ORD04094,CUST0183,2025-03-25,Delhi,Home & Kitchen,Coffee Maker,3499,1,0.05,3324.05,Debit Card,6
ORD04095,CUST0425,2024-03-15,Pune,Fashion,Running Shoes,2499,4,0.0,9996.0,UPI,1
ORD04096,CUST0078,2025-01-19,Delhi,Home & Kitchen,Coffee Maker,3499,1,0.0,3499.0,Wallet,5
ORD04097,CUST0348,2024-12-15,Kolkata,Fashion,Women's Handbag,1899,1,0.05,1804.05,Cash on Delivery,3
ORD04098,CUST0389,2024-09-09,Kolkata,Home & Kitchen,Water Bottle,499,4,0.15,1696.6,Credit Card,4
ORD04099,CUST0298,2024-07-22,Kolkata,Beauty,Face Serum,999,3,0.0,2997.0,Debit Card,3
ORD04100,CUST0030,2025-03-10,Mumbai,Home & Kitchen,Bedsheet Set,1299,3,0.1,3507.3,Credit Card,1
ORD04101,CUST0509,2024-06-04,Bengaluru,Electronics,Wireless Headphones,2499,4,0.0,9996.0,Credit Card,5
ORD04102,CUST0708,2024-05-08,Delhi,Beauty,Perfume,1499,4,0.05,5696.2,Cash on Delivery,6
ORD04103,CUST0674,2025-01-11,Mumbai,Fashion,Women's Handbag,1899,2,0.15,3228.3,Wallet,3
ORD04104,CUST0800,2024-01-31,Delhi,Beauty,Face Serum,999,2,0.05,1898.1,Cash on Delivery,6
ORD04105,CUST0422,2024-07-12,Kolkata,Home & Kitchen,Water Bottle,499,1,0.0,499.0,UPI,2
ORD04106,CUST0194,2024-10-05,Ahmedabad,Home & Kitchen,Bedsheet Set,1299,3,0.15,3312.45,Cash on Delivery,1
ORD04107,CUST0585,2025-05-13,Hyderabad,Electronics,Bluetooth Speaker,1799,4,0.0,7196.0,Wallet,3
ORD04108,CUST0262,2024-12-29,Kolkata,Electronics,Smart Watch,3999,2,0.15,6798.3,Wallet,6
ORD04109,CUST0087,2024-05-21,Ahmedabad,Beauty,Hair Dryer,1999,3,0.05,5697.15,Debit Card,7
ORD04110,CUST0513,2024-06-21,Mumbai,Beauty,Face Serum,999,4,0.05,3796.2,UPI,1
ORD04111,CUST0278,2024-07-28,Kolkata,Beauty,Perfume,1499,1,0.1,1349.1,Cash on Delivery,5
ORD04112,CUST0240,2024-07-07,Hyderabad,Home & Kitchen,Bedsheet Set,1299,3,0.15,3312.45,UPI,7
ORD04113,CUST0167,2024-08-21,Pune,Beauty,Perfume,1499,2,0.15,2548.3,Debit Card,6
ORD04114,CUST0055,2024-02-17,Delhi,Sports,Dumbbell Set,2999,4,0.0,11996.0,Cash on Delivery,1
ORD04115,CUST0652,2024-10-17,Hyderabad,Beauty,Perfume,1499,1,0.0,1499.0,Cash on Delivery,4
ORD04116,CUST0797,2024-10-04,Kolkata,Electronics,Bluetooth Speaker,1799,2,0.0,3598.0,Wallet,3
ORD04117,CUST0321,2024-09-08,Hyderabad,Electronics,Bluetooth Speaker,1799,3,0.0,5397.0,Credit Card,7
ORD04118,CUST0691,2024-06-22,Ahmedabad,Sports,Yoga Mat,899,2,0.1,1618.2,Debit Card,7
ORD04119,CUST0128,2025-07-22,Chennai,Beauty,Perfume,1499,4,0.15,5096.6,UPI,2
ORD04120,CUST0729,2025-04-12,Ahmedabad,Beauty,Hair Dryer,1999,4,0.05,7596.2,UPI,7
ORD04121,CUST0480,2025-06-21,Mumbai,Electronics,Smart Watch,3999,2,0.0,7998.0,Wallet,7
ORD04122,CUST0746,2025-05-14,Delhi,Sports,Cricket Bat,1799,1,0.0,1799.0,UPI,4
ORD04123,CUST0261,2024-09-20,Pune,Electronics,Wireless Headphones,2499,3,0.1,6747.3,UPI,1
ORD04124,CUST0469,2025-08-13,Hyderabad,Sports,Dumbbell Set,2999,2,0.0,5998.0,Debit Card,2
ORD04125,CUST0668,2025-07-13,Hyderabad,Home & Kitchen,Coffee Maker,3499,2,0.15,5948.3,Credit Card,2
ORD04126,CUST0691,2025-07-26,Ahmedabad,Beauty,Perfume,1499,4,0.05,5696.2,Cash on Delivery,1
ORD04127,CUST0249,2024-12-14,Bengaluru,Electronics,Smart Watch,3999,1,0.0,3999.0,Debit Card,1
ORD04128,CUST0774,2024-06-16,Bengaluru,Fashion,Men's T-Shirt,799,1,0.15,679.15,Cash on Delivery,4
ORD04129,CUST0682,2025-02-22,Pune,Sports,Dumbbell Set,2999,1,0.15,2549.15,Cash on Delivery,6
ORD04130,CUST0563,2024-07-27,Chennai,Electronics,Wireless Headphones,2499,4,0.05,9496.2,Wallet,6
ORD04131,CUST0413,2024-11-10,Bengaluru,Home & Kitchen,Coffee Maker,3499,1,0.1,3149.1,UPI,7
ORD04132,CUST0776,2024-01-10,Mumbai,Electronics,Wireless Headphones,2499,2,0.1,4498.2,Cash on Delivery,1
ORD04133,CUST0770,2025-06-08,Pune,Fashion,Women's Handbag,1899,1,0.15,1614.15,Cash on Delivery,7
ORD04134,CUST0771,2025-05-25,Mumbai,Sports,Yoga Mat,899,2,0.0,1798.0,Wallet,5
ORD04135,CUST0689,2024-06-07,Pune,Fashion,Women's Handbag,1899,3,0.15,4842.45,Cash on Delivery,6
ORD04136,CUST0631,2024-06-29,Pune,Home & Kitchen,Bedsheet Set,1299,4,0.1,4676.4,Debit Card,1
ORD04137,CUST0325,2025-02-08,Ahmedabad,Beauty,Hair Dryer,1999,3,0.05,5697.15,Credit Card,4
ORD04138,CUST0792,2024-04-01,Bengaluru,Beauty,Hair Dryer,1999,3,0.05,5697.15,Wallet,1
ORD04139,CUST0592,2025-05-03,Hyderabad,Beauty,Perfume,1499,3,0.1,4047.3,UPI,7
ORD04140,CUST0773,2024-05-15,Bengaluru,Electronics,Wireless Headphones,2499,3,0.05,7122.15,UPI,2
ORD04141,CUST0060,2024-08-19,Chennai,Beauty,Face Serum,999,4,0.15,3396.6,Credit Card,7
ORD04142,CUST0381,2024-06-24,Ahmedabad,Beauty,Perfume,1499,3,0.05,4272.15,Credit Card,2
ORD04143,CUST0795,2024-09-21,Mumbai,Electronics,Bluetooth Speaker,1799,1,0.1,1619.1,Cash on Delivery,2
ORD04144,CUST0151,2024-12-17,Bengaluru,Home & Kitchen,Water Bottle,499,4,0.15,1696.6,Debit Card,4
ORD04145,CUST0129,2024-05-05,Hyderabad,Beauty,Perfume,1499,4,0.05,5696.2,Wallet,2
ORD04146,CUST0215,2025-01-01,Pune,Beauty,Perfume,1499,1,0.0,1499.0,Cash on Delivery,5
ORD04147,CUST0237,2025-03-20,Chennai,Fashion,Men's T-Shirt,799,2,0.1,1438.2,Debit Card,2
ORD04148,CUST0792,2024-06-12,Chennai,Fashion,Running Shoes,2499,3,0.1,6747.3,Cash on Delivery,2
ORD04149,CUST0769,2024-12-11,Chennai,Fashion,Women's Handbag,1899,2,0.0,3798.0,UPI,1
ORD04150,CUST0557,2024-01-08,Kolkata,Fashion,Men's T-Shirt,799,4,0.0,3196.0,Credit Card,6
ORD04151,CUST0012,2025-04-01,Kolkata,Fashion,Women's Handbag,1899,1,0.0,1899.0,Credit Card,2
ORD04152,CUST0216,2025-06-10,Kolkata,Fashion,Men's T-Shirt,799,1,0.15,679.15,Debit Card,4
ORD04153,CUST0641,2025-07-14,Mumbai,Electronics,Wireless Headphones,2499,3,0.1,6747.3,Debit Card,4
ORD04154,CUST0728,2025-06-20,Hyderabad,Fashion,Women's Handbag,1899,1,0.15,1614.15,UPI,4
ORD04155,CUST0669,2024-01-17,Pune,Beauty,Perfume,1499,4,0.15,5096.6,Debit Card,3
ORD04156,CUST0377,2024-04-08,Ahmedabad,Home & Kitchen,Coffee Maker,3499,3,0.0,10497.0,Wallet,7
ORD04157,CUST0031,2024-10-23,Hyderabad,Fashion,Women's Handbag,1899,2,0.1,3418.2,Credit Card,6
ORD04158,CUST0439,2025-09-08,Hyderabad,Fashion,Running Shoes,2499,4,0.0,9996.0,Wallet,2
ORD04159,CUST0219,2025-07-23,Mumbai,Home & Kitchen,Bedsheet Set,1299,2,0.15,2208.3,Credit Card,5
ORD04160,CUST0694,2024-08-10,Chennai,Beauty,Perfume,1499,4,0.15,5096.6,UPI,6
ORD04161,CUST0609,2024-04-06,Hyderabad,Home & Kitchen,Water Bottle,499,2,0.0,998.0,Wallet,7
ORD04162,CUST0131,2024-01-31,Hyderabad,Beauty,Hair Dryer,1999,3,0.0,5997.0,UPI,4
ORD04163,CUST0662,2025-02-16,Ahmedabad,Beauty,Hair Dryer,1999,4,0.0,7996.0,Credit Card,3
ORD04164,CUST0582,2024-10-31,Pune,Beauty,Hair Dryer,1999,4,0.0,7996.0,Credit Card,2
ORD04165,CUST0749,2024-04-01,Mumbai,Sports,Dumbbell Set,2999,3,0.15,7647.45,Credit Card,5
ORD04166,CUST0391,2025-04-25,Bengaluru,Home & Kitchen,Water Bottle,499,3,0.0,1497.0,Credit Card,1
ORD04167,CUST0303,2025-03-28,Chennai,Home & Kitchen,Coffee Maker,3499,4,0.0,13996.0,Wallet,6
ORD04168,CUST0611,2024-12-10,Kolkata,Beauty,Face Serum,999,3,0.15,2547.45,UPI,2
ORD04169,CUST0425,2024-10-19,Hyderabad,Sports,Dumbbell Set,2999,3,0.05,8547.15,Cash on Delivery,7
ORD04170,CUST0526,2024-02-29,Ahmedabad,Home & Kitchen,Water Bottle,499,1,0.1,449.1,Credit Card,1
ORD04171,CUST0754,2024-05-29,Ahmedabad,Electronics,Wireless Headphones,2499,1,0.0,2499.0,Credit Card,4
ORD04172,CUST0673,2025-02-03,Ahmedabad,Beauty,Face Serum,999,2,0.05,1898.1,Credit Card,6
ORD04173,CUST0463,2025-06-01,Kolkata,Fashion,Men's T-Shirt,799,2,0.05,1518.1,Wallet,2
ORD04174,CUST0099,2024-01-06,Delhi,Sports,Yoga Mat,899,4,0.1,3236.4,UPI,5
ORD04175,CUST0766,2024-01-24,Ahmedabad,Electronics,Smart Watch,3999,4,0.1,14396.4,Credit Card,7
ORD04176,CUST0793,2025-04-03,Chennai,Fashion,Women's Handbag,1899,3,0.05,5412.15,Cash on Delivery,5
ORD04177,CUST0496,2024-04-03,Pune,Home & Kitchen,Bedsheet Set,1299,3,0.05,3702.15,UPI,7
ORD04178,CUST0508,2024-07-21,Delhi,Sports,Dumbbell Set,2999,1,0.15,2549.15,Cash on Delivery,3
ORD04179,CUST0359,2024-10-19,Ahmedabad,Home & Kitchen,Bedsheet Set,1299,1,0.0,1299.0,Credit Card,6
ORD04180,CUST0262,2024-11-03,Ahmedabad,Home & Kitchen,Coffee Maker,3499,4,0.15,11896.6,Credit Card,6
ORD04181,CUST0763,2024-02-28,Hyderabad,Fashion,Running Shoes,2499,4,0.15,8496.6,Credit Card,5
ORD04182,CUST0354,2025-03-23,Delhi,Sports,Yoga Mat,899,3,0.1,2427.3,Wallet,2
ORD04183,CUST0093,2025-03-29,Chennai,Beauty,Perfume,1499,3,0.1,4047.3,Cash on Delivery,3
ORD04184,CUST0413,2025-09-12,Hyderabad,Fashion,Women's Handbag,1899,3,0.0,5697.0,Wallet,2
ORD04185,CUST0060,2024-11-27,Bengaluru,Sports,Yoga Mat,899,4,0.0,3596.0,Credit Card,1
ORD04186,CUST0623,2025-02-06,Bengaluru,Sports,Dumbbell Set,2999,4,0.05,11396.2,Debit Card,2
ORD04187,CUST0416,2025-06-25,Hyderabad,Home & Kitchen,Water Bottle,499,3,0.05,1422.15,Credit Card,1
ORD04188,CUST0241,2024-02-02,Ahmedabad,Fashion,Men's T-Shirt,799,3,0.1,2157.3,UPI,1
ORD04189,CUST0318,2024-12-04,Pune,Sports,Dumbbell Set,2999,1,0.0,2999.0,Wallet,3
ORD04190,CUST0061,2025-08-24,Chennai,Beauty,Hair Dryer,1999,1,0.05,1899.05,Cash on Delivery,4
ORD04191,CUST0753,2025-03-16,Delhi,Home & Kitchen,Coffee Maker,3499,3,0.1,9447.3,UPI,4
ORD04192,CUST0046,2024-12-12,Chennai,Electronics,Wireless Headphones,2499,2,0.0,4998.0,Wallet,7
ORD04193,CUST0419,2025-07-18,Delhi,Beauty,Perfume,1499,3,0.05,4272.15,Wallet,6
ORD04194,CUST0534,2024-11-17,Chennai,Electronics,Wireless Headphones,2499,3,0.0,7497.0,Credit Card,2
ORD04195,CUST0103,2024-01-02,Chennai,Home & Kitchen,Water Bottle,499,4,0.1,1796.4,Wallet,3
ORD04196,CUST0601,2024-06-20,Hyderabad,Home & Kitchen,Bedsheet Set,1299,1,0.0,1299.0,Cash on Delivery,2
ORD04197,CUST0189,2024-03-11,Kolkata,Sports,Yoga Mat,899,1,0.0,899.0,Debit Card,7
ORD04198,CUST0057,2025-07-26,Pune,Beauty,Face Serum,999,1,0.05,949.05,UPI,5
ORD04199,CUST0641,2025-02-14,Hyderabad,Home & Kitchen,Bedsheet Set,1299,1,0.0,1299.0,UPI,3
ORD04200,CUST0591,2024-08-15,Pune,Home & Kitchen,Water Bottle,499,1,0.15,424.15,Wallet,4
ORD04201,CUST0495,2024-03-19,Mumbai,Electronics,Bluetooth Speaker,1799,4,0.1,6476.4,Wallet,1
ORD04202,CUST0725,2024-07-27,Bengaluru,Home & Kitchen,Bedsheet Set,1299,2,0.15,2208.3,Wallet,6
ORD04203,CUST0433,2025-09-06,Delhi,Home & Kitchen,Water Bottle,499,4,0.0,1996.0,Credit Card,5
ORD04204,CUST0287,2024-07-18,Hyderabad,Fashion,Men's T-Shirt,799,2,0.0,1598.0,Credit Card,2
ORD04205,CUST0219,2024-02-23,Ahmedabad,Electronics,Bluetooth Speaker,1799,3,0.0,5397.0,UPI,4
ORD04206,CUST0734,2024-06-07,Ahmedabad,Beauty,Hair Dryer,1999,3,0.1,5397.3,Debit Card,5
ORD04207,CUST0708,2024-03-10,Bengaluru,Electronics,Smart Watch,3999,4,0.0,15996.0,Cash on Delivery,7
ORD04208,CUST0398,2024-03-01,Hyderabad,Fashion,Running Shoes,2499,1,0.0,2499.0,UPI,4
ORD04209,CUST0121,2024-04-22,Pune,Home & Kitchen,Coffee Maker,3499,1,0.0,3499.0,UPI,7
ORD04210,CUST0685,2024-05-14,Chennai,Electronics,Bluetooth Speaker,1799,1,0.0,1799.0,Wallet,7
ORD04211,CUST0333,2024-07-05,Hyderabad,Sports,Yoga Mat,899,2,0.0,1798.0,Wallet,7
ORD04212,CUST0155,2025-03-15,Chennai,Sports,Cricket Bat,1799,2,0.0,3598.0,UPI,7
ORD04213,CUST0569,2025-03-16,Delhi,Home & Kitchen,Bedsheet Set,1299,3,0.15,3312.45,UPI,5
ORD04214,CUST0561,2025-02-18,Mumbai,Beauty,Perfume,1499,1,0.15,1274.15,Debit Card,3
ORD04215,CUST0145,2024-03-07,Mumbai,Electronics,Smart Watch,3999,2,0.0,7998.0,Credit Card,7
ORD04216,CUST0795,2024-10-07,Delhi,Beauty,Face Serum,999,1,0.1,899.1,Wallet,7
ORD04217,CUST0555,2024-02-13,Delhi,Electronics,Smart Watch,3999,3,0.1,10797.3,Wallet,4
ORD04218,CUST0280,2024-08-29,Pune,Electronics,Smart Watch,3999,1,0.15,3399.15,Wallet,3
ORD04219,CUST0012,2025-02-17,Hyderabad,Home & Kitchen,Coffee Maker,3499,3,0.0,10497.0,Wallet,1
ORD04220,CUST0408,2024-12-14,Pune,Beauty,Face Serum,999,4,0.05,3796.2,Wallet,5
ORD04221,CUST0499,2024-02-11,Kolkata,Fashion,Running Shoes,2499,3,0.15,6372.45,Credit Card,5
ORD04222,CUST0674,2025-09-25,Mumbai,Home & Kitchen,Water Bottle,499,3,0.0,1497.0,Debit Card,5
ORD04223,CUST0324,2024-07-02,Chennai,Home & Kitchen,Coffee Maker,3499,4,0.1,12596.4,Wallet,3
ORD04224,CUST0615,2024-03-28,Hyderabad,Beauty,Hair Dryer,1999,4,0.15,6796.6,Credit Card,1
ORD04225,CUST0538,2024-05-22,Pune,Electronics,Smart Watch,3999,3,0.1,10797.3,UPI,4
ORD04226,CUST0597,2024-11-23,Mumbai,Home & Kitchen,Bedsheet Set,1299,4,0.15,4416.6,Credit Card,7
ORD04227,CUST0124,2024-03-27,Pune,Beauty,Face Serum,999,4,0.1,3596.4,Cash on Delivery,2
ORD04228,CUST0316,2024-07-13,Bengaluru,Sports,Cricket Bat,1799,4,0.0,7196.0,Debit Card,7
ORD04229,CUST0128,2024-02-17,Pune,Beauty,Perfume,1499,4,0.1,5396.4,Debit Card,4
ORD04230,CUST0162,2024-02-15,Delhi,Fashion,Women's Handbag,1899,4,0.05,7216.2,Debit Card,7
ORD04231,CUST0331,2024-05-31,Bengaluru,Beauty,Face Serum,999,2,0.0,1998.0,Debit Card,2
ORD04232,CUST0035,2025-02-03,Mumbai,Fashion,Women's Handbag,1899,2,0.05,3608.1,Wallet,3
ORD04233,CUST0065,2025-02-03,Ahmedabad,Sports,Dumbbell Set,2999,3,0.15,7647.45,Credit Card,1
ORD04234,CUST0641,2024-01-09,Hyderabad,Home & Kitchen,Water Bottle,499,3,0.0,1497.0,Credit Card,3
ORD04235,CUST0279,2025-06-11,Hyderabad,Fashion,Men's T-Shirt,799,2,0.0,1598.0,Cash on Delivery,1
ORD04236,CUST0249,2024-06-01,Bengaluru,Home & Kitchen,Bedsheet Set,1299,2,0.05,2468.1,Credit Card,6
ORD04237,CUST0278,2025-08-15,Kolkata,Electronics,Wireless Headphones,2499,1,0.0,2499.0,Credit Card,6
ORD04238,CUST0552,2024-02-01,Ahmedabad,Electronics,Smart Watch,3999,1,0.05,3799.05,Wallet,2
ORD04239,CUST0606,2025-05-08,Bengaluru,Home & Kitchen,Bedsheet Set,1299,2,0.1,2338.2,Debit Card,1
ORD04240,CUST0151,2025-06-27,Chennai,Fashion,Men's T-Shirt,799,1,0.1,719.1,UPI,2
ORD04241,CUST0669,2024-04-21,Mumbai,Beauty,Perfume,1499,1,0.15,1274.15,UPI,7
ORD04242,CUST0419,2024-06-15,Hyderabad,Sports,Cricket Bat,1799,2,0.05,3418.1,Cash on Delivery,5
ORD04243,CUST0517,2025-01-05,Ahmedabad,Sports,Cricket Bat,1799,2,0.05,3418.1,Cash on Delivery,3
ORD04244,CUST0515,2024-11-03,Bengaluru,Home & Kitchen,Water Bottle,499,4,0.0,1996.0,Credit Card,6
ORD04245,CUST0303,2024-11-14,Bengaluru,Beauty,Perfume,1499,2,0.05,2848.1,Credit Card,6
ORD04246,CUST0478,2024-03-10,Bengaluru,Home & Kitchen,Water Bottle,499,3,0.0,1497.0,Wallet,1
ORD04247,CUST0375,2024-12-10,Chennai,Home & Kitchen,Water Bottle,499,2,0.05,948.1,Wallet,6
ORD04248,CUST0269,2024-01-08,Ahmedabad,Sports,Yoga Mat,899,4,0.0,3596.0,Cash on Delivery,4
ORD04249,CUST0132,2025-06-29,Ahmedabad,Beauty,Hair Dryer,1999,4,0.0,7996.0,Debit Card,3
ORD04250,CUST0641,2024-02-26,Ahmedabad,Sports,Cricket Bat,1799,1,0.0,1799.0,Debit Card,2
ORD04251,CUST0369,2025-07-22,Chennai,Electronics,Bluetooth Speaker,1799,2,0.1,3238.2,UPI,3
ORD04252,CUST0493,2024-02-05,Kolkata,Fashion,Women's Handbag,1899,2,0.0,3798.0,UPI,3
ORD04253,CUST0397,2024-01-16,Delhi,Home & Kitchen,Water Bottle,499,1,0.0,499.0,Debit Card,3
ORD04254,CUST0725,2024-12-26,Ahmedabad,Home & Kitchen,Water Bottle,499,4,0.05,1896.2,Debit Card,3
ORD04255,CUST0491,2025-09-19,Delhi,Fashion,Men's T-Shirt,799,1,0.15,679.15,UPI,6
ORD04256,CUST0595,2024-10-10,Ahmedabad,Home & Kitchen,Water Bottle,499,2,0.0,998.0,Credit Card,5
ORD04257,CUST0026,2024-04-04,Mumbai,Beauty,Perfume,1499,4,0.0,5996.0,Credit Card,7
ORD04258,CUST0615,2025-09-06,Ahmedabad,Home & Kitchen,Water Bottle,499,3,0.05,1422.15,Debit Card,6
ORD04259,CUST0642,2025-02-27,Delhi,Sports,Dumbbell Set,2999,3,0.15,7647.45,Wallet,5
ORD04260,CUST0055,2025-02-17,Bengaluru,Sports,Yoga Mat,899,4,0.15,3056.6,UPI,3
ORD04261,CUST0262,2025-09-13,Chennai,Sports,Dumbbell Set,2999,2,0.1,5398.2,Cash on Delivery,4
ORD04262,CUST0598,2024-10-22,Mumbai,Fashion,Running Shoes,2499,2,0.1,4498.2,Credit Card,2
ORD04263,CUST0617,2024-08-22,Hyderabad,Electronics,Wireless Headphones,2499,2,0.0,4998.0,Debit Card,5
ORD04264,CUST0212,2025-04-06,Delhi,Electronics,Smart Watch,3999,1,0.05,3799.05,Debit Card,6
ORD04265,CUST0318,2025-04-19,Ahmedabad,Sports,Yoga Mat,899,4,0.15,3056.6,Cash on Delivery,6
ORD04266,CUST0227,2024-01-19,Pune,Beauty,Hair Dryer,1999,1,0.1,1799.1,Cash on Delivery,4
ORD04267,CUST0387,2025-04-05,Bengaluru,Home & Kitchen,Coffee Maker,3499,1,0.0,3499.0,Credit Card,7
ORD04268,CUST0131,2025-07-05,Delhi,Sports,Yoga Mat,899,1,0.0,899.0,Wallet,7
ORD04269,CUST0493,2024-06-17,Kolkata,Fashion,Running Shoes,2499,4,0.15,8496.6,Cash on Delivery,2
ORD04270,CUST0203,2024-07-29,Mumbai,Beauty,Hair Dryer,1999,2,0.15,3398.3,Debit Card,6
ORD04271,CUST0679,2024-06-19,Mumbai,Home & Kitchen,Bedsheet Set,1299,4,0.15,4416.6,Cash on Delivery,4
ORD04272,CUST0238,2024-12-26,Delhi,Beauty,Face Serum,999,3,0.15,2547.45,Credit Card,2
ORD04273,CUST0534,2024-12-14,Kolkata,Home & Kitchen,Bedsheet Set,1299,3,0.0,3897.0,Wallet,5
ORD04274,CUST0101,2024-12-25,Bengaluru,Electronics,Wireless Headphones,2499,3,0.1,6747.3,Debit Card,2
ORD04275,CUST0571,2025-04-23,Delhi,Electronics,Wireless Headphones,2499,4,0.0,9996.0,Cash on Delivery,7
ORD04276,CUST0641,2024-09-15,Delhi,Electronics,Smart Watch,3999,2,0.1,7198.2,UPI,6
ORD04277,CUST0371,2024-12-24,Hyderabad,Beauty,Perfume,1499,3,0.15,3822.45,Wallet,3
ORD04278,CUST0773,2025-08-10,Chennai,Fashion,Men's T-Shirt,799,2,0.1,1438.2,UPI,2
ORD04279,CUST0509,2025-08-13,Bengaluru,Beauty,Face Serum,999,4,0.05,3796.2,Cash on Delivery,4
ORD04280,CUST0375,2025-05-14,Chennai,Beauty,Hair Dryer,1999,4,0.1,7196.4,Debit Card,7
ORD04281,CUST0092,2024-11-12,Ahmedabad,Sports,Cricket Bat,1799,1,0.0,1799.0,Debit Card,5
ORD04282,CUST0025,2025-07-22,Kolkata,Electronics,Bluetooth Speaker,1799,3,0.0,5397.0,Credit Card,4
ORD04283,CUST0622,2025-09-14,Mumbai,Beauty,Face Serum,999,2,0.0,1998.0,Cash on Delivery,7
ORD04284,CUST0097,2024-02-03,Delhi,Beauty,Face Serum,999,3,0.0,2997.0,UPI,2
ORD04285,CUST0001,2025-06-22,Kolkata,Sports,Yoga Mat,899,3,0.05,2562.15,Debit Card,2
ORD04286,CUST0161,2025-09-25,Delhi,Fashion,Women's Handbag,1899,3,0.1,5127.3,Debit Card,5
ORD04287,CUST0404,2025-06-21,Delhi,Sports,Yoga Mat,899,1,0.0,899.0,Cash on Delivery,7
ORD04288,CUST0585,2025-09-09,Delhi,Home & Kitchen,Coffee Maker,3499,1,0.05,3324.05,Debit Card,4
ORD04289,CUST0628,2025-04-10,Pune,Fashion,Running Shoes,2499,1,0.1,2249.1,Cash on Delivery,6
ORD04290,CUST0599,2024-02-07,Pune,Fashion,Women's Handbag,1899,4,0.0,7596.0,UPI,1
ORD04291,CUST0313,2025-03-18,Chennai,Fashion,Men's T-Shirt,799,4,0.0,3196.0,Credit Card,1
ORD04292,CUST0450,2025-08-02,Bengaluru,Home & Kitchen,Bedsheet Set,1299,4,0.15,4416.6,Debit Card,3
ORD04293,CUST0699,2025-01-05,Ahmedabad,Sports,Cricket Bat,1799,1,0.05,1709.05,Wallet,2
ORD04294,CUST0119,2024-05-01,Hyderabad,Fashion,Women's Handbag,1899,4,0.0,7596.0,Debit Card,6
ORD04295,CUST0641,2024-07-29,Bengaluru,Sports,Yoga Mat,899,4,0.1,3236.4,Cash on Delivery,1
ORD04296,CUST0566,2025-06-04,Pune,Sports,Cricket Bat,1799,3,0.1,4857.3,UPI,1
ORD04297,CUST0513,2024-12-21,Pune,Sports,Cricket Bat,1799,4,0.0,7196.0,Cash on Delivery,7
ORD04298,CUST0281,2025-02-24,Kolkata,Sports,Cricket Bat,1799,2,0.0,3598.0,Cash on Delivery,1
ORD04299,CUST0406,2025-05-16,Ahmedabad,Fashion,Women's Handbag,1899,2,0.0,3798.0,Cash on Delivery,7
ORD04300,CUST0531,2024-12-08,Ahmedabad,Home & Kitchen,Bedsheet Set,1299,4,0.05,4936.2,Cash on Delivery,4
ORD04301,CUST0358,2024-03-21,Hyderabad,Sports,Cricket Bat,1799,3,0.1,4857.3,Credit Card,3
ORD04302,CUST0260,2024-05-12,Mumbai,Beauty,Hair Dryer,1999,3,0.0,5997.0,Debit Card,2
ORD04303,CUST0573,2024-01-06,Kolkata,Beauty,Hair Dryer,1999,2,0.15,3398.3,Wallet,5
ORD04304,CUST0341,2024-09-21,Mumbai,Beauty,Hair Dryer,1999,2,0.15,3398.3,Credit Card,4
ORD04305,CUST0008,2025-06-21,Hyderabad,Home & Kitchen,Coffee Maker,3499,1,0.1,3149.1,Credit Card,5
ORD04306,CUST0194,2025-08-17,Bengaluru,Fashion,Men's T-Shirt,799,3,0.1,2157.3,Wallet,1
ORD04307,CUST0044,2025-06-21,Kolkata,Fashion,Women's Handbag,1899,4,0.05,7216.2,UPI,4
ORD04308,CUST0090,2024-10-08,Hyderabad,Fashion,Women's Handbag,1899,2,0.0,3798.0,UPI,6
ORD04309,CUST0322,2024-01-31,Delhi,Beauty,Face Serum,999,2,0.05,1898.1,UPI,7
ORD04310,CUST0546,2024-08-23,Ahmedabad,Fashion,Women's Handbag,1899,3,0.15,4842.45,Wallet,4
ORD04311,CUST0288,2025-04-23,Pune,Fashion,Men's T-Shirt,799,3,0.1,2157.3,Debit Card,6
ORD04312,CUST0140,2024-08-11,Ahmedabad,Beauty,Hair Dryer,1999,1,0.0,1999.0,Credit Card,7
ORD04313,CUST0344,2024-04-24,Bengaluru,Sports,Dumbbell Set,2999,4,0.05,11396.2,UPI,6
ORD04314,CUST0022,2024-03-31,Bengaluru,Sports,Cricket Bat,1799,1,0.0,1799.0,Cash on Delivery,4
ORD04315,CUST0118,2024-12-01,Pune,Electronics,Smart Watch,3999,1,0.15,3399.15,Debit Card,5
ORD04316,CUST0650,2025-08-02,Ahmedabad,Home & Kitchen,Bedsheet Set,1299,4,0.1,4676.4,Credit Card,5
ORD04317,CUST0270,2024-03-30,Kolkata,Fashion,Men's T-Shirt,799,1,0.1,719.1,Credit Card,3
ORD04318,CUST0541,2025-04-29,Chennai,Beauty,Perfume,1499,3,0.05,4272.15,Debit Card,1
ORD04319,CUST0191,2024-02-02,Ahmedabad,Home & Kitchen,Bedsheet Set,1299,2,0.1,2338.2,UPI,6
ORD04320,CUST0775,2025-03-19,Ahmedabad,Beauty,Perfume,1499,4,0.05,5696.2,UPI,4
ORD04321,CUST0187,2025-09-06,Chennai,Electronics,Bluetooth Speaker,1799,1,0.0,1799.0,Cash on Delivery,1
ORD04322,CUST0504,2024-07-11,Ahmedabad,Fashion,Running Shoes,2499,1,0.0,2499.0,Debit Card,3
ORD04323,CUST0255,2024-07-31,Ahmedabad,Sports,Dumbbell Set,2999,3,0.0,8997.0,Cash on Delivery,5
ORD04324,CUST0502,2024-01-12,Delhi,Beauty,Face Serum,999,3,0.15,2547.45,UPI,6
ORD04325,CUST0438,2024-01-31,Kolkata,Beauty,Perfume,1499,3,0.0,4497.0,UPI,4
ORD04326,CUST0452,2024-11-04,Kolkata,Electronics,Smart Watch,3999,2,0.15,6798.3,Wallet,2
ORD04327,CUST0474,2024-12-25,Chennai,Electronics,Wireless Headphones,2499,3,0.15,6372.45,Cash on Delivery,7
ORD04328,CUST0269,2024-10-25,Bengaluru,Home & Kitchen,Bedsheet Set,1299,3,0.0,3897.0,Cash on Delivery,2
ORD04329,CUST0463,2024-04-30,Chennai,Sports,Yoga Mat,899,1,0.0,899.0,Cash on Delivery,7
ORD04330,CUST0763,2025-05-19,Hyderabad,Home & Kitchen,Water Bottle,499,1,0.1,449.1,Wallet,5
ORD04331,CUST0576,2025-07-18,Hyderabad,Home & Kitchen,Coffee Maker,3499,3,0.0,10497.0,Wallet,2
ORD04332,CUST0642,2025-04-17,Hyderabad,Electronics,Wireless Headphones,2499,2,0.0,4998.0,Cash on Delivery,1
ORD04333,CUST0128,2024-02-25,Hyderabad,Home & Kitchen,Water Bottle,499,4,0.15,1696.6,Credit Card,2
ORD04334,CUST0225,2024-07-19,Mumbai,Electronics,Wireless Headphones,2499,4,0.1,8996.4,Wallet,7
ORD04335,CUST0272,2024-12-27,Mumbai,Fashion,Men's T-Shirt,799,3,0.1,2157.3,Credit Card,1
ORD04336,CUST0062,2024-10-08,Bengaluru,Beauty,Perfume,1499,1,0.05,1424.05,Cash on Delivery,2
ORD04337,CUST0366,2025-09-15,Chennai,Fashion,Men's T-Shirt,799,1,0.0,799.0,UPI,5
ORD04338,CUST0206,2024-05-11,Delhi,Home & Kitchen,Water Bottle,499,1,0.05,474.05,Wallet,2
ORD04339,CUST0057,2024-05-09,Kolkata,Electronics,Bluetooth Speaker,1799,4,0.15,6116.6,Wallet,7
ORD04340,CUST0058,2024-08-31,Hyderabad,Electronics,Bluetooth Speaker,1799,1,0.15,1529.15,Debit Card,5
ORD04341,CUST0368,2025-06-12,Ahmedabad,Home & Kitchen,Bedsheet Set,1299,4,0.0,5196.0,Cash on Delivery,5
ORD04342,CUST0654,2024-12-03,Hyderabad,Beauty,Face Serum,999,2,0.05,1898.1,Credit Card,5
ORD04343,CUST0498,2024-06-09,Bengaluru,Electronics,Smart Watch,3999,1,0.15,3399.15,Credit Card,7
ORD04344,CUST0601,2024-05-14,Hyderabad,Sports,Yoga Mat,899,4,0.05,3416.2,UPI,5
ORD04345,CUST0703,2025-04-23,Pune,Home & Kitchen,Water Bottle,499,3,0.05,1422.15,Wallet,7
ORD04346,CUST0606,2024-12-12,Mumbai,Sports,Dumbbell Set,2999,1,0.05,2849.05,Credit Card,1
ORD04347,CUST0311,2024-12-02,Kolkata,Sports,Yoga Mat,899,4,0.15,3056.6,Wallet,4
ORD04348,CUST0525,2024-10-28,Kolkata,Beauty,Face Serum,999,3,0.0,2997.0,Wallet,6
ORD04349,CUST0586,2025-06-06,Bengaluru,Electronics,Bluetooth Speaker,1799,3,0.0,5397.0,Debit Card,3
ORD04350,CUST0341,2024-08-31,Mumbai,Beauty,Perfume,1499,3,0.0,4497.0,Cash on Delivery,7
ORD04351,CUST0616,2024-12-26,Chennai,Beauty,Perfume,1499,3,0.05,4272.15,Debit Card,7
ORD04352,CUST0775,2025-06-03,Bengaluru,Home & Kitchen,Bedsheet Set,1299,1,0.0,1299.0,Credit Card,4
ORD04353,CUST0643,2025-04-07,Ahmedabad,Beauty,Hair Dryer,1999,3,0.1,5397.3,Cash on Delivery,3
ORD04354,CUST0726,2024-10-17,Delhi,Home & Kitchen,Bedsheet Set,1299,2,0.05,2468.1,Credit Card,2
ORD04355,CUST0255,2025-08-23,Ahmedabad,Sports,Cricket Bat,1799,2,0.05,3418.1,Wallet,4
ORD04356,CUST0728,2024-03-04,Kolkata,Sports,Yoga Mat,899,1,0.1,809.1,Debit Card,3
ORD04357,CUST0473,2025-03-02,Kolkata,Sports,Cricket Bat,1799,3,0.15,4587.45,UPI,4
ORD04358,CUST0432,2024-12-15,Ahmedabad,Beauty,Face Serum,999,2,0.15,1698.3,UPI,2
ORD04359,CUST0173,2024-01-31,Ahmedabad,Home & Kitchen,Coffee Maker,3499,2,0.05,6648.1,Cash on Delivery,4
ORD04360,CUST0127,2024-11-04,Bengaluru,Home & Kitchen,Bedsheet Set,1299,1,0.1,1169.1,Credit Card,4
ORD04361,CUST0203,2025-01-04,Delhi,Fashion,Running Shoes,2499,4,0.1,8996.4,Debit Card,7
ORD04362,CUST0509,2024-04-15,Mumbai,Home & Kitchen,Water Bottle,499,2,0.05,948.1,UPI,3
ORD04363,CUST0297,2024-09-03,Hyderabad,Home & Kitchen,Coffee Maker,3499,3,0.15,8922.45,Debit Card,5
ORD04364,CUST0435,2024-05-05,Chennai,Home & Kitchen,Coffee Maker,3499,4,0.0,13996.0,Credit Card,3
ORD04365,CUST0056,2025-06-05,Hyderabad,Beauty,Perfume,1499,4,0.1,5396.4,UPI,3
ORD04366,CUST0778,2025-03-03,Mumbai,Sports,Yoga Mat,899,1,0.15,764.15,Debit Card,2
ORD04367,CUST0697,2024-12-03,Ahmedabad,Electronics,Smart Watch,3999,1,0.05,3799.05,Wallet,3
ORD04368,CUST0229,2024-08-25,Pune,Fashion,Men's T-Shirt,799,4,0.15,2716.6,Wallet,4
ORD04369,CUST0037,2025-03-06,Hyderabad,Electronics,Bluetooth Speaker,1799,2,0.0,3598.0,UPI,1
ORD04370,CUST0612,2024-07-20,Delhi,Electronics,Smart Watch,3999,3,0.15,10197.45,UPI,1
ORD04371,CUST0416,2024-06-14,Kolkata,Home & Kitchen,Water Bottle,499,2,0.0,998.0,UPI,1
ORD04372,CUST0585,2024-08-10,Pune,Sports,Dumbbell Set,2999,2,0.0,5998.0,Credit Card,4
ORD04373,CUST0557,2024-08-29,Ahmedabad,Sports,Yoga Mat,899,2,0.0,1798.0,Wallet,2
ORD04374,CUST0291,2024-10-31,Ahmedabad,Electronics,Bluetooth Speaker,1799,2,0.15,3058.3,Wallet,1
ORD04375,CUST0766,2024-09-11,Kolkata,Beauty,Hair Dryer,1999,4,0.1,7196.4,Credit Card,6
ORD04376,CUST0717,2025-06-08,Delhi,Electronics,Bluetooth Speaker,1799,2,0.05,3418.1,Credit Card,3
ORD04377,CUST0493,2024-10-26,Kolkata,Fashion,Running Shoes,2499,4,0.1,8996.4,Credit Card,6
ORD04378,CUST0475,2024-09-20,Chennai,Beauty,Hair Dryer,1999,3,0.0,5997.0,Credit Card,7
ORD04379,CUST0453,2024-09-02,Hyderabad,Beauty,Perfume,1499,4,0.1,5396.4,Wallet,1
ORD04380,CUST0625,2024-10-06,Bengaluru,Sports,Cricket Bat,1799,4,0.05,6836.2,Debit Card,4
ORD04381,CUST0394,2024-09-20,Chennai,Sports,Cricket Bat,1799,1,0.05,1709.05,Wallet,5
ORD04382,CUST0448,2024-12-04,Pune,Home & Kitchen,Water Bottle,499,1,0.05,474.05,Debit Card,6
ORD04383,CUST0642,2024-06-05,Pune,Fashion,Men's T-Shirt,799,3,0.0,2397.0,Wallet,7
ORD04384,CUST0398,2025-08-26,Pune,Electronics,Bluetooth Speaker,1799,4,0.05,6836.2,Cash on Delivery,6
ORD04385,CUST0143,2024-07-05,Bengaluru,Sports,Yoga Mat,899,1,0.15,764.15,Credit Card,6
ORD04386,CUST0141,2025-05-17,Bengaluru,Fashion,Women's Handbag,1899,4,0.15,6456.6,UPI,2
ORD04387,CUST0793,2025-07-25,Kolkata,Beauty,Face Serum,999,2,0.1,1798.2,UPI,4
ORD04388,CUST0724,2024-11-04,Hyderabad,Electronics,Wireless Headphones,2499,4,0.1,8996.4,Cash on Delivery,5
ORD04389,CUST0599,2024-12-01,Pune,Fashion,Men's T-Shirt,799,3,0.05,2277.15,Debit Card,6
ORD04390,CUST0515,2025-04-16,Pune,Beauty,Perfume,1499,4,0.05,5696.2,Wallet,6
ORD04391,CUST0753,2024-03-09,Bengaluru,Electronics,Wireless Headphones,2499,3,0.05,7122.15,Cash on Delivery,6
ORD04392,CUST0617,2024-09-18,Kolkata,Beauty,Perfume,1499,4,0.05,5696.2,Credit Card,4
ORD04393,CUST0421,2025-01-11,Delhi,Fashion,Men's T-Shirt,799,4,0.0,3196.0,Debit Card,4
ORD04394,CUST0044,2024-06-30,Mumbai,Home & Kitchen,Water Bottle,499,3,0.05,1422.15,Debit Card,2
ORD04395,CUST0467,2024-09-13,Delhi,Electronics,Bluetooth Speaker,1799,4,0.1,6476.4,Debit Card,2
ORD04396,CUST0095,2025-08-11,Hyderabad,Electronics,Wireless Headphones,2499,3,0.0,7497.0,UPI,7
ORD04397,CUST0230,2024-08-29,Hyderabad,Home & Kitchen,Coffee Maker,3499,3,0.0,10497.0,Wallet,3
ORD04398,CUST0191,2024-07-11,Bengaluru,Electronics,Bluetooth Speaker,1799,1,0.05,1709.05,Wallet,5
ORD04399,CUST0502,2024-07-09,Mumbai,Beauty,Hair Dryer,1999,4,0.0,7996.0,Debit Card,2
ORD04400,CUST0042,2025-02-15,Delhi,Fashion,Men's T-Shirt,799,1,0.0,799.0,Cash on Delivery,1
ORD04401,CUST0084,2025-09-09,Kolkata,Electronics,Smart Watch,3999,2,0.0,7998.0,Debit Card,4
ORD04402,CUST0613,2025-09-24,Mumbai,Home & Kitchen,Bedsheet Set,1299,4,0.05,4936.2,Debit Card,7
ORD04403,CUST0632,2024-12-25,Pune,Fashion,Women's Handbag,1899,1,0.0,1899.0,UPI,1
ORD04404,CUST0046,2024-07-17,Kolkata,Home & Kitchen,Water Bottle,499,3,0.15,1272.45,UPI,6
ORD04405,CUST0042,2024-08-14,Pune,Beauty,Hair Dryer,1999,3,0.0,5997.0,UPI,1
ORD04406,CUST0563,2025-02-15,Ahmedabad,Sports,Yoga Mat,899,2,0.0,1798.0,Debit Card,3
ORD04407,CUST0245,2025-04-02,Bengaluru,Fashion,Women's Handbag,1899,1,0.05,1804.05,UPI,3
ORD04408,CUST0255,2024-10-15,Delhi,Fashion,Men's T-Shirt,799,2,0.1,1438.2,Credit Card,4
ORD04409,CUST0180,2024-02-14,Chennai,Beauty,Hair Dryer,1999,3,0.1,5397.3,Credit Card,4
ORD04410,CUST0023,2025-06-06,Pune,Electronics,Smart Watch,3999,3,0.05,11397.15,Credit Card,3
ORD04411,CUST0432,2024-06-02,Ahmedabad,Beauty,Hair Dryer,1999,3,0.05,5697.15,Credit Card,1
ORD04412,CUST0466,2024-05-27,Hyderabad,Fashion,Women's Handbag,1899,4,0.0,7596.0,UPI,1
ORD04413,CUST0043,2025-05-14,Pune,Electronics,Smart Watch,3999,4,0.15,13596.6,Wallet,1
ORD04414,CUST0086,2024-07-01,Delhi,Home & Kitchen,Coffee Maker,3499,1,0.0,3499.0,Cash on Delivery,4
ORD04415,CUST0193,2025-01-08,Chennai,Sports,Yoga Mat,899,2,0.0,1798.0,Credit Card,1
ORD04416,CUST0084,2024-11-23,Pune,Home & Kitchen,Coffee Maker,3499,3,0.15,8922.45,Debit Card,4
ORD04417,CUST0111,2024-05-28,Chennai,Electronics,Smart Watch,3999,3,0.0,11997.0,UPI,2
ORD04418,CUST0768,2025-02-26,Hyderabad,Home & Kitchen,Water Bottle,499,4,0.05,1896.2,Debit Card,6
ORD04419,CUST0312,2024-02-05,Delhi,Electronics,Bluetooth Speaker,1799,1,0.0,1799.0,UPI,3
ORD04420,CUST0052,2024-04-10,Chennai,Home & Kitchen,Bedsheet Set,1299,1,0.05,1234.05,Credit Card,3
ORD04421,CUST0208,2025-03-02,Chennai,Beauty,Hair Dryer,1999,2,0.0,3998.0,UPI,3
ORD04422,CUST0477,2024-07-17,Mumbai,Beauty,Perfume,1499,3,0.05,4272.15,UPI,5
ORD04423,CUST0239,2024-09-26,Ahmedabad,Sports,Cricket Bat,1799,1,0.1,1619.1,Cash on Delivery,1
ORD04424,CUST0452,2024-10-03,Mumbai,Fashion,Men's T-Shirt,799,4,0.0,3196.0,UPI,7
ORD04425,CUST0218,2024-08-17,Ahmedabad,Fashion,Women's Handbag,1899,2,0.15,3228.3,UPI,4
ORD04426,CUST0465,2024-04-21,Pune,Sports,Cricket Bat,1799,4,0.15,6116.6,Wallet,4
ORD04427,CUST0506,2024-04-06,Chennai,Home & Kitchen,Water Bottle,499,3,0.15,1272.45,Wallet,2
ORD04428,CUST0739,2024-12-21,Hyderabad,Electronics,Bluetooth Speaker,1799,1,0.0,1799.0,Wallet,1
ORD04429,CUST0500,2024-03-16,Chennai,Beauty,Perfume,1499,2,0.0,2998.0,Cash on Delivery,3
ORD04430,CUST0395,2024-02-14,Hyderabad,Beauty,Face Serum,999,3,0.05,2847.15,Debit Card,7
ORD04431,CUST0378,2024-07-26,Ahmedabad,Home & Kitchen,Water Bottle,499,3,0.15,1272.45,UPI,6
ORD04432,CUST0268,2025-08-13,Pune,Beauty,Hair Dryer,1999,3,0.0,5997.0,Credit Card,7
ORD04433,CUST0669,2024-05-30,Bengaluru,Electronics,Smart Watch,3999,3,0.1,10797.3,Cash on Delivery,1
ORD04434,CUST0779,2024-01-27,Bengaluru,Sports,Dumbbell Set,2999,2,0.1,5398.2,Cash on Delivery,7
ORD04435,CUST0758,2024-01-21,Delhi,Electronics,Wireless Headphones,2499,4,0.15,8496.6,UPI,5
ORD04436,CUST0604,2024-03-10,Kolkata,Fashion,Women's Handbag,1899,1,0.15,1614.15,Wallet,1
ORD04437,CUST0202,2024-02-20,Bengaluru,Sports,Yoga Mat,899,4,0.0,3596.0,Cash on Delivery,6
ORD04438,CUST0353,2024-01-25,Ahmedabad,Beauty,Perfume,1499,2,0.15,2548.3,Cash on Delivery,7
ORD04439,CUST0688,2024-10-11,Ahmedabad,Beauty,Hair Dryer,1999,1,0.0,1999.0,Credit Card,6
ORD04440,CUST0577,2024-04-17,Hyderabad,Beauty,Perfume,1499,2,0.0,2998.0,Cash on Delivery,6
ORD04441,CUST0503,2024-01-29,Ahmedabad,Sports,Cricket Bat,1799,3,0.1,4857.3,Credit Card,6
ORD04442,CUST0703,2025-07-30,Delhi,Home & Kitchen,Bedsheet Set,1299,3,0.1,3507.3,Wallet,7
ORD04443,CUST0210,2024-05-03,Hyderabad,Fashion,Men's T-Shirt,799,1,0.05,759.05,Cash on Delivery,2
ORD04444,CUST0687,2025-06-27,Bengaluru,Sports,Dumbbell Set,2999,4,0.05,11396.2,Debit Card,1
ORD04445,CUST0479,2025-03-10,Kolkata,Electronics,Smart Watch,3999,3,0.0,11997.0,Wallet,4
ORD04446,CUST0565,2024-05-03,Bengaluru,Beauty,Face Serum,999,3,0.15,2547.45,UPI,4
ORD04447,CUST0462,2025-05-26,Chennai,Beauty,Hair Dryer,1999,4,0.05,7596.2,Debit Card,7
ORD04448,CUST0222,2024-11-10,Chennai,Sports,Dumbbell Set,2999,3,0.15,7647.45,Debit Card,4
ORD04449,CUST0360,2024-06-30,Bengaluru,Sports,Dumbbell Set,2999,4,0.0,11996.0,UPI,7
ORD04450,CUST0261,2025-01-24,Pune,Electronics,Bluetooth Speaker,1799,2,0.0,3598.0,Wallet,1
ORD04451,CUST0092,2025-08-14,Pune,Fashion,Women's Handbag,1899,4,0.0,7596.0,Wallet,5
ORD04452,CUST0218,2024-02-08,Delhi,Fashion,Men's T-Shirt,799,3,0.0,2397.0,Credit Card,7
ORD04453,CUST0657,2024-11-24,Pune,Sports,Cricket Bat,1799,2,0.0,3598.0,Wallet,2
ORD04454,CUST0242,2024-08-25,Hyderabad,Sports,Dumbbell Set,2999,4,0.05,11396.2,Debit Card,2
ORD04455,CUST0613,2024-05-19,Kolkata,Beauty,Perfume,1499,2,0.0,2998.0,Wallet,4
ORD04456,CUST0572,2024-07-09,Bengaluru,Home & Kitchen,Coffee Maker,3499,1,0.0,3499.0,Cash on Delivery,5
ORD04457,CUST0463,2024-05-05,Chennai,Sports,Yoga Mat,899,3,0.05,2562.15,Wallet,2
ORD04458,CUST0661,2025-03-27,Ahmedabad,Fashion,Men's T-Shirt,799,2,0.0,1598.0,Wallet,4
ORD04459,CUST0703,2024-10-10,Ahmedabad,Home & Kitchen,Water Bottle,499,2,0.15,848.3,Debit Card,7
ORD04460,CUST0743,2025-05-21,Ahmedabad,Electronics,Smart Watch,3999,3,0.1,10797.3,Wallet,1
ORD04461,CUST0686,2024-05-08,Kolkata,Beauty,Hair Dryer,1999,2,0.0,3998.0,Credit Card,3
ORD04462,CUST0713,2025-05-29,Delhi,Home & Kitchen,Water Bottle,499,3,0.0,1497.0,UPI,6
ORD04463,CUST0145,2025-08-24,Ahmedabad,Home & Kitchen,Coffee Maker,3499,3,0.0,10497.0,Credit Card,1
ORD04464,CUST0606,2025-01-24,Hyderabad,Sports,Cricket Bat,1799,1,0.0,1799.0,Cash on Delivery,6
ORD04465,CUST0202,2024-09-19,Chennai,Home & Kitchen,Coffee Maker,3499,2,0.15,5948.3,Wallet,1
ORD04466,CUST0534,2024-01-05,Hyderabad,Beauty,Perfume,1499,4,0.1,5396.4,Debit Card,1
ORD04467,CUST0659,2025-08-16,Kolkata,Beauty,Perfume,1499,3,0.0,4497.0,Debit Card,7
ORD04468,CUST0150,2024-11-03,Ahmedabad,Electronics,Wireless Headphones,2499,1,0.0,2499.0,Wallet,4
ORD04469,CUST0599,2024-10-12,Bengaluru,Home & Kitchen,Bedsheet Set,1299,2,0.05,2468.1,UPI,1
ORD04470,CUST0656,2025-07-12,Pune,Electronics,Bluetooth Speaker,1799,1,0.15,1529.15,Wallet,5
ORD04471,CUST0379,2024-09-08,Ahmedabad,Electronics,Wireless Headphones,2499,2,0.15,4248.3,Debit Card,2
ORD04472,CUST0333,2024-04-01,Ahmedabad,Sports,Cricket Bat,1799,1,0.0,1799.0,UPI,7
ORD04473,CUST0055,2025-02-09,Delhi,Fashion,Women's Handbag,1899,4,0.05,7216.2,Cash on Delivery,3
ORD04474,CUST0332,2024-12-08,Kolkata,Fashion,Women's Handbag,1899,2,0.05,3608.1,Cash on Delivery,2
ORD04475,CUST0727,2024-12-15,Kolkata,Electronics,Wireless Headphones,2499,1,0.0,2499.0,Cash on Delivery,5
ORD04476,CUST0005,2024-10-18,Ahmedabad,Fashion,Men's T-Shirt,799,2,0.15,1358.3,UPI,7
ORD04477,CUST0395,2024-10-09,Pune,Beauty,Face Serum,999,3,0.0,2997.0,UPI,7
ORD04478,CUST0739,2024-02-20,Mumbai,Sports,Cricket Bat,1799,3,0.1,4857.3,Cash on Delivery,1
ORD04479,CUST0592,2025-03-28,Hyderabad,Fashion,Running Shoes,2499,1,0.0,2499.0,UPI,4
ORD04480,CUST0648,2024-09-22,Delhi,Fashion,Women's Handbag,1899,2,0.0,3798.0,Credit Card,1
ORD04481,CUST0347,2025-05-14,Pune,Fashion,Men's T-Shirt,799,3,0.0,2397.0,UPI,4
ORD04482,CUST0681,2024-09-16,Delhi,Sports,Yoga Mat,899,3,0.1,2427.3,Wallet,6
ORD04483,CUST0691,2024-08-11,Chennai,Home & Kitchen,Coffee Maker,3499,1,0.0,3499.0,Cash on Delivery,4
ORD04484,CUST0349,2025-06-14,Delhi,Home & Kitchen,Bedsheet Set,1299,1,0.0,1299.0,Debit Card,4
ORD04485,CUST0102,2025-09-19,Hyderabad,Home & Kitchen,Bedsheet Set,1299,1,0.1,1169.1,Cash on Delivery,5
ORD04486,CUST0756,2024-06-30,Kolkata,Fashion,Running Shoes,2499,1,0.05,2374.05,Wallet,2
ORD04487,CUST0164,2024-10-16,Kolkata,Fashion,Men's T-Shirt,799,1,0.0,799.0,Wallet,1
ORD04488,CUST0222,2024-03-27,Hyderabad,Home & Kitchen,Water Bottle,499,3,0.0,1497.0,Cash on Delivery,5
ORD04489,CUST0423,2024-06-21,Hyderabad,Sports,Yoga Mat,899,1,0.05,854.05,Credit Card,1
ORD04490,CUST0310,2025-04-06,Mumbai,Electronics,Wireless Headphones,2499,1,0.0,2499.0,Credit Card,1
ORD04491,CUST0634,2025-03-22,Pune,Sports,Dumbbell Set,2999,3,0.05,8547.15,Cash on Delivery,3
ORD04492,CUST0475,2024-05-30,Bengaluru,Sports,Cricket Bat,1799,1,0.15,1529.15,Wallet,1
ORD04493,CUST0622,2024-11-30,Delhi,Fashion,Running Shoes,2499,4,0.1,8996.4,Cash on Delivery,3
ORD04494,CUST0154,2024-07-14,Delhi,Home & Kitchen,Bedsheet Set,1299,1,0.05,1234.05,Wallet,6
ORD04495,CUST0530,2024-03-04,Hyderabad,Electronics,Wireless Headphones,2499,1,0.0,2499.0,Credit Card,2
ORD04496,CUST0242,2024-06-23,Kolkata,Electronics,Smart Watch,3999,4,0.15,13596.6,Credit Card,5
ORD04497,CUST0744,2024-05-31,Kolkata,Home & Kitchen,Bedsheet Set,1299,1,0.0,1299.0,Cash on Delivery,2
ORD04498,CUST0011,2024-06-10,Bengaluru,Beauty,Hair Dryer,1999,1,0.0,1999.0,Debit Card,2
ORD04499,CUST0452,2025-03-10,Mumbai,Home & Kitchen,Water Bottle,499,2,0.15,848.3,Cash on Delivery,4
ORD04500,CUST0750,2025-09-25,Chennai,Beauty,Face Serum,999,3,0.0,2997.0,Wallet,7
ORD04501,CUST0310,2025-04-26,Mumbai,Sports,Cricket Bat,1799,4,0.1,6476.4,Wallet,6
ORD04502,CUST0460,2024-02-10,Hyderabad,Beauty,Hair Dryer,1999,2,0.0,3998.0,Credit Card,7
ORD04503,CUST0224,2024-09-03,Mumbai,Home & Kitchen,Bedsheet Set,1299,1,0.0,1299.0,Debit Card,7
ORD04504,CUST0474,2024-10-17,Bengaluru,Electronics,Wireless Headphones,2499,4,0.0,9996.0,Debit Card,3
ORD04505,CUST0448,2024-03-07,Chennai,Fashion,Women's Handbag,1899,3,0.05,5412.15,Wallet,2
ORD04506,CUST0327,2025-07-18,Bengaluru,Beauty,Hair Dryer,1999,2,0.15,3398.3,Credit Card,5
ORD04507,CUST0196,2025-08-13,Pune,Electronics,Bluetooth Speaker,1799,2,0.15,3058.3,Credit Card,6
ORD04508,CUST0490,2024-01-22,Mumbai,Fashion,Women's Handbag,1899,4,0.15,6456.6,Debit Card,2
ORD04509,CUST0534,2024-03-21,Hyderabad,Fashion,Women's Handbag,1899,4,0.0,7596.0,Wallet,2
ORD04510,CUST0192,2025-08-30,Delhi,Electronics,Wireless Headphones,2499,4,0.15,8496.6,Credit Card,3
ORD04511,CUST0008,2024-12-20,Ahmedabad,Fashion,Women's Handbag,1899,4,0.0,7596.0,UPI,4
ORD04512,CUST0793,2025-07-18,Kolkata,Beauty,Hair Dryer,1999,1,0.15,1699.15,Wallet,3
ORD04513,CUST0468,2024-12-20,Pune,Sports,Dumbbell Set,2999,4,0.0,11996.0,Wallet,4
ORD04514,CUST0012,2025-07-13,Hyderabad,Beauty,Face Serum,999,1,0.0,999.0,Wallet,3
ORD04515,CUST0758,2024-10-13,Hyderabad,Electronics,Bluetooth Speaker,1799,3,0.15,4587.45,Debit Card,6
ORD04516,CUST0345,2024-12-06,Delhi,Fashion,Men's T-Shirt,799,3,0.15,2037.45,Credit Card,7
ORD04517,CUST0069,2025-09-19,Hyderabad,Fashion,Running Shoes,2499,1,0.05,2374.05,Debit Card,1
ORD04518,CUST0766,2024-04-22,Delhi,Sports,Cricket Bat,1799,2,0.05,3418.1,UPI,5
ORD04519,CUST0689,2024-04-19,Chennai,Beauty,Hair Dryer,1999,3,0.05,5697.15,Cash on Delivery,2
ORD04520,CUST0258,2024-02-01,Delhi,Beauty,Hair Dryer,1999,1,0.05,1899.05,Cash on Delivery,2
ORD04521,CUST0138,2024-09-24,Pune,Beauty,Face Serum,999,2,0.0,1998.0,Cash on Delivery,7
ORD04522,CUST0222,2024-06-25,Delhi,Sports,Cricket Bat,1799,1,0.0,1799.0,Credit Card,5
ORD04523,CUST0769,2025-08-06,Chennai,Electronics,Smart Watch,3999,1,0.15,3399.15,Debit Card,7
ORD04524,CUST0123,2024-05-22,Delhi,Home & Kitchen,Bedsheet Set,1299,4,0.05,4936.2,Credit Card,4
ORD04525,CUST0223,2025-05-24,Delhi,Home & Kitchen,Bedsheet Set,1299,4,0.0,5196.0,UPI,3
ORD04526,CUST0548,2024-01-17,Pune,Sports,Yoga Mat,899,2,0.0,1798.0,Credit Card,2
ORD04527,CUST0690,2024-09-22,Mumbai,Electronics,Smart Watch,3999,3,0.15,10197.45,UPI,2
ORD04528,CUST0305,2025-03-03,Hyderabad,Sports,Yoga Mat,899,1,0.0,899.0,UPI,6
ORD04529,CUST0157,2025-05-27,Kolkata,Electronics,Wireless Headphones,2499,2,0.0,4998.0,UPI,6
ORD04530,CUST0138,2024-02-16,Kolkata,Home & Kitchen,Water Bottle,499,1,0.1,449.1,Cash on Delivery,1
ORD04531,CUST0657,2025-04-01,Chennai,Beauty,Perfume,1499,4,0.15,5096.6,Credit Card,7
ORD04532,CUST0681,2024-08-02,Bengaluru,Electronics,Smart Watch,3999,4,0.0,15996.0,UPI,3
ORD04533,CUST0219,2024-09-18,Chennai,Fashion,Running Shoes,2499,3,0.1,6747.3,Debit Card,3
ORD04534,CUST0068,2025-01-04,Mumbai,Fashion,Men's T-Shirt,799,1,0.1,719.1,UPI,3
ORD04535,CUST0114,2024-10-26,Chennai,Beauty,Face Serum,999,1,0.0,999.0,UPI,2
ORD04536,CUST0311,2025-08-07,Bengaluru,Home & Kitchen,Coffee Maker,3499,3,0.1,9447.3,UPI,6
ORD04537,CUST0366,2025-09-03,Pune,Beauty,Face Serum,999,2,0.0,1998.0,Cash on Delivery,2
ORD04538,CUST0783,2025-06-19,Ahmedabad,Electronics,Smart Watch,3999,4,0.0,15996.0,Wallet,7
ORD04539,CUST0380,2025-03-24,Delhi,Beauty,Hair Dryer,1999,4,0.1,7196.4,Credit Card,5
ORD04540,CUST0622,2024-08-06,Delhi,Beauty,Hair Dryer,1999,1,0.0,1999.0,Wallet,5
ORD04541,CUST0285,2024-02-12,Ahmedabad,Fashion,Running Shoes,2499,4,0.0,9996.0,Credit Card,1
ORD04542,CUST0327,2024-09-15,Hyderabad,Home & Kitchen,Coffee Maker,3499,1,0.15,2974.15,Wallet,4
ORD04543,CUST0117,2024-10-14,Mumbai,Sports,Yoga Mat,899,4,0.0,3596.0,Cash on Delivery,5
ORD04544,CUST0357,2024-04-19,Ahmedabad,Beauty,Hair Dryer,1999,1,0.0,1999.0,Debit Card,5
ORD04545,CUST0786,2024-04-18,Hyderabad,Home & Kitchen,Bedsheet Set,1299,2,0.15,2208.3,Credit Card,6
ORD04546,CUST0286,2025-01-05,Kolkata,Beauty,Perfume,1499,2,0.0,2998.0,Wallet,2
ORD04547,CUST0691,2024-03-24,Hyderabad,Fashion,Running Shoes,2499,2,0.1,4498.2,Debit Card,1
ORD04548,CUST0009,2025-04-12,Bengaluru,Beauty,Face Serum,999,3,0.1,2697.3,UPI,6
ORD04549,CUST0470,2024-07-20,Kolkata,Beauty,Perfume,1499,1,0.05,1424.05,Credit Card,1
ORD04550,CUST0690,2024-08-12,Hyderabad,Home & Kitchen,Coffee Maker,3499,3,0.05,9972.15,Debit Card,3
ORD04551,CUST0716,2025-04-24,Bengaluru,Electronics,Smart Watch,3999,4,0.1,14396.4,Credit Card,7
ORD04552,CUST0696,2024-05-23,Mumbai,Electronics,Wireless Headphones,2499,1,0.1,2249.1,Debit Card,1
ORD04553,CUST0178,2024-05-07,Kolkata,Sports,Cricket Bat,1799,4,0.0,7196.0,Cash on Delivery,1
ORD04554,CUST0287,2024-01-16,Delhi,Beauty,Hair Dryer,1999,4,0.15,6796.6,UPI,6
ORD04555,CUST0084,2025-05-10,Pune,Home & Kitchen,Bedsheet Set,1299,4,0.1,4676.4,Debit Card,3
ORD04556,CUST0510,2024-11-03,Mumbai,Fashion,Women's Handbag,1899,2,0.05,3608.1,Debit Card,5
ORD04557,CUST0017,2024-04-27,Delhi,Sports,Cricket Bat,1799,4,0.0,7196.0,Wallet,4
ORD04558,CUST0335,2024-06-09,Ahmedabad,Beauty,Face Serum,999,2,0.0,1998.0,UPI,6
ORD04559,CUST0475,2024-01-30,Chennai,Home & Kitchen,Bedsheet Set,1299,3,0.0,3897.0,Credit Card,3
ORD04560,CUST0629,2025-08-02,Ahmedabad,Beauty,Perfume,1499,4,0.15,5096.6,Debit Card,5
ORD04561,CUST0526,2024-08-21,Delhi,Electronics,Wireless Headphones,2499,1,0.05,2374.05,Cash on Delivery,4
ORD04562,CUST0588,2025-02-17,Bengaluru,Sports,Dumbbell Set,2999,2,0.05,5698.1,Debit Card,4
ORD04563,CUST0061,2024-07-15,Delhi,Electronics,Smart Watch,3999,1,0.0,3999.0,Wallet,4
ORD04564,CUST0271,2024-03-26,Hyderabad,Home & Kitchen,Water Bottle,499,2,0.0,998.0,Cash on Delivery,7
ORD04565,CUST0377,2025-04-19,Delhi,Home & Kitchen,Water Bottle,499,1,0.0,499.0,Cash on Delivery,1
ORD04566,CUST0278,2025-04-16,Chennai,Electronics,Wireless Headphones,2499,3,0.0,7497.0,Credit Card,3
ORD04567,CUST0706,2024-01-30,Hyderabad,Beauty,Perfume,1499,4,0.05,5696.2,Credit Card,4
ORD04568,CUST0127,2024-07-29,Delhi,Fashion,Women's Handbag,1899,1,0.0,1899.0,Debit Card,3
ORD04569,CUST0028,2025-08-29,Bengaluru,Electronics,Bluetooth Speaker,1799,1,0.0,1799.0,UPI,4
ORD04570,CUST0666,2025-02-15,Chennai,Electronics,Smart Watch,3999,1,0.0,3999.0,UPI,7
ORD04571,CUST0692,2024-03-18,Kolkata,Electronics,Smart Watch,3999,2,0.0,7998.0,Debit Card,2
ORD04572,CUST0574,2024-07-23,Kolkata,Beauty,Hair Dryer,1999,2,0.05,3798.1,Credit Card,3
ORD04573,CUST0702,2024-04-21,Hyderabad,Beauty,Face Serum,999,1,0.1,899.1,Wallet,5
ORD04574,CUST0719,2025-02-27,Delhi,Sports,Cricket Bat,1799,3,0.0,5397.0,Wallet,3
ORD04575,CUST0549,2024-11-20,Bengaluru,Home & Kitchen,Coffee Maker,3499,2,0.1,6298.2,Cash on Delivery,5
ORD04576,CUST0110,2025-06-30,Kolkata,Fashion,Running Shoes,2499,3,0.0,7497.0,Wallet,5
ORD04577,CUST0200,2024-05-16,Hyderabad,Home & Kitchen,Water Bottle,499,2,0.0,998.0,Wallet,3
ORD04578,CUST0711,2024-02-27,Chennai,Sports,Yoga Mat,899,3,0.15,2292.45,Debit Card,6
ORD04579,CUST0508,2024-01-29,Hyderabad,Fashion,Running Shoes,2499,1,0.05,2374.05,UPI,7
ORD04580,CUST0217,2025-04-06,Hyderabad,Beauty,Perfume,1499,1,0.15,1274.15,Debit Card,7
ORD04581,CUST0721,2024-10-14,Ahmedabad,Home & Kitchen,Water Bottle,499,3,0.0,1497.0,Cash on Delivery,4
ORD04582,CUST0400,2025-08-02,Kolkata,Beauty,Hair Dryer,1999,3,0.05,5697.15,Wallet,2
ORD04583,CUST0050,2024-02-24,Pune,Electronics,Smart Watch,3999,4,0.05,15196.2,UPI,4
ORD04584,CUST0560,2024-10-31,Pune,Sports,Dumbbell Set,2999,2,0.1,5398.2,Credit Card,6
ORD04585,CUST0474,2025-05-23,Chennai,Beauty,Hair Dryer,1999,3,0.0,5997.0,Wallet,3
ORD04586,CUST0104,2025-08-19,Bengaluru,Home & Kitchen,Bedsheet Set,1299,4,0.0,5196.0,UPI,1
ORD04587,CUST0260,2025-01-04,Hyderabad,Home & Kitchen,Water Bottle,499,4,0.0,1996.0,Credit Card,5
ORD04588,CUST0588,2024-03-02,Chennai,Beauty,Face Serum,999,1,0.1,899.1,Credit Card,7
ORD04589,CUST0147,2025-07-31,Pune,Home & Kitchen,Coffee Maker,3499,1,0.1,3149.1,Credit Card,3
ORD04590,CUST0128,2024-07-25,Pune,Electronics,Bluetooth Speaker,1799,4,0.05,6836.2,UPI,2
ORD04591,CUST0305,2025-08-21,Chennai,Fashion,Women's Handbag,1899,1,0.0,1899.0,Wallet,5
ORD04592,CUST0571,2025-04-15,Hyderabad,Sports,Cricket Bat,1799,3,0.0,5397.0,Credit Card,6
ORD04593,CUST0271,2025-08-28,Pune,Fashion,Women's Handbag,1899,1,0.1,1709.1,Debit Card,3
ORD04594,CUST0468,2024-12-28,Delhi,Home & Kitchen,Bedsheet Set,1299,3,0.15,3312.45,Credit Card,4
ORD04595,CUST0698,2024-10-21,Bengaluru,Fashion,Running Shoes,2499,1,0.1,2249.1,Cash on Delivery,6
ORD04596,CUST0700,2024-05-28,Kolkata,Electronics,Bluetooth Speaker,1799,2,0.0,3598.0,UPI,2
ORD04597,CUST0488,2024-05-12,Pune,Fashion,Running Shoes,2499,2,0.1,4498.2,UPI,4
ORD04598,CUST0285,2024-02-11,Pune,Beauty,Hair Dryer,1999,1,0.05,1899.05,Debit Card,6
ORD04599,CUST0387,2025-07-19,Chennai,Home & Kitchen,Water Bottle,499,1,0.0,499.0,Wallet,1
ORD04600,CUST0725,2024-05-19,Bengaluru,Electronics,Wireless Headphones,2499,3,0.0,7497.0,Wallet,6
ORD04601,CUST0696,2024-10-25,Hyderabad,Sports,Yoga Mat,899,1,0.1,809.1,Wallet,3
ORD04602,CUST0503,2025-03-06,Ahmedabad,Fashion,Running Shoes,2499,2,0.1,4498.2,Debit Card,2
ORD04603,CUST0223,2024-09-28,Chennai,Fashion,Running Shoes,2499,2,0.05,4748.1,Cash on Delivery,2
ORD04604,CUST0623,2024-08-09,Pune,Fashion,Running Shoes,2499,4,0.15,8496.6,Wallet,2
ORD04605,CUST0142,2024-01-13,Pune,Electronics,Smart Watch,3999,1,0.0,3999.0,UPI,4
ORD04606,CUST0644,2024-07-17,Kolkata,Beauty,Face Serum,999,1,0.05,949.05,Wallet,4
ORD04607,CUST0509,2024-08-09,Delhi,Sports,Dumbbell Set,2999,4,0.05,11396.2,Debit Card,3
ORD04608,CUST0186,2024-12-30,Mumbai,Beauty,Face Serum,999,1,0.0,999.0,Wallet,5
ORD04609,CUST0228,2025-04-09,Mumbai,Sports,Yoga Mat,899,1,0.15,764.15,Wallet,3
ORD04610,CUST0461,2025-04-23,Chennai,Electronics,Smart Watch,3999,2,0.0,7998.0,UPI,2
ORD04611,CUST0760,2024-03-28,Kolkata,Sports,Cricket Bat,1799,2,0.05,3418.1,Wallet,3
ORD04612,CUST0655,2025-09-13,Mumbai,Electronics,Wireless Headphones,2499,4,0.05,9496.2,Wallet,2
ORD04613,CUST0061,2025-09-14,Ahmedabad,Beauty,Perfume,1499,1,0.0,1499.0,Credit Card,2
ORD04614,CUST0772,2024-06-09,Delhi,Electronics,Bluetooth Speaker,1799,4,0.0,7196.0,Wallet,5
ORD04615,CUST0659,2025-09-02,Hyderabad,Home & Kitchen,Coffee Maker,3499,2,0.0,6998.0,Wallet,4
ORD04616,CUST0336,2024-03-18,Ahmedabad,Electronics,Wireless Headphones,2499,2,0.0,4998.0,Debit Card,1
ORD04617,CUST0203,2024-01-31,Bengaluru,Beauty,Hair Dryer,1999,4,0.15,6796.6,Credit Card,1
ORD04618,CUST0620,2024-01-04,Kolkata,Sports,Dumbbell Set,2999,1,0.1,2699.1,UPI,4
ORD04619,CUST0227,2024-05-04,Mumbai,Home & Kitchen,Water Bottle,499,2,0.05,948.1,UPI,4
ORD04620,CUST0529,2024-12-23,Ahmedabad,Sports,Dumbbell Set,2999,4,0.1,10796.4,Debit Card,3
ORD04621,CUST0589,2024-12-12,Delhi,Sports,Cricket Bat,1799,1,0.15,1529.15,Debit Card,3
ORD04622,CUST0401,2024-09-11,Pune,Electronics,Smart Watch,3999,4,0.0,15996.0,Wallet,3
ORD04623,CUST0440,2025-05-28,Hyderabad,Beauty,Face Serum,999,4,0.0,3996.0,UPI,5
ORD04624,CUST0232,2024-11-11,Kolkata,Electronics,Smart Watch,3999,2,0.0,7998.0,Debit Card,1
ORD04625,CUST0396,2025-05-13,Kolkata,Home & Kitchen,Coffee Maker,3499,2,0.0,6998.0,Credit Card,3
ORD04626,CUST0733,2025-03-11,Pune,Sports,Yoga Mat,899,3,0.0,2697.0,Cash on Delivery,3
ORD04627,CUST0754,2025-06-07,Hyderabad,Electronics,Smart Watch,3999,4,0.15,13596.6,Wallet,3
ORD04628,CUST0405,2024-02-25,Pune,Beauty,Hair Dryer,1999,1,0.0,1999.0,Cash on Delivery,6
ORD04629,CUST0459,2025-05-31,Chennai,Fashion,Women's Handbag,1899,3,0.0,5697.0,Wallet,4
ORD04630,CUST0485,2025-04-10,Mumbai,Sports,Dumbbell Set,2999,3,0.0,8997.0,UPI,2
ORD04631,CUST0759,2025-03-17,Kolkata,Home & Kitchen,Bedsheet Set,1299,2,0.0,2598.0,Debit Card,6
ORD04632,CUST0450,2024-09-09,Mumbai,Sports,Dumbbell Set,2999,2,0.05,5698.1,Debit Card,4
ORD04633,CUST0206,2025-08-26,Pune,Electronics,Smart Watch,3999,1,0.1,3599.1,Debit Card,1
ORD04634,CUST0183,2025-08-16,Pune,Sports,Cricket Bat,1799,3,0.1,4857.3,Wallet,2
ORD04635,CUST0351,2024-08-01,Ahmedabad,Electronics,Wireless Headphones,2499,2,0.1,4498.2,UPI,2
ORD04636,CUST0159,2024-03-15,Chennai,Home & Kitchen,Coffee Maker,3499,4,0.0,13996.0,UPI,1
ORD04637,CUST0358,2025-08-12,Delhi,Sports,Cricket Bat,1799,4,0.15,6116.6,Debit Card,2
ORD04638,CUST0795,2024-12-14,Pune,Fashion,Running Shoes,2499,3,0.0,7497.0,Cash on Delivery,1
ORD04639,CUST0551,2025-05-17,Chennai,Electronics,Bluetooth Speaker,1799,1,0.05,1709.05,Cash on Delivery,6
ORD04640,CUST0276,2024-07-26,Delhi,Sports,Yoga Mat,899,2,0.0,1798.0,Credit Card,7
ORD04641,CUST0528,2025-08-25,Hyderabad,Beauty,Hair Dryer,1999,2,0.0,3998.0,Cash on Delivery,6
ORD04642,CUST0755,2024-01-29,Ahmedabad,Sports,Cricket Bat,1799,4,0.1,6476.4,UPI,4
ORD04643,CUST0102,2025-01-21,Kolkata,Electronics,Wireless Headphones,2499,4,0.05,9496.2,Credit Card,2
ORD04644,CUST0082,2025-08-28,Ahmedabad,Beauty,Face Serum,999,1,0.05,949.05,Debit Card,3
ORD04645,CUST0245,2025-01-25,Ahmedabad,Fashion,Women's Handbag,1899,4,0.0,7596.0,Cash on Delivery,2
ORD04646,CUST0007,2024-11-04,Hyderabad,Electronics,Smart Watch,3999,4,0.1,14396.4,Debit Card,3
ORD04647,CUST0153,2025-06-20,Kolkata,Sports,Cricket Bat,1799,4,0.0,7196.0,Wallet,6
ORD04648,CUST0501,2024-06-23,Hyderabad,Beauty,Hair Dryer,1999,1,0.05,1899.05,Credit Card,6
ORD04649,CUST0513,2025-05-30,Ahmedabad,Electronics,Smart Watch,3999,1,0.15,3399.15,Credit Card,4
ORD04650,CUST0085,2024-06-25,Bengaluru,Fashion,Running Shoes,2499,3,0.15,6372.45,Credit Card,2
ORD04651,CUST0577,2024-11-17,Mumbai,Fashion,Running Shoes,2499,2,0.0,4998.0,UPI,4
ORD04652,CUST0736,2024-10-23,Kolkata,Electronics,Wireless Headphones,2499,2,0.0,4998.0,Wallet,3
ORD04653,CUST0373,2024-03-13,Kolkata,Home & Kitchen,Coffee Maker,3499,4,0.1,12596.4,UPI,6
ORD04654,CUST0304,2024-01-08,Hyderabad,Beauty,Perfume,1499,4,0.1,5396.4,Cash on Delivery,5
ORD04655,CUST0703,2025-02-15,Kolkata,Sports,Yoga Mat,899,1,0.0,899.0,Debit Card,4
ORD04656,CUST0486,2025-01-16,Pune,Beauty,Hair Dryer,1999,4,0.1,7196.4,Cash on Delivery,4
ORD04657,CUST0362,2025-07-29,Bengaluru,Home & Kitchen,Coffee Maker,3499,4,0.0,13996.0,UPI,5
ORD04658,CUST0319,2025-03-22,Hyderabad,Home & Kitchen,Bedsheet Set,1299,2,0.15,2208.3,Debit Card,2
ORD04659,CUST0587,2024-10-21,Ahmedabad,Electronics,Smart Watch,3999,3,0.0,11997.0,Wallet,2
ORD04660,CUST0370,2025-04-24,Kolkata,Sports,Dumbbell Set,2999,4,0.0,11996.0,Debit Card,2
ORD04661,CUST0371,2025-07-21,Mumbai,Fashion,Men's T-Shirt,799,4,0.0,3196.0,Cash on Delivery,5
ORD04662,CUST0443,2025-06-22,Kolkata,Fashion,Running Shoes,2499,4,0.0,9996.0,UPI,1
ORD04663,CUST0443,2025-02-28,Chennai,Beauty,Hair Dryer,1999,2,0.05,3798.1,Wallet,1
ORD04664,CUST0057,2024-09-10,Chennai,Fashion,Men's T-Shirt,799,1,0.05,759.05,UPI,5
ORD04665,CUST0081,2024-01-21,Delhi,Fashion,Running Shoes,2499,2,0.0,4998.0,UPI,7
ORD04666,CUST0258,2024-12-28,Hyderabad,Sports,Cricket Bat,1799,1,0.1,1619.1,Debit Card,5
ORD04667,CUST0365,2024-10-23,Bengaluru,Beauty,Hair Dryer,1999,3,0.0,5997.0,Wallet,4
ORD04668,CUST0422,2024-07-16,Ahmedabad,Electronics,Smart Watch,3999,1,0.05,3799.05,Debit Card,3
ORD04669,CUST0464,2024-03-15,Chennai,Beauty,Perfume,1499,2,0.05,2848.1,Wallet,4
ORD04670,CUST0407,2024-12-23,Pune,Electronics,Bluetooth Speaker,1799,2,0.05,3418.1,Wallet,4
ORD04671,CUST0364,2025-08-11,Pune,Fashion,Running Shoes,2499,2,0.15,4248.3,Debit Card,1
ORD04672,CUST0048,2025-01-31,Delhi,Beauty,Perfume,1499,2,0.05,2848.1,Wallet,5
ORD04673,CUST0435,2024-09-27,Kolkata,Sports,Yoga Mat,899,4,0.0,3596.0,Cash on Delivery,4
ORD04674,CUST0291,2025-07-03,Bengaluru,Fashion,Running Shoes,2499,2,0.1,4498.2,Cash on Delivery,5
ORD04675,CUST0196,2025-04-13,Pune,Home & Kitchen,Water Bottle,499,4,0.15,1696.6,Cash on Delivery,5
ORD04676,CUST0671,2024-05-14,Ahmedabad,Sports,Yoga Mat,899,1,0.0,899.0,UPI,5
ORD04677,CUST0193,2024-01-10,Ahmedabad,Electronics,Bluetooth Speaker,1799,3,0.0,5397.0,Credit Card,1
ORD04678,CUST0043,2025-08-08,Kolkata,Fashion,Men's T-Shirt,799,3,0.0,2397.0,Debit Card,6
ORD04679,CUST0706,2025-03-03,Bengaluru,Beauty,Face Serum,999,3,0.05,2847.15,Credit Card,1
ORD04680,CUST0223,2025-02-21,Chennai,Electronics,Smart Watch,3999,3,0.1,10797.3,Wallet,2
ORD04681,CUST0750,2024-07-12,Bengaluru,Home & Kitchen,Water Bottle,499,2,0.05,948.1,Cash on Delivery,2
ORD04682,CUST0241,2024-01-15,Mumbai,Home & Kitchen,Water Bottle,499,1,0.05,474.05,Cash on Delivery,3
ORD04683,CUST0164,2024-10-07,Mumbai,Home & Kitchen,Bedsheet Set,1299,3,0.0,3897.0,Credit Card,3
ORD04684,CUST0500,2024-02-20,Kolkata,Sports,Cricket Bat,1799,2,0.05,3418.1,Debit Card,1
ORD04685,CUST0056,2025-06-11,Ahmedabad,Sports,Yoga Mat,899,2,0.0,1798.0,UPI,2
ORD04686,CUST0089,2024-07-26,Mumbai,Home & Kitchen,Coffee Maker,3499,1,0.05,3324.05,Wallet,1
ORD04687,CUST0242,2024-06-27,Hyderabad,Beauty,Hair Dryer,1999,1,0.15,1699.15,Credit Card,2
ORD04688,CUST0364,2025-03-22,Hyderabad,Beauty,Hair Dryer,1999,2,0.1,3598.2,Debit Card,4
ORD04689,CUST0366,2025-03-30,Ahmedabad,Beauty,Face Serum,999,4,0.0,3996.0,Credit Card,3
ORD04690,CUST0100,2025-04-24,Bengaluru,Home & Kitchen,Coffee Maker,3499,1,0.05,3324.05,Cash on Delivery,4
ORD04691,CUST0223,2025-08-17,Bengaluru,Beauty,Face Serum,999,3,0.0,2997.0,Wallet,3
ORD04692,CUST0355,2024-03-11,Mumbai,Fashion,Women's Handbag,1899,1,0.0,1899.0,UPI,2
ORD04693,CUST0448,2024-02-21,Bengaluru,Home & Kitchen,Water Bottle,499,2,0.15,848.3,Cash on Delivery,5
ORD04694,CUST0295,2024-07-04,Ahmedabad,Sports,Dumbbell Set,2999,3,0.15,7647.45,Cash on Delivery,2
ORD04695,CUST0619,2025-09-09,Mumbai,Fashion,Running Shoes,2499,1,0.0,2499.0,Credit Card,4
ORD04696,CUST0355,2025-03-28,Chennai,Electronics,Bluetooth Speaker,1799,1,0.0,1799.0,Wallet,6
ORD04697,CUST0186,2024-10-21,Delhi,Home & Kitchen,Coffee Maker,3499,4,0.0,13996.0,UPI,4
ORD04698,CUST0613,2024-11-29,Delhi,Fashion,Men's T-Shirt,799,1,0.1,719.1,UPI,1
ORD04699,CUST0221,2024-09-14,Pune,Home & Kitchen,Coffee Maker,3499,2,0.1,6298.2,Debit Card,3
ORD04700,CUST0603,2025-03-04,Delhi,Home & Kitchen,Water Bottle,499,2,0.15,848.3,Debit Card,2
ORD04701,CUST0645,2025-04-19,Bengaluru,Fashion,Running Shoes,2499,1,0.0,2499.0,Credit Card,4
ORD04702,CUST0473,2024-06-09,Mumbai,Beauty,Perfume,1499,2,0.05,2848.1,Wallet,4
ORD04703,CUST0617,2024-02-27,Chennai,Sports,Cricket Bat,1799,4,0.0,7196.0,Credit Card,5
ORD04704,CUST0603,2024-02-14,Mumbai,Home & Kitchen,Water Bottle,499,1,0.0,499.0,UPI,6
ORD04705,CUST0749,2025-06-10,Pune,Beauty,Face Serum,999,2,0.05,1898.1,Cash on Delivery,4
ORD04706,CUST0424,2025-07-18,Delhi,Home & Kitchen,Coffee Maker,3499,4,0.05,13296.2,Cash on Delivery,2
ORD04707,CUST0248,2024-01-29,Kolkata,Sports,Dumbbell Set,2999,3,0.1,8097.3,Debit Card,7
ORD04708,CUST0729,2024-07-07,Kolkata,Beauty,Perfume,1499,2,0.0,2998.0,Cash on Delivery,3
ORD04709,CUST0304,2024-12-08,Pune,Beauty,Perfume,1499,3,0.0,4497.0,Credit Card,3
ORD04710,CUST0322,2024-07-27,Delhi,Electronics,Smart Watch,3999,3,0.1,10797.3,Wallet,3
ORD04711,CUST0691,2025-08-05,Pune,Electronics,Bluetooth Speaker,1799,4,0.1,6476.4,Debit Card,6
ORD04712,CUST0013,2025-02-25,Mumbai,Sports,Cricket Bat,1799,4,0.05,6836.2,Credit Card,6
ORD04713,CUST0584,2024-07-05,Pune,Fashion,Women's Handbag,1899,3,0.0,5697.0,Debit Card,5
ORD04714,CUST0578,2024-01-09,Bengaluru,Home & Kitchen,Bedsheet Set,1299,2,0.0,2598.0,Credit Card,2
ORD04715,CUST0492,2024-12-27,Hyderabad,Home & Kitchen,Water Bottle,499,3,0.05,1422.15,Credit Card,4
ORD04716,CUST0047,2025-02-27,Kolkata,Fashion,Men's T-Shirt,799,4,0.1,2876.4,UPI,3
ORD04717,CUST0190,2024-02-28,Ahmedabad,Fashion,Women's Handbag,1899,3,0.0,5697.0,UPI,5
ORD04718,CUST0605,2024-07-02,Bengaluru,Electronics,Wireless Headphones,2499,4,0.0,9996.0,UPI,1
ORD04719,CUST0688,2024-11-14,Chennai,Sports,Yoga Mat,899,3,0.0,2697.0,Wallet,2
ORD04720,CUST0734,2024-03-30,Kolkata,Fashion,Running Shoes,2499,3,0.0,7497.0,Wallet,4
ORD04721,CUST0443,2025-04-16,Hyderabad,Fashion,Running Shoes,2499,3,0.0,7497.0,Credit Card,5
ORD04722,CUST0676,2024-08-05,Kolkata,Electronics,Bluetooth Speaker,1799,4,0.15,6116.6,Cash on Delivery,4
ORD04723,CUST0518,2025-03-24,Bengaluru,Beauty,Perfume,1499,1,0.0,1499.0,Debit Card,3
ORD04724,CUST0317,2025-09-14,Chennai,Beauty,Hair Dryer,1999,4,0.1,7196.4,Cash on Delivery,6
ORD04725,CUST0419,2025-06-14,Bengaluru,Electronics,Bluetooth Speaker,1799,3,0.0,5397.0,Debit Card,6
ORD04726,CUST0186,2025-08-16,Hyderabad,Electronics,Bluetooth Speaker,1799,3,0.05,5127.15,Cash on Delivery,2
ORD04727,CUST0580,2025-01-24,Bengaluru,Sports,Cricket Bat,1799,2,0.1,3238.2,Credit Card,7
ORD04728,CUST0251,2025-05-14,Kolkata,Fashion,Women's Handbag,1899,4,0.0,7596.0,Cash on Delivery,5
ORD04729,CUST0746,2024-02-26,Kolkata,Sports,Dumbbell Set,2999,2,0.1,5398.2,Cash on Delivery,2
ORD04730,CUST0441,2024-09-14,Pune,Fashion,Running Shoes,2499,2,0.05,4748.1,Cash on Delivery,1
ORD04731,CUST0747,2025-09-05,Pune,Electronics,Smart Watch,3999,1,0.05,3799.05,UPI,5
ORD04732,CUST0563,2025-05-29,Pune,Electronics,Smart Watch,3999,4,0.0,15996.0,Wallet,6
ORD04733,CUST0619,2024-09-13,Kolkata,Sports,Cricket Bat,1799,2,0.05,3418.1,UPI,7
ORD04734,CUST0438,2025-06-16,Hyderabad,Fashion,Running Shoes,2499,3,0.0,7497.0,Cash on Delivery,7
ORD04735,CUST0575,2024-02-18,Chennai,Electronics,Wireless Headphones,2499,3,0.05,7122.15,Credit Card,7
ORD04736,CUST0125,2024-01-29,Pune,Electronics,Bluetooth Speaker,1799,2,0.15,3058.3,Wallet,6
ORD04737,CUST0070,2025-08-22,Bengaluru,Fashion,Women's Handbag,1899,4,0.1,6836.4,Credit Card,4
ORD04738,CUST0003,2025-07-18,Delhi,Beauty,Perfume,1499,2,0.15,2548.3,Credit Card,2
ORD04739,CUST0514,2024-04-08,Hyderabad,Electronics,Wireless Headphones,2499,4,0.0,9996.0,Credit Card,1
ORD04740,CUST0102,2025-08-16,Hyderabad,Electronics,Bluetooth Speaker,1799,2,0.0,3598.0,Credit Card,2
ORD04741,CUST0696,2024-08-10,Delhi,Electronics,Wireless Headphones,2499,2,0.1,4498.2,Debit Card,7
ORD04742,CUST0497,2024-06-20,Mumbai,Electronics,Bluetooth Speaker,1799,2,0.0,3598.0,Credit Card,2
ORD04743,CUST0036,2024-07-10,Delhi,Electronics,Bluetooth Speaker,1799,4,0.1,6476.4,Credit Card,5
ORD04744,CUST0680,2024-04-10,Ahmedabad,Home & Kitchen,Bedsheet Set,1299,1,0.0,1299.0,Cash on Delivery,6
ORD04745,CUST0707,2024-01-06,Delhi,Home & Kitchen,Coffee Maker,3499,1,0.0,3499.0,Wallet,6
ORD04746,CUST0776,2024-08-05,Bengaluru,Electronics,Smart Watch,3999,4,0.05,15196.2,Debit Card,7
ORD04747,CUST0523,2024-08-11,Ahmedabad,Home & Kitchen,Bedsheet Set,1299,2,0.05,2468.1,UPI,3
ORD04748,CUST0446,2024-11-07,Delhi,Electronics,Smart Watch,3999,3,0.1,10797.3,UPI,4
ORD04749,CUST0495,2024-05-16,Bengaluru,Electronics,Bluetooth Speaker,1799,4,0.0,7196.0,Wallet,2
ORD04750,CUST0673,2024-08-31,Mumbai,Electronics,Smart Watch,3999,1,0.0,3999.0,Wallet,6
ORD04751,CUST0172,2024-07-28,Delhi,Fashion,Women's Handbag,1899,1,0.0,1899.0,Cash on Delivery,6
ORD04752,CUST0183,2024-08-07,Kolkata,Electronics,Wireless Headphones,2499,3,0.15,6372.45,UPI,5
ORD04753,CUST0394,2025-04-06,Bengaluru,Fashion,Men's T-Shirt,799,3,0.0,2397.0,Debit Card,2
ORD04754,CUST0102,2024-04-24,Pune,Electronics,Wireless Headphones,2499,1,0.0,2499.0,Cash on Delivery,5
ORD04755,CUST0763,2025-06-25,Chennai,Home & Kitchen,Bedsheet Set,1299,3,0.0,3897.0,Credit Card,4
ORD04756,CUST0411,2024-03-26,Ahmedabad,Beauty,Perfume,1499,1,0.0,1499.0,Wallet,1
ORD04757,CUST0755,2025-02-25,Bengaluru,Electronics,Smart Watch,3999,4,0.15,13596.6,Wallet,1
ORD04758,CUST0520,2024-07-12,Pune,Fashion,Women's Handbag,1899,1,0.05,1804.05,Debit Card,7
ORD04759,CUST0175,2024-01-17,Bengaluru,Fashion,Women's Handbag,1899,4,0.0,7596.0,UPI,5
ORD04760,CUST0214,2024-12-12,Mumbai,Sports,Cricket Bat,1799,1,0.1,1619.1,Debit Card,6
ORD04761,CUST0535,2025-09-14,Kolkata,Electronics,Smart Watch,3999,2,0.0,7998.0,UPI,1
ORD04762,CUST0003,2024-11-23,Kolkata,Home & Kitchen,Water Bottle,499,4,0.05,1896.2,Wallet,3
ORD04763,CUST0458,2025-05-16,Mumbai,Fashion,Running Shoes,2499,3,0.1,6747.3,Credit Card,7
ORD04764,CUST0625,2025-04-07,Ahmedabad,Beauty,Perfume,1499,3,0.1,4047.3,UPI,6
ORD04765,CUST0403,2025-04-05,Kolkata,Electronics,Bluetooth Speaker,1799,2,0.0,3598.0,Debit Card,7
ORD04766,CUST0736,2024-12-01,Mumbai,Electronics,Smart Watch,3999,2,0.05,7598.1,UPI,4
ORD04767,CUST0454,2025-09-01,Chennai,Fashion,Women's Handbag,1899,2,0.1,3418.2,Credit Card,5
ORD04768,CUST0242,2025-07-14,Bengaluru,Fashion,Running Shoes,2499,1,0.0,2499.0,UPI,3
ORD04769,CUST0262,2024-07-16,Mumbai,Electronics,Wireless Headphones,2499,2,0.0,4998.0,Cash on Delivery,2
ORD04770,CUST0611,2025-09-24,Mumbai,Beauty,Perfume,1499,1,0.0,1499.0,Debit Card,1
ORD04771,CUST0066,2024-11-18,Delhi,Fashion,Women's Handbag,1899,1,0.1,1709.1,Cash on Delivery,6
ORD04772,CUST0051,2025-04-16,Pune,Home & Kitchen,Coffee Maker,3499,1,0.0,3499.0,Debit Card,5
ORD04773,CUST0416,2025-07-23,Chennai,Home & Kitchen,Coffee Maker,3499,4,0.15,11896.6,UPI,2
ORD04774,CUST0316,2024-01-26,Kolkata,Home & Kitchen,Water Bottle,499,4,0.15,1696.6,Wallet,6
ORD04775,CUST0128,2024-03-04,Delhi,Electronics,Wireless Headphones,2499,1,0.15,2124.15,Debit Card,7
ORD04776,CUST0476,2025-02-15,Ahmedabad,Home & Kitchen,Bedsheet Set,1299,4,0.1,4676.4,Cash on Delivery,1
ORD04777,CUST0409,2025-08-01,Mumbai,Sports,Cricket Bat,1799,2,0.05,3418.1,UPI,4
ORD04778,CUST0433,2025-04-05,Kolkata,Electronics,Bluetooth Speaker,1799,2,0.0,3598.0,Debit Card,1
ORD04779,CUST0682,2024-06-05,Chennai,Beauty,Hair Dryer,1999,1,0.0,1999.0,Wallet,1
ORD04780,CUST0463,2024-11-08,Bengaluru,Home & Kitchen,Bedsheet Set,1299,3,0.0,3897.0,Cash on Delivery,4
ORD04781,CUST0633,2024-03-01,Hyderabad,Fashion,Women's Handbag,1899,2,0.0,3798.0,Wallet,6
ORD04782,CUST0569,2025-07-31,Ahmedabad,Fashion,Running Shoes,2499,3,0.15,6372.45,Credit Card,3
ORD04783,CUST0635,2024-06-24,Chennai,Sports,Cricket Bat,1799,2,0.1,3238.2,Credit Card,6
ORD04784,CUST0717,2024-06-16,Kolkata,Home & Kitchen,Bedsheet Set,1299,4,0.0,5196.0,UPI,7
ORD04785,CUST0732,2024-07-19,Kolkata,Sports,Yoga Mat,899,4,0.1,3236.4,Cash on Delivery,3
ORD04786,CUST0255,2025-04-10,Chennai,Sports,Cricket Bat,1799,3,0.0,5397.0,Debit Card,6
ORD04787,CUST0618,2024-09-02,Delhi,Beauty,Perfume,1499,3,0.0,4497.0,Wallet,6
ORD04788,CUST0160,2024-06-19,Ahmedabad,Sports,Cricket Bat,1799,4,0.1,6476.4,Credit Card,3
ORD04789,CUST0646,2025-02-03,Bengaluru,Fashion,Men's T-Shirt,799,3,0.0,2397.0,UPI,7
ORD04790,CUST0277,2024-09-08,Mumbai,Electronics,Smart Watch,3999,4,0.0,15996.0,UPI,3
ORD04791,CUST0262,2024-07-19,Hyderabad,Fashion,Men's T-Shirt,799,3,0.1,2157.3,Credit Card,7
ORD04792,CUST0570,2025-06-24,Pune,Beauty,Face Serum,999,4,0.0,3996.0,Credit Card,2
ORD04793,CUST0283,2024-10-17,Kolkata,Fashion,Women's Handbag,1899,4,0.0,7596.0,Debit Card,3
ORD04794,CUST0298,2024-10-04,Bengaluru,Electronics,Bluetooth Speaker,1799,3,0.0,5397.0,UPI,1
ORD04795,CUST0272,2025-08-12,Kolkata,Electronics,Smart Watch,3999,3,0.05,11397.15,Wallet,3
ORD04796,CUST0647,2024-03-23,Kolkata,Beauty,Perfume,1499,3,0.0,4497.0,Credit Card,7
ORD04797,CUST0376,2024-04-22,Delhi,Home & Kitchen,Coffee Maker,3499,2,0.15,5948.3,Credit Card,5
ORD04798,CUST0658,2025-05-17,Bengaluru,Electronics,Wireless Headphones,2499,4,0.05,9496.2,Debit Card,6
ORD04799,CUST0514,2025-09-02,Ahmedabad,Beauty,Hair Dryer,1999,2,0.15,3398.3,Credit Card,3
ORD04800,CUST0668,2024-08-07,Ahmedabad,Beauty,Perfume,1499,2,0.05,2848.1,Debit Card,7
ORD04801,CUST0063,2024-01-03,Ahmedabad,Sports,Yoga Mat,899,3,0.0,2697.0,Debit Card,7
ORD04802,CUST0226,2025-06-25,Kolkata,Electronics,Smart Watch,3999,3,0.0,11997.0,Cash on Delivery,5
ORD04803,CUST0477,2024-12-13,Bengaluru,Fashion,Running Shoes,2499,2,0.0,4998.0,Debit Card,3
ORD04804,CUST0144,2024-04-03,Kolkata,Fashion,Men's T-Shirt,799,1,0.15,679.15,Cash on Delivery,3
ORD04805,CUST0173,2025-01-28,Kolkata,Fashion,Running Shoes,2499,4,0.15,8496.6,Credit Card,6
ORD04806,CUST0014,2025-03-01,Pune,Electronics,Bluetooth Speaker,1799,1,0.05,1709.05,Cash on Delivery,6
ORD04807,CUST0610,2025-01-21,Pune,Sports,Cricket Bat,1799,1,0.0,1799.0,Credit Card,6
ORD04808,CUST0532,2024-03-06,Ahmedabad,Beauty,Hair Dryer,1999,1,0.0,1999.0,Wallet,6
ORD04809,CUST0080,2025-03-10,Kolkata,Electronics,Smart Watch,3999,3,0.0,11997.0,Cash on Delivery,1
ORD04810,CUST0169,2024-04-20,Hyderabad,Home & Kitchen,Bedsheet Set,1299,1,0.0,1299.0,UPI,2
ORD04811,CUST0261,2024-01-02,Mumbai,Fashion,Men's T-Shirt,799,4,0.0,3196.0,Credit Card,4
ORD04812,CUST0655,2024-08-20,Bengaluru,Fashion,Running Shoes,2499,4,0.15,8496.6,UPI,2
ORD04813,CUST0766,2024-09-27,Kolkata,Electronics,Bluetooth Speaker,1799,4,0.0,7196.0,Credit Card,3
ORD04814,CUST0620,2025-09-24,Ahmedabad,Electronics,Smart Watch,3999,4,0.1,14396.4,Wallet,3
ORD04815,CUST0087,2024-10-19,Kolkata,Fashion,Men's T-Shirt,799,1,0.0,799.0,Debit Card,2
ORD04816,CUST0501,2024-08-16,Bengaluru,Home & Kitchen,Coffee Maker,3499,1,0.1,3149.1,Credit Card,6
ORD04817,CUST0378,2025-08-15,Bengaluru,Sports,Cricket Bat,1799,1,0.05,1709.05,Wallet,6
ORD04818,CUST0676,2024-11-27,Ahmedabad,Home & Kitchen,Bedsheet Set,1299,3,0.1,3507.3,Cash on Delivery,2
ORD04819,CUST0030,2024-08-23,Hyderabad,Beauty,Perfume,1499,2,0.15,2548.3,Debit Card,4
ORD04820,CUST0214,2025-07-01,Pune,Beauty,Perfume,1499,4,0.15,5096.6,Cash on Delivery,4
ORD04821,CUST0378,2024-02-11,Chennai,Electronics,Smart Watch,3999,3,0.0,11997.0,Wallet,3
ORD04822,CUST0236,2024-10-14,Mumbai,Sports,Yoga Mat,899,3,0.0,2697.0,Credit Card,3
ORD04823,CUST0365,2025-06-27,Pune,Beauty,Perfume,1499,1,0.0,1499.0,Wallet,6
ORD04824,CUST0217,2025-03-05,Hyderabad,Beauty,Hair Dryer,1999,1,0.15,1699.15,Debit Card,6
ORD04825,CUST0084,2024-11-30,Bengaluru,Beauty,Hair Dryer,1999,1,0.1,1799.1,UPI,1
ORD04826,CUST0170,2025-02-02,Bengaluru,Electronics,Bluetooth Speaker,1799,3,0.0,5397.0,Cash on Delivery,3
ORD04827,CUST0354,2024-10-11,Kolkata,Home & Kitchen,Water Bottle,499,1,0.0,499.0,UPI,5
ORD04828,CUST0383,2025-02-19,Chennai,Home & Kitchen,Bedsheet Set,1299,2,0.05,2468.1,Debit Card,2
ORD04829,CUST0783,2025-04-09,Hyderabad,Home & Kitchen,Bedsheet Set,1299,2,0.1,2338.2,UPI,7
ORD04830,CUST0470,2024-11-26,Chennai,Beauty,Perfume,1499,4,0.05,5696.2,Cash on Delivery,7
ORD04831,CUST0078,2024-12-04,Bengaluru,Home & Kitchen,Bedsheet Set,1299,3,0.0,3897.0,Credit Card,3
ORD04832,CUST0656,2025-08-29,Mumbai,Sports,Cricket Bat,1799,4,0.1,6476.4,UPI,6
ORD04833,CUST0604,2025-05-06,Bengaluru,Beauty,Hair Dryer,1999,2,0.0,3998.0,Wallet,3
ORD04834,CUST0215,2024-06-14,Pune,Sports,Dumbbell Set,2999,4,0.05,11396.2,Cash on Delivery,3
ORD04835,CUST0230,2024-03-02,Hyderabad,Sports,Dumbbell Set,2999,1,0.0,2999.0,Debit Card,1
ORD04836,CUST0778,2024-09-25,Delhi,Beauty,Face Serum,999,1,0.15,849.15,Debit Card,5
ORD04837,CUST0578,2025-02-28,Hyderabad,Electronics,Wireless Headphones,2499,3,0.0,7497.0,Cash on Delivery,3
ORD04838,CUST0692,2024-07-25,Ahmedabad,Fashion,Running Shoes,2499,3,0.0,7497.0,Cash on Delivery,6
ORD04839,CUST0428,2024-10-18,Delhi,Fashion,Women's Handbag,1899,2,0.15,3228.3,Debit Card,2
ORD04840,CUST0061,2024-10-04,Hyderabad,Beauty,Perfume,1499,2,0.0,2998.0,Credit Card,1
ORD04841,CUST0079,2025-02-21,Delhi,Beauty,Face Serum,999,2,0.05,1898.1,Wallet,5
ORD04842,CUST0148,2025-04-04,Bengaluru,Beauty,Perfume,1499,4,0.0,5996.0,Cash on Delivery,3
ORD04843,CUST0294,2024-02-12,Delhi,Sports,Yoga Mat,899,2,0.15,1528.3,Wallet,1
ORD04844,CUST0208,2024-09-08,Chennai,Beauty,Face Serum,999,4,0.0,3996.0,UPI,5
ORD04845,CUST0666,2025-06-25,Kolkata,Home & Kitchen,Coffee Maker,3499,3,0.0,10497.0,Credit Card,4
ORD04846,CUST0204,2025-09-11,Delhi,Beauty,Face Serum,999,2,0.0,1998.0,Credit Card,4
ORD04847,CUST0033,2024-03-09,Chennai,Sports,Dumbbell Set,2999,1,0.0,2999.0,Cash on Delivery,4
ORD04848,CUST0246,2025-04-10,Pune,Beauty,Hair Dryer,1999,4,0.1,7196.4,Debit Card,7
ORD04849,CUST0306,2024-12-22,Hyderabad,Beauty,Hair Dryer,1999,3,0.05,5697.15,Wallet,1
ORD04850,CUST0713,2024-12-04,Kolkata,Fashion,Women's Handbag,1899,1,0.15,1614.15,Credit Card,3
ORD04851,CUST0640,2025-01-25,Chennai,Electronics,Wireless Headphones,2499,1,0.0,2499.0,Wallet,3
ORD04852,CUST0634,2025-07-04,Bengaluru,Home & Kitchen,Water Bottle,499,2,0.0,998.0,Credit Card,6
ORD04853,CUST0696,2025-01-08,Delhi,Fashion,Men's T-Shirt,799,1,0.0,799.0,Debit Card,6
ORD04854,CUST0024,2025-04-20,Bengaluru,Sports,Cricket Bat,1799,3,0.0,5397.0,Cash on Delivery,3
ORD04855,CUST0395,2024-01-15,Ahmedabad,Electronics,Smart Watch,3999,2,0.1,7198.2,Debit Card,6
ORD04856,CUST0520,2024-11-09,Ahmedabad,Electronics,Smart Watch,3999,1,0.05,3799.05,Cash on Delivery,2
ORD04857,CUST0753,2024-09-07,Kolkata,Electronics,Smart Watch,3999,3,0.15,10197.45,Credit Card,4
ORD04858,CUST0598,2024-06-27,Kolkata,Sports,Cricket Bat,1799,2,0.0,3598.0,UPI,4
ORD04859,CUST0172,2024-12-19,Mumbai,Sports,Cricket Bat,1799,4,0.0,7196.0,Credit Card,2
ORD04860,CUST0787,2025-04-18,Delhi,Home & Kitchen,Bedsheet Set,1299,2,0.1,2338.2,Credit Card,3
ORD04861,CUST0618,2025-07-26,Delhi,Sports,Yoga Mat,899,3,0.15,2292.45,Wallet,6
ORD04862,CUST0695,2025-01-28,Hyderabad,Sports,Cricket Bat,1799,3,0.0,5397.0,Wallet,5
ORD04863,CUST0673,2025-02-07,Kolkata,Electronics,Bluetooth Speaker,1799,3,0.05,5127.15,Debit Card,4
ORD04864,CUST0007,2025-08-21,Mumbai,Home & Kitchen,Coffee Maker,3499,2,0.0,6998.0,Debit Card,1
ORD04865,CUST0385,2025-06-22,Ahmedabad,Home & Kitchen,Water Bottle,499,3,0.0,1497.0,Wallet,3
ORD04866,CUST0515,2024-03-11,Ahmedabad,Home & Kitchen,Coffee Maker,3499,4,0.0,13996.0,Cash on Delivery,5
ORD04867,CUST0463,2025-01-19,Mumbai,Home & Kitchen,Water Bottle,499,1,0.05,474.05,Wallet,6
ORD04868,CUST0046,2024-12-17,Bengaluru,Fashion,Women's Handbag,1899,4,0.0,7596.0,Wallet,6
ORD04869,CUST0496,2025-04-17,Mumbai,Electronics,Wireless Headphones,2499,3,0.0,7497.0,Cash on Delivery,2
ORD04870,CUST0109,2024-09-11,Pune,Home & Kitchen,Bedsheet Set,1299,4,0.0,5196.0,UPI,2
ORD04871,CUST0131,2025-09-24,Delhi,Home & Kitchen,Water Bottle,499,4,0.15,1696.6,Cash on Delivery,3
ORD04872,CUST0354,2025-05-14,Kolkata,Home & Kitchen,Coffee Maker,3499,3,0.0,10497.0,Credit Card,6
ORD04873,CUST0773,2025-07-29,Pune,Sports,Dumbbell Set,2999,2,0.0,5998.0,Cash on Delivery,6
ORD04874,CUST0434,2024-02-23,Pune,Sports,Cricket Bat,1799,1,0.05,1709.05,Wallet,5
ORD04875,CUST0710,2024-04-22,Hyderabad,Electronics,Smart Watch,3999,3,0.1,10797.3,Debit Card,7
ORD04876,CUST0425,2025-03-07,Kolkata,Beauty,Perfume,1499,4,0.0,5996.0,UPI,5
ORD04877,CUST0418,2024-09-13,Mumbai,Fashion,Women's Handbag,1899,2,0.1,3418.2,Debit Card,5
ORD04878,CUST0074,2024-04-29,Chennai,Home & Kitchen,Coffee Maker,3499,1,0.1,3149.1,Credit Card,5
ORD04879,CUST0268,2024-05-14,Hyderabad,Home & Kitchen,Coffee Maker,3499,2,0.0,6998.0,UPI,5
ORD04880,CUST0069,2025-02-17,Bengaluru,Fashion,Women's Handbag,1899,4,0.15,6456.6,UPI,2
ORD04881,CUST0779,2025-07-25,Pune,Beauty,Perfume,1499,4,0.05,5696.2,Wallet,4
ORD04882,CUST0643,2025-06-03,Pune,Sports,Cricket Bat,1799,4,0.15,6116.6,Credit Card,1
ORD04883,CUST0166,2024-12-21,Ahmedabad,Sports,Cricket Bat,1799,2,0.0,3598.0,UPI,3
ORD04884,CUST0577,2024-12-21,Delhi,Fashion,Women's Handbag,1899,2,0.0,3798.0,Cash on Delivery,3
ORD04885,CUST0495,2024-05-17,Kolkata,Fashion,Men's T-Shirt,799,1,0.0,799.0,Cash on Delivery,5
ORD04886,CUST0111,2024-07-27,Delhi,Electronics,Wireless Headphones,2499,4,0.1,8996.4,Wallet,7
ORD04887,CUST0537,2024-01-18,Hyderabad,Sports,Cricket Bat,1799,2,0.1,3238.2,Debit Card,2
ORD04888,CUST0198,2024-06-26,Mumbai,Beauty,Face Serum,999,4,0.0,3996.0,Cash on Delivery,2
ORD04889,CUST0503,2024-12-27,Ahmedabad,Home & Kitchen,Coffee Maker,3499,4,0.0,13996.0,Debit Card,4
ORD04890,CUST0534,2025-09-14,Kolkata,Sports,Dumbbell Set,2999,3,0.0,8997.0,UPI,1
ORD04891,CUST0481,2024-06-12,Chennai,Home & Kitchen,Water Bottle,499,1,0.0,499.0,UPI,2
ORD04892,CUST0712,2024-11-07,Pune,Fashion,Women's Handbag,1899,2,0.1,3418.2,Credit Card,6
ORD04893,CUST0083,2025-02-27,Delhi,Home & Kitchen,Water Bottle,499,2,0.05,948.1,Wallet,5
ORD04894,CUST0704,2024-01-04,Pune,Fashion,Men's T-Shirt,799,2,0.15,1358.3,Wallet,3
ORD04895,CUST0576,2024-03-09,Hyderabad,Sports,Dumbbell Set,2999,4,0.0,11996.0,Credit Card,6
ORD04896,CUST0515,2024-06-16,Delhi,Electronics,Bluetooth Speaker,1799,1,0.0,1799.0,Cash on Delivery,4
ORD04897,CUST0395,2025-03-10,Pune,Sports,Yoga Mat,899,2,0.1,1618.2,Credit Card,4
ORD04898,CUST0076,2025-06-03,Chennai,Sports,Cricket Bat,1799,4,0.0,7196.0,Credit Card,4
ORD04899,CUST0198,2024-01-11,Chennai,Home & Kitchen,Bedsheet Set,1299,3,0.05,3702.15,Cash on Delivery,5
ORD04900,CUST0032,2024-10-11,Chennai,Electronics,Bluetooth Speaker,1799,2,0.15,3058.3,Cash on Delivery,3
ORD04901,CUST0160,2024-07-24,Kolkata,Fashion,Women's Handbag,1899,2,0.0,3798.0,Debit Card,2
ORD04902,CUST0101,2025-04-07,Hyderabad,Beauty,Perfume,1499,3,0.1,4047.3,UPI,7
ORD04903,CUST0466,2025-05-28,Mumbai,Fashion,Men's T-Shirt,799,3,0.1,2157.3,Cash on Delivery,7
ORD04904,CUST0291,2024-06-04,Kolkata,Electronics,Wireless Headphones,2499,4,0.05,9496.2,Wallet,5
ORD04905,CUST0518,2025-09-05,Chennai,Electronics,Bluetooth Speaker,1799,3,0.0,5397.0,Wallet,5
ORD04906,CUST0284,2024-05-03,Ahmedabad,Fashion,Men's T-Shirt,799,1,0.05,759.05,Cash on Delivery,4
ORD04907,CUST0744,2025-02-13,Delhi,Beauty,Hair Dryer,1999,1,0.0,1999.0,Cash on Delivery,7
ORD04908,CUST0521,2024-05-20,Bengaluru,Home & Kitchen,Coffee Maker,3499,4,0.05,13296.2,Credit Card,6
ORD04909,CUST0683,2025-07-31,Mumbai,Beauty,Face Serum,999,3,0.05,2847.15,Credit Card,5
ORD04910,CUST0195,2024-10-30,Kolkata,Home & Kitchen,Bedsheet Set,1299,3,0.15,3312.45,Debit Card,4
ORD04911,CUST0556,2024-08-31,Pune,Beauty,Hair Dryer,1999,4,0.0,7996.0,Debit Card,6
ORD04912,CUST0715,2024-04-02,Hyderabad,Home & Kitchen,Water Bottle,499,1,0.15,424.15,Wallet,3
ORD04913,CUST0146,2024-07-11,Chennai,Beauty,Perfume,1499,4,0.15,5096.6,Wallet,6
ORD04914,CUST0120,2024-01-16,Kolkata,Home & Kitchen,Bedsheet Set,1299,2,0.1,2338.2,UPI,2
ORD04915,CUST0576,2024-04-18,Hyderabad,Beauty,Face Serum,999,4,0.1,3596.4,Credit Card,4
ORD04916,CUST0449,2024-02-12,Bengaluru,Electronics,Bluetooth Speaker,1799,4,0.15,6116.6,UPI,6
ORD04917,CUST0563,2025-07-17,Delhi,Fashion,Men's T-Shirt,799,2,0.0,1598.0,UPI,2
ORD04918,CUST0439,2025-05-03,Chennai,Electronics,Bluetooth Speaker,1799,4,0.1,6476.4,Cash on Delivery,2
ORD04919,CUST0793,2024-10-29,Kolkata,Electronics,Wireless Headphones,2499,4,0.0,9996.0,Wallet,2
ORD04920,CUST0472,2024-01-01,Delhi,Beauty,Hair Dryer,1999,4,0.1,7196.4,Wallet,6
ORD04921,CUST0294,2025-05-17,Chennai,Electronics,Smart Watch,3999,4,0.05,15196.2,Wallet,4
ORD04922,CUST0401,2024-09-23,Ahmedabad,Beauty,Hair Dryer,1999,1,0.05,1899.05,Credit Card,5
ORD04923,CUST0006,2025-09-03,Hyderabad,Fashion,Men's T-Shirt,799,4,0.05,3036.2,Debit Card,4
ORD04924,CUST0774,2024-02-21,Hyderabad,Sports,Dumbbell Set,2999,4,0.0,11996.0,Wallet,5
ORD04925,CUST0339,2024-06-13,Chennai,Beauty,Perfume,1499,1,0.0,1499.0,UPI,2
ORD04926,CUST0324,2024-05-10,Kolkata,Sports,Yoga Mat,899,4,0.1,3236.4,Cash on Delivery,7
ORD04927,CUST0529,2024-12-01,Mumbai,Sports,Yoga Mat,899,1,0.15,764.15,Debit Card,1
ORD04928,CUST0623,2024-11-19,Ahmedabad,Electronics,Smart Watch,3999,4,0.0,15996.0,UPI,1
ORD04929,CUST0215,2025-04-06,Hyderabad,Electronics,Wireless Headphones,2499,1,0.0,2499.0,Debit Card,4
ORD04930,CUST0290,2025-05-23,Chennai,Beauty,Perfume,1499,2,0.05,2848.1,Cash on Delivery,7
ORD04931,CUST0283,2025-09-10,Delhi,Sports,Yoga Mat,899,1,0.15,764.15,Credit Card,1
ORD04932,CUST0510,2025-01-22,Delhi,Sports,Dumbbell Set,2999,3,0.15,7647.45,Wallet,2
ORD04933,CUST0301,2024-12-24,Bengaluru,Fashion,Men's T-Shirt,799,2,0.0,1598.0,Wallet,6
ORD04934,CUST0107,2024-03-10,Delhi,Home & Kitchen,Bedsheet Set,1299,2,0.05,2468.1,Wallet,6
ORD04935,CUST0766,2024-11-03,Mumbai,Electronics,Wireless Headphones,2499,3,0.15,6372.45,Wallet,3
ORD04936,CUST0322,2024-07-04,Ahmedabad,Fashion,Running Shoes,2499,3,0.0,7497.0,Wallet,5
ORD04937,CUST0572,2024-09-09,Ahmedabad,Sports,Yoga Mat,899,2,0.0,1798.0,Cash on Delivery,4
ORD04938,CUST0746,2024-06-18,Hyderabad,Beauty,Hair Dryer,1999,1,0.1,1799.1,UPI,2
ORD04939,CUST0482,2025-09-18,Chennai,Home & Kitchen,Water Bottle,499,2,0.15,848.3,Wallet,4
ORD04940,CUST0103,2025-06-24,Chennai,Home & Kitchen,Coffee Maker,3499,2,0.0,6998.0,Cash on Delivery,2
ORD04941,CUST0723,2025-04-03,Mumbai,Fashion,Running Shoes,2499,2,0.15,4248.3,Credit Card,4
ORD04942,CUST0126,2025-04-28,Hyderabad,Beauty,Face Serum,999,2,0.0,1998.0,Debit Card,5
ORD04943,CUST0229,2024-08-15,Delhi,Electronics,Bluetooth Speaker,1799,3,0.0,5397.0,UPI,7
ORD04944,CUST0449,2024-12-15,Ahmedabad,Beauty,Perfume,1499,4,0.0,5996.0,Cash on Delivery,7
ORD04945,CUST0722,2024-05-19,Bengaluru,Beauty,Hair Dryer,1999,1,0.15,1699.15,UPI,7
ORD04946,CUST0328,2025-03-30,Ahmedabad,Fashion,Men's T-Shirt,799,2,0.15,1358.3,Debit Card,1
ORD04947,CUST0215,2024-01-14,Pune,Home & Kitchen,Bedsheet Set,1299,2,0.0,2598.0,UPI,4
ORD04948,CUST0659,2025-08-31,Bengaluru,Beauty,Hair Dryer,1999,4,0.0,7996.0,Debit Card,7
ORD04949,CUST0350,2024-11-27,Ahmedabad,Sports,Cricket Bat,1799,2,0.1,3238.2,UPI,2
ORD04950,CUST0715,2024-09-21,Hyderabad,Beauty,Hair Dryer,1999,4,0.1,7196.4,UPI,6
ORD04951,CUST0784,2024-12-30,Bengaluru,Home & Kitchen,Coffee Maker,3499,2,0.1,6298.2,Debit Card,4
ORD04952,CUST0738,2024-05-22,Pune,Home & Kitchen,Coffee Maker,3499,2,0.05,6648.1,Wallet,5
ORD04953,CUST0107,2025-01-09,Delhi,Electronics,Bluetooth Speaker,1799,1,0.15,1529.15,UPI,3
ORD04954,CUST0353,2025-07-10,Delhi,Beauty,Hair Dryer,1999,2,0.0,3998.0,Debit Card,4
ORD04955,CUST0665,2024-02-07,Hyderabad,Beauty,Hair Dryer,1999,4,0.1,7196.4,UPI,6
ORD04956,CUST0208,2025-07-11,Chennai,Beauty,Perfume,1499,1,0.15,1274.15,UPI,7
ORD04957,CUST0720,2024-11-27,Mumbai,Sports,Yoga Mat,899,3,0.1,2427.3,Credit Card,7
ORD04958,CUST0641,2024-09-11,Kolkata,Beauty,Hair Dryer,1999,4,0.0,7996.0,Debit Card,4
ORD04959,CUST0592,2025-07-07,Bengaluru,Fashion,Running Shoes,2499,2,0.0,4998.0,Credit Card,3
ORD04960,CUST0463,2024-11-24,Mumbai,Sports,Cricket Bat,1799,2,0.05,3418.1,Debit Card,1
ORD04961,CUST0413,2024-05-16,Chennai,Home & Kitchen,Coffee Maker,3499,4,0.15,11896.6,Wallet,5
ORD04962,CUST0694,2024-10-02,Bengaluru,Electronics,Bluetooth Speaker,1799,2,0.0,3598.0,Cash on Delivery,1
ORD04963,CUST0648,2025-06-07,Pune,Beauty,Face Serum,999,4,0.0,3996.0,Wallet,4
ORD04964,CUST0648,2024-08-08,Ahmedabad,Home & Kitchen,Coffee Maker,3499,4,0.0,13996.0,UPI,2
ORD04965,CUST0776,2025-07-27,Ahmedabad,Sports,Cricket Bat,1799,3,0.1,4857.3,Credit Card,4
ORD04966,CUST0159,2025-09-17,Bengaluru,Sports,Yoga Mat,899,2,0.0,1798.0,Wallet,3
ORD04967,CUST0523,2024-05-22,Mumbai,Electronics,Bluetooth Speaker,1799,2,0.0,3598.0,Cash on Delivery,2
ORD04968,CUST0370,2025-05-28,Kolkata,Home & Kitchen,Water Bottle,499,3,0.0,1497.0,Debit Card,3
ORD04969,CUST0543,2025-07-05,Chennai,Home & Kitchen,Water Bottle,499,2,0.05,948.1,UPI,3
ORD04970,CUST0231,2025-02-15,Mumbai,Electronics,Wireless Headphones,2499,2,0.05,4748.1,Credit Card,2
ORD04971,CUST0335,2024-07-14,Kolkata,Sports,Yoga Mat,899,4,0.1,3236.4,Wallet,1
ORD04972,CUST0103,2025-03-29,Pune,Home & Kitchen,Coffee Maker,3499,4,0.05,13296.2,Wallet,5
ORD04973,CUST0152,2024-07-18,Hyderabad,Beauty,Perfume,1499,2,0.0,2998.0,UPI,5
ORD04974,CUST0396,2024-11-17,Kolkata,Beauty,Face Serum,999,4,0.15,3396.6,Credit Card,3
ORD04975,CUST0180,2025-07-05,Chennai,Beauty,Hair Dryer,1999,1,0.15,1699.15,UPI,5
ORD04976,CUST0613,2025-06-17,Kolkata,Fashion,Women's Handbag,1899,4,0.0,7596.0,Cash on Delivery,4
ORD04977,CUST0208,2025-02-10,Chennai,Fashion,Women's Handbag,1899,2,0.0,3798.0,UPI,7
ORD04978,CUST0481,2024-04-15,Bengaluru,Sports,Cricket Bat,1799,4,0.0,7196.0,Cash on Delivery,2
ORD04979,CUST0320,2025-02-18,Mumbai,Sports,Yoga Mat,899,2,0.0,1798.0,Wallet,7
ORD04980,CUST0083,2025-08-07,Delhi,Home & Kitchen,Bedsheet Set,1299,4,0.05,4936.2,Cash on Delivery,7
ORD04981,CUST0098,2024-08-22,Mumbai,Fashion,Women's Handbag,1899,2,0.0,3798.0,UPI,4
ORD04982,CUST0770,2024-07-02,Bengaluru,Beauty,Face Serum,999,4,0.1,3596.4,Wallet,3
ORD04983,CUST0769,2024-10-24,Mumbai,Home & Kitchen,Coffee Maker,3499,3,0.0,10497.0,Wallet,6
ORD04984,CUST0589,2024-06-15,Hyderabad,Home & Kitchen,Coffee Maker,3499,4,0.0,13996.0,UPI,7
ORD04985,CUST0540,2024-11-15,Pune,Electronics,Bluetooth Speaker,1799,1,0.15,1529.15,UPI,1
ORD04986,CUST0188,2024-03-02,Pune,Beauty,Perfume,1499,4,0.0,5996.0,UPI,3
ORD04987,CUST0269,2025-03-28,Hyderabad,Beauty,Perfume,1499,1,0.0,1499.0,Credit Card,5
ORD04988,CUST0285,2024-11-15,Delhi,Sports,Yoga Mat,899,4,0.0,3596.0,UPI,4
ORD04989,CUST0295,2025-07-11,Hyderabad,Beauty,Perfume,1499,4,0.15,5096.6,Cash on Delivery,7
ORD04990,CUST0058,2024-12-23,Bengaluru,Fashion,Men's T-Shirt,799,1,0.1,719.1,Debit Card,2
ORD04991,CUST0761,2024-09-29,Kolkata,Fashion,Running Shoes,2499,2,0.05,4748.1,UPI,4
ORD04992,CUST0632,2024-06-24,Hyderabad,Electronics,Wireless Headphones,2499,1,0.1,2249.1,UPI,2
ORD04993,CUST0436,2024-02-01,Pune,Fashion,Running Shoes,2499,1,0.05,2374.05,Cash on Delivery,1
ORD04994,CUST0673,2024-08-15,Chennai,Home & Kitchen,Bedsheet Set,1299,3,0.0,3897.0,UPI,4
ORD04995,CUST0366,2024-11-20,Kolkata,Electronics,Smart Watch,3999,4,0.15,13596.6,UPI,2
ORD04996,CUST0183,2025-08-15,Bengaluru,Sports,Dumbbell Set,2999,2,0.05,5698.1,UPI,7
ORD04997,CUST0049,2024-07-04,Hyderabad,Fashion,Running Shoes,2499,1,0.05,2374.05,Credit Card,1
ORD04998,CUST0428,2024-06-10,Pune,Beauty,Hair Dryer,1999,1,0.0,1999.0,Credit Card,3
ORD04999,CUST0730,2024-08-21,Bengaluru,Electronics,Smart Watch,3999,1,0.1,3599.1,Debit Card,6
ORD05000,CUST0245,2024-10-29,Mumbai,Sports,Yoga Mat,899,2,0.15,1528.3,Credit Card,7
